-- MySQL dump 10.13  Distrib 5.7.44, for osx10.19 (x86_64)
--
-- Host: 127.0.0.1    Database: ninico
-- ------------------------------------------------------
-- Server version	8.0.36

/*!40101 SET @OLD_CHARACTER_SET_CLIENT=@@CHARACTER_SET_CLIENT */;
/*!40101 SET @OLD_CHARACTER_SET_RESULTS=@@CHARACTER_SET_RESULTS */;
/*!40101 SET @OLD_COLLATION_CONNECTION=@@COLLATION_CONNECTION */;
/*!40101 SET NAMES utf8 */;
/*!40103 SET @OLD_TIME_ZONE=@@TIME_ZONE */;
/*!40103 SET TIME_ZONE='+00:00' */;
/*!40014 SET @OLD_UNIQUE_CHECKS=@@UNIQUE_CHECKS, UNIQUE_CHECKS=0 */;
/*!40014 SET @OLD_FOREIGN_KEY_CHECKS=@@FOREIGN_KEY_CHECKS, FOREIGN_KEY_CHECKS=0 */;
/*!40101 SET @OLD_SQL_MODE=@@SQL_MODE, SQL_MODE='NO_AUTO_VALUE_ON_ZERO' */;
/*!40111 SET @OLD_SQL_NOTES=@@SQL_NOTES, SQL_NOTES=0 */;

--
-- Table structure for table `activations`
--

DROP TABLE IF EXISTS `activations`;
/*!40101 SET @saved_cs_client     = @@character_set_client */;
/*!40101 SET character_set_client = utf8 */;
CREATE TABLE `activations` (
  `id` bigint unsigned NOT NULL AUTO_INCREMENT,
  `user_id` bigint unsigned NOT NULL,
  `code` varchar(120) COLLATE utf8mb4_unicode_ci NOT NULL,
  `completed` tinyint(1) NOT NULL DEFAULT '0',
  `completed_at` timestamp NULL DEFAULT NULL,
  `created_at` timestamp NULL DEFAULT NULL,
  `updated_at` timestamp NULL DEFAULT NULL,
  PRIMARY KEY (`id`),
  KEY `activations_user_id_index` (`user_id`)
) ENGINE=InnoDB AUTO_INCREMENT=2 DEFAULT CHARSET=utf8mb4 COLLATE=utf8mb4_unicode_ci;
/*!40101 SET character_set_client = @saved_cs_client */;

--
-- Dumping data for table `activations`
--

LOCK TABLES `activations` WRITE;
/*!40000 ALTER TABLE `activations` DISABLE KEYS */;
INSERT INTO `activations` VALUES (1,1,'rItUrb0YPGZH2aZ9J3HvLKBufbTcT4Pg',1,'2024-11-20 02:45:27','2024-11-20 02:45:27','2024-11-20 02:45:27');
/*!40000 ALTER TABLE `activations` ENABLE KEYS */;
UNLOCK TABLES;

--
-- Table structure for table `admin_notifications`
--

DROP TABLE IF EXISTS `admin_notifications`;
/*!40101 SET @saved_cs_client     = @@character_set_client */;
/*!40101 SET character_set_client = utf8 */;
CREATE TABLE `admin_notifications` (
  `id` bigint unsigned NOT NULL AUTO_INCREMENT,
  `title` varchar(191) COLLATE utf8mb4_unicode_ci NOT NULL,
  `action_label` varchar(191) COLLATE utf8mb4_unicode_ci DEFAULT NULL,
  `action_url` varchar(191) COLLATE utf8mb4_unicode_ci DEFAULT NULL,
  `description` varchar(400) COLLATE utf8mb4_unicode_ci DEFAULT NULL,
  `read_at` timestamp NULL DEFAULT NULL,
  `created_at` timestamp NULL DEFAULT NULL,
  `updated_at` timestamp NULL DEFAULT NULL,
  `permission` varchar(191) COLLATE utf8mb4_unicode_ci DEFAULT NULL,
  PRIMARY KEY (`id`)
) ENGINE=InnoDB DEFAULT CHARSET=utf8mb4 COLLATE=utf8mb4_unicode_ci;
/*!40101 SET character_set_client = @saved_cs_client */;

--
-- Dumping data for table `admin_notifications`
--

LOCK TABLES `admin_notifications` WRITE;
/*!40000 ALTER TABLE `admin_notifications` DISABLE KEYS */;
/*!40000 ALTER TABLE `admin_notifications` ENABLE KEYS */;
UNLOCK TABLES;

--
-- Table structure for table `ads`
--

DROP TABLE IF EXISTS `ads`;
/*!40101 SET @saved_cs_client     = @@character_set_client */;
/*!40101 SET character_set_client = utf8 */;
CREATE TABLE `ads` (
  `id` bigint unsigned NOT NULL AUTO_INCREMENT,
  `name` varchar(191) COLLATE utf8mb4_unicode_ci NOT NULL,
  `expired_at` datetime DEFAULT NULL,
  `location` varchar(120) COLLATE utf8mb4_unicode_ci DEFAULT NULL,
  `key` varchar(120) COLLATE utf8mb4_unicode_ci NOT NULL,
  `image` varchar(191) COLLATE utf8mb4_unicode_ci DEFAULT NULL,
  `url` varchar(191) COLLATE utf8mb4_unicode_ci DEFAULT NULL,
  `clicked` bigint NOT NULL DEFAULT '0',
  `order` int DEFAULT '0',
  `status` varchar(60) COLLATE utf8mb4_unicode_ci NOT NULL DEFAULT 'published',
  `created_at` timestamp NULL DEFAULT NULL,
  `updated_at` timestamp NULL DEFAULT NULL,
  `open_in_new_tab` tinyint(1) NOT NULL DEFAULT '1',
  `tablet_image` varchar(191) COLLATE utf8mb4_unicode_ci DEFAULT NULL,
  `mobile_image` varchar(191) COLLATE utf8mb4_unicode_ci DEFAULT NULL,
  `ads_type` varchar(191) COLLATE utf8mb4_unicode_ci DEFAULT NULL,
  `google_adsense_slot_id` varchar(191) COLLATE utf8mb4_unicode_ci DEFAULT NULL,
  PRIMARY KEY (`id`),
  UNIQUE KEY `ads_key_unique` (`key`)
) ENGINE=InnoDB AUTO_INCREMENT=10 DEFAULT CHARSET=utf8mb4 COLLATE=utf8mb4_unicode_ci;
/*!40101 SET character_set_client = @saved_cs_client */;

--
-- Dumping data for table `ads`
--

LOCK TABLES `ads` WRITE;
/*!40000 ALTER TABLE `ads` DISABLE KEYS */;
INSERT INTO `ads` VALUES (1,'New Modern & Stylist <br> Crafts','2027-11-20 09:45:35',NULL,'IYHICPADQD5X','sliders/banner-slider-01.jpg','/products',0,1,'published','2024-11-20 02:45:35','2024-11-20 02:45:35',1,NULL,NULL,NULL,NULL),(2,'Popular Energy with our <br> newest collection','2028-11-20 09:45:35',NULL,'R4YAV9FECJUS','sliders/banner-slider-02.jpg','/products',0,2,'published','2024-11-20 02:45:35','2024-11-20 02:45:35',1,NULL,NULL,NULL,NULL),(3,'Winter <br> Exclusive In','2026-11-20 09:45:35',NULL,'QPTCBJBOJOSY','banners/banner-offer-01.jpg','/products',0,3,'published','2024-11-20 02:45:35','2024-11-20 02:45:35',1,NULL,NULL,NULL,NULL),(4,'50% Offer','2026-11-20 09:45:35',NULL,'T2VFLDYYIJEH','banners/banner-offer-02.jpg','/products',0,4,'published','2024-11-20 02:45:35','2024-11-20 02:45:35',1,NULL,NULL,NULL,NULL),(5,'New Modern & Stylist <br> Crafts','2029-11-20 09:45:35',NULL,'JO7LLJHFH1RO','banners/banner-03-01.jpg','/products',0,5,'published','2024-11-20 02:45:35','2024-11-20 02:45:35',1,NULL,NULL,NULL,NULL),(6,'Lamp <br> Collections','2025-11-20 09:45:35',NULL,'L8GDJUBVD2TQ','banners/banner-03-02.jpg','/products',0,6,'published','2024-11-20 02:45:35','2024-11-20 02:45:35',1,NULL,NULL,NULL,NULL),(7,'Minimal Chair','2025-11-20 09:45:35',NULL,'PXJPAXLOCVRS','banners/banner-03-03.jpg','/products',0,7,'published','2024-11-20 02:45:35','2024-11-20 02:45:35',1,NULL,NULL,NULL,NULL),(8,'100% Fresh Product <br> Every Hour','2026-11-20 09:45:35',NULL,'EMRCINED6AX9','sliders/slider-05-banner-1.jpg','/products',0,8,'published','2024-11-20 02:45:35','2024-11-20 02:45:35',1,NULL,NULL,NULL,NULL),(9,'100% Fresh Product <br> Every Hour','2028-11-20 09:45:35',NULL,'JVMDAIB9HO2I','sliders/slider-05-banner-1.jpg','/products',0,9,'published','2024-11-20 02:45:35','2024-11-20 02:45:35',1,NULL,NULL,NULL,NULL);
/*!40000 ALTER TABLE `ads` ENABLE KEYS */;
UNLOCK TABLES;

--
-- Table structure for table `ads_translations`
--

DROP TABLE IF EXISTS `ads_translations`;
/*!40101 SET @saved_cs_client     = @@character_set_client */;
/*!40101 SET character_set_client = utf8 */;
CREATE TABLE `ads_translations` (
  `lang_code` varchar(191) COLLATE utf8mb4_unicode_ci NOT NULL,
  `ads_id` bigint unsigned NOT NULL,
  `name` varchar(191) COLLATE utf8mb4_unicode_ci DEFAULT NULL,
  `image` varchar(191) COLLATE utf8mb4_unicode_ci DEFAULT NULL,
  `url` varchar(191) COLLATE utf8mb4_unicode_ci DEFAULT NULL,
  PRIMARY KEY (`lang_code`,`ads_id`)
) ENGINE=InnoDB DEFAULT CHARSET=utf8mb4 COLLATE=utf8mb4_unicode_ci;
/*!40101 SET character_set_client = @saved_cs_client */;

--
-- Dumping data for table `ads_translations`
--

LOCK TABLES `ads_translations` WRITE;
/*!40000 ALTER TABLE `ads_translations` DISABLE KEYS */;
/*!40000 ALTER TABLE `ads_translations` ENABLE KEYS */;
UNLOCK TABLES;

--
-- Table structure for table `announcements`
--

DROP TABLE IF EXISTS `announcements`;
/*!40101 SET @saved_cs_client     = @@character_set_client */;
/*!40101 SET character_set_client = utf8 */;
CREATE TABLE `announcements` (
  `id` bigint unsigned NOT NULL AUTO_INCREMENT,
  `name` varchar(191) COLLATE utf8mb4_unicode_ci NOT NULL,
  `content` text COLLATE utf8mb4_unicode_ci NOT NULL,
  `has_action` tinyint(1) NOT NULL DEFAULT '0',
  `action_label` varchar(60) COLLATE utf8mb4_unicode_ci DEFAULT NULL,
  `action_url` varchar(400) COLLATE utf8mb4_unicode_ci DEFAULT NULL,
  `action_open_new_tab` tinyint(1) NOT NULL DEFAULT '0',
  `dismissible` tinyint(1) NOT NULL DEFAULT '0',
  `start_date` datetime DEFAULT NULL,
  `end_date` datetime DEFAULT NULL,
  `is_active` tinyint(1) NOT NULL DEFAULT '1',
  `created_at` timestamp NULL DEFAULT NULL,
  `updated_at` timestamp NULL DEFAULT NULL,
  PRIMARY KEY (`id`)
) ENGINE=InnoDB AUTO_INCREMENT=4 DEFAULT CHARSET=utf8mb4 COLLATE=utf8mb4_unicode_ci;
/*!40101 SET character_set_client = @saved_cs_client */;

--
-- Dumping data for table `announcements`
--

LOCK TABLES `announcements` WRITE;
/*!40000 ALTER TABLE `announcements` DISABLE KEYS */;
INSERT INTO `announcements` VALUES (1,'Announcement 1','<strong>Welcome to our international shop! Enjoy free shipping on orders $100 & up</strong>',1,'Shop now','/',0,1,'2024-11-20 09:45:52',NULL,1,'2024-11-20 02:45:52','2024-11-20 02:45:52'),(2,'Announcement 2','<strong>Trendy 25 silver jewelry, save up 35% off today</strong>',1,'Shop now','/',0,1,'2024-11-20 09:45:52',NULL,1,'2024-11-20 02:45:52','2024-11-20 02:45:52'),(3,'Announcement 3','<strong>Black Friday and Cyber Monday 2023 Deals for Motion Designers, grab it now!</strong>',1,'Shop now','/',0,1,'2024-11-20 09:45:52',NULL,1,'2024-11-20 02:45:52','2024-11-20 02:45:52');
/*!40000 ALTER TABLE `announcements` ENABLE KEYS */;
UNLOCK TABLES;

--
-- Table structure for table `announcements_translations`
--

DROP TABLE IF EXISTS `announcements_translations`;
/*!40101 SET @saved_cs_client     = @@character_set_client */;
/*!40101 SET character_set_client = utf8 */;
CREATE TABLE `announcements_translations` (
  `lang_code` varchar(191) COLLATE utf8mb4_unicode_ci NOT NULL,
  `announcements_id` bigint unsigned NOT NULL,
  `content` text COLLATE utf8mb4_unicode_ci,
  PRIMARY KEY (`lang_code`,`announcements_id`)
) ENGINE=InnoDB DEFAULT CHARSET=utf8mb4 COLLATE=utf8mb4_unicode_ci;
/*!40101 SET character_set_client = @saved_cs_client */;

--
-- Dumping data for table `announcements_translations`
--

LOCK TABLES `announcements_translations` WRITE;
/*!40000 ALTER TABLE `announcements_translations` DISABLE KEYS */;
/*!40000 ALTER TABLE `announcements_translations` ENABLE KEYS */;
UNLOCK TABLES;

--
-- Table structure for table `audit_histories`
--

DROP TABLE IF EXISTS `audit_histories`;
/*!40101 SET @saved_cs_client     = @@character_set_client */;
/*!40101 SET character_set_client = utf8 */;
CREATE TABLE `audit_histories` (
  `id` bigint unsigned NOT NULL AUTO_INCREMENT,
  `user_id` bigint unsigned NOT NULL,
  `module` varchar(60) COLLATE utf8mb4_unicode_ci NOT NULL,
  `request` longtext COLLATE utf8mb4_unicode_ci,
  `action` varchar(120) COLLATE utf8mb4_unicode_ci NOT NULL,
  `user_agent` text COLLATE utf8mb4_unicode_ci,
  `ip_address` varchar(45) COLLATE utf8mb4_unicode_ci DEFAULT NULL,
  `reference_user` bigint unsigned NOT NULL,
  `reference_id` bigint unsigned NOT NULL,
  `reference_name` varchar(191) COLLATE utf8mb4_unicode_ci NOT NULL,
  `type` varchar(20) COLLATE utf8mb4_unicode_ci NOT NULL,
  `created_at` timestamp NULL DEFAULT NULL,
  `updated_at` timestamp NULL DEFAULT NULL,
  PRIMARY KEY (`id`),
  KEY `audit_histories_user_id_index` (`user_id`),
  KEY `audit_histories_module_index` (`module`)
) ENGINE=InnoDB DEFAULT CHARSET=utf8mb4 COLLATE=utf8mb4_unicode_ci;
/*!40101 SET character_set_client = @saved_cs_client */;

--
-- Dumping data for table `audit_histories`
--

LOCK TABLES `audit_histories` WRITE;
/*!40000 ALTER TABLE `audit_histories` DISABLE KEYS */;
/*!40000 ALTER TABLE `audit_histories` ENABLE KEYS */;
UNLOCK TABLES;

--
-- Table structure for table `categories`
--

DROP TABLE IF EXISTS `categories`;
/*!40101 SET @saved_cs_client     = @@character_set_client */;
/*!40101 SET character_set_client = utf8 */;
CREATE TABLE `categories` (
  `id` bigint unsigned NOT NULL AUTO_INCREMENT,
  `name` varchar(120) COLLATE utf8mb4_unicode_ci NOT NULL,
  `parent_id` bigint unsigned NOT NULL DEFAULT '0',
  `description` varchar(400) COLLATE utf8mb4_unicode_ci DEFAULT NULL,
  `status` varchar(60) COLLATE utf8mb4_unicode_ci NOT NULL DEFAULT 'published',
  `author_id` bigint unsigned DEFAULT NULL,
  `author_type` varchar(191) COLLATE utf8mb4_unicode_ci NOT NULL DEFAULT 'Botble\\ACL\\Models\\User',
  `icon` varchar(60) COLLATE utf8mb4_unicode_ci DEFAULT NULL,
  `order` int unsigned NOT NULL DEFAULT '0',
  `is_featured` tinyint NOT NULL DEFAULT '0',
  `is_default` tinyint unsigned NOT NULL DEFAULT '0',
  `created_at` timestamp NULL DEFAULT NULL,
  `updated_at` timestamp NULL DEFAULT NULL,
  PRIMARY KEY (`id`),
  KEY `categories_parent_id_index` (`parent_id`),
  KEY `categories_status_index` (`status`),
  KEY `categories_created_at_index` (`created_at`)
) ENGINE=InnoDB AUTO_INCREMENT=5 DEFAULT CHARSET=utf8mb4 COLLATE=utf8mb4_unicode_ci;
/*!40101 SET character_set_client = @saved_cs_client */;

--
-- Dumping data for table `categories`
--

LOCK TABLES `categories` WRITE;
/*!40000 ALTER TABLE `categories` DISABLE KEYS */;
INSERT INTO `categories` VALUES (1,'Ecommerce',0,'Minus omnis voluptatibus ea maxime quasi voluptate repudiandae expedita. Doloribus consectetur dolorem officiis quasi dicta corrupti. Laborum animi ullam perspiciatis porro eveniet.','published',1,'Botble\\ACL\\Models\\User',NULL,0,0,0,'2024-11-20 02:45:29','2024-11-20 02:45:29'),(2,'Fashion',0,'Ad molestiae dolorem ut distinctio alias. Vel consectetur neque deserunt rem dolorem et rerum. Rerum delectus deserunt aut voluptate placeat.','published',1,'Botble\\ACL\\Models\\User',NULL,0,1,0,'2024-11-20 02:45:29','2024-11-20 02:45:29'),(3,'Electronic',0,'Sed in repudiandae dolorem nihil sed asperiores. Quisquam fuga quis quidem reprehenderit. Omnis pariatur sit voluptas earum.','published',1,'Botble\\ACL\\Models\\User',NULL,0,1,0,'2024-11-20 02:45:29','2024-11-20 02:45:29'),(4,'Commercial',0,'Fuga porro sapiente qui repellat laudantium. Reprehenderit dignissimos impedit doloremque molestiae. Nam fuga occaecati aut. Modi pariatur sed ea voluptatibus.','published',1,'Botble\\ACL\\Models\\User',NULL,0,1,0,'2024-11-20 02:45:29','2024-11-20 02:45:29');
/*!40000 ALTER TABLE `categories` ENABLE KEYS */;
UNLOCK TABLES;

--
-- Table structure for table `categories_translations`
--

DROP TABLE IF EXISTS `categories_translations`;
/*!40101 SET @saved_cs_client     = @@character_set_client */;
/*!40101 SET character_set_client = utf8 */;
CREATE TABLE `categories_translations` (
  `lang_code` varchar(20) COLLATE utf8mb4_unicode_ci NOT NULL,
  `categories_id` bigint unsigned NOT NULL,
  `name` varchar(191) COLLATE utf8mb4_unicode_ci DEFAULT NULL,
  `description` varchar(400) COLLATE utf8mb4_unicode_ci DEFAULT NULL,
  PRIMARY KEY (`lang_code`,`categories_id`)
) ENGINE=InnoDB DEFAULT CHARSET=utf8mb4 COLLATE=utf8mb4_unicode_ci;
/*!40101 SET character_set_client = @saved_cs_client */;

--
-- Dumping data for table `categories_translations`
--

LOCK TABLES `categories_translations` WRITE;
/*!40000 ALTER TABLE `categories_translations` DISABLE KEYS */;
/*!40000 ALTER TABLE `categories_translations` ENABLE KEYS */;
UNLOCK TABLES;

--
-- Table structure for table `cities`
--

DROP TABLE IF EXISTS `cities`;
/*!40101 SET @saved_cs_client     = @@character_set_client */;
/*!40101 SET character_set_client = utf8 */;
CREATE TABLE `cities` (
  `id` bigint unsigned NOT NULL AUTO_INCREMENT,
  `name` varchar(120) COLLATE utf8mb4_unicode_ci NOT NULL,
  `slug` varchar(120) COLLATE utf8mb4_unicode_ci DEFAULT NULL,
  `state_id` bigint unsigned DEFAULT NULL,
  `country_id` bigint unsigned DEFAULT NULL,
  `record_id` varchar(40) COLLATE utf8mb4_unicode_ci DEFAULT NULL,
  `order` tinyint NOT NULL DEFAULT '0',
  `image` varchar(191) COLLATE utf8mb4_unicode_ci DEFAULT NULL,
  `is_default` tinyint unsigned NOT NULL DEFAULT '0',
  `status` varchar(60) COLLATE utf8mb4_unicode_ci NOT NULL DEFAULT 'published',
  `created_at` timestamp NULL DEFAULT NULL,
  `updated_at` timestamp NULL DEFAULT NULL,
  PRIMARY KEY (`id`),
  UNIQUE KEY `cities_slug_unique` (`slug`)
) ENGINE=InnoDB DEFAULT CHARSET=utf8mb4 COLLATE=utf8mb4_unicode_ci;
/*!40101 SET character_set_client = @saved_cs_client */;

--
-- Dumping data for table `cities`
--

LOCK TABLES `cities` WRITE;
/*!40000 ALTER TABLE `cities` DISABLE KEYS */;
/*!40000 ALTER TABLE `cities` ENABLE KEYS */;
UNLOCK TABLES;

--
-- Table structure for table `cities_translations`
--

DROP TABLE IF EXISTS `cities_translations`;
/*!40101 SET @saved_cs_client     = @@character_set_client */;
/*!40101 SET character_set_client = utf8 */;
CREATE TABLE `cities_translations` (
  `lang_code` varchar(20) COLLATE utf8mb4_unicode_ci NOT NULL,
  `cities_id` bigint unsigned NOT NULL,
  `name` varchar(120) COLLATE utf8mb4_unicode_ci DEFAULT NULL,
  `slug` varchar(120) COLLATE utf8mb4_unicode_ci DEFAULT NULL,
  PRIMARY KEY (`lang_code`,`cities_id`)
) ENGINE=InnoDB DEFAULT CHARSET=utf8mb4 COLLATE=utf8mb4_unicode_ci;
/*!40101 SET character_set_client = @saved_cs_client */;

--
-- Dumping data for table `cities_translations`
--

LOCK TABLES `cities_translations` WRITE;
/*!40000 ALTER TABLE `cities_translations` DISABLE KEYS */;
/*!40000 ALTER TABLE `cities_translations` ENABLE KEYS */;
UNLOCK TABLES;

--
-- Table structure for table `contact_custom_field_options`
--

DROP TABLE IF EXISTS `contact_custom_field_options`;
/*!40101 SET @saved_cs_client     = @@character_set_client */;
/*!40101 SET character_set_client = utf8 */;
CREATE TABLE `contact_custom_field_options` (
  `id` bigint unsigned NOT NULL AUTO_INCREMENT,
  `custom_field_id` bigint unsigned NOT NULL,
  `label` varchar(191) COLLATE utf8mb4_unicode_ci DEFAULT NULL,
  `value` varchar(191) COLLATE utf8mb4_unicode_ci NOT NULL,
  `order` int NOT NULL DEFAULT '999',
  `created_at` timestamp NULL DEFAULT NULL,
  `updated_at` timestamp NULL DEFAULT NULL,
  PRIMARY KEY (`id`)
) ENGINE=InnoDB DEFAULT CHARSET=utf8mb4 COLLATE=utf8mb4_unicode_ci;
/*!40101 SET character_set_client = @saved_cs_client */;

--
-- Dumping data for table `contact_custom_field_options`
--

LOCK TABLES `contact_custom_field_options` WRITE;
/*!40000 ALTER TABLE `contact_custom_field_options` DISABLE KEYS */;
/*!40000 ALTER TABLE `contact_custom_field_options` ENABLE KEYS */;
UNLOCK TABLES;

--
-- Table structure for table `contact_custom_field_options_translations`
--

DROP TABLE IF EXISTS `contact_custom_field_options_translations`;
/*!40101 SET @saved_cs_client     = @@character_set_client */;
/*!40101 SET character_set_client = utf8 */;
CREATE TABLE `contact_custom_field_options_translations` (
  `contact_custom_field_options_id` bigint unsigned NOT NULL,
  `lang_code` varchar(191) COLLATE utf8mb4_unicode_ci NOT NULL,
  `label` varchar(191) COLLATE utf8mb4_unicode_ci DEFAULT NULL,
  `value` varchar(191) COLLATE utf8mb4_unicode_ci DEFAULT NULL,
  PRIMARY KEY (`lang_code`,`contact_custom_field_options_id`)
) ENGINE=InnoDB DEFAULT CHARSET=utf8mb4 COLLATE=utf8mb4_unicode_ci;
/*!40101 SET character_set_client = @saved_cs_client */;

--
-- Dumping data for table `contact_custom_field_options_translations`
--

LOCK TABLES `contact_custom_field_options_translations` WRITE;
/*!40000 ALTER TABLE `contact_custom_field_options_translations` DISABLE KEYS */;
/*!40000 ALTER TABLE `contact_custom_field_options_translations` ENABLE KEYS */;
UNLOCK TABLES;

--
-- Table structure for table `contact_custom_fields`
--

DROP TABLE IF EXISTS `contact_custom_fields`;
/*!40101 SET @saved_cs_client     = @@character_set_client */;
/*!40101 SET character_set_client = utf8 */;
CREATE TABLE `contact_custom_fields` (
  `id` bigint unsigned NOT NULL AUTO_INCREMENT,
  `type` varchar(191) COLLATE utf8mb4_unicode_ci NOT NULL,
  `required` tinyint(1) NOT NULL DEFAULT '0',
  `name` varchar(191) COLLATE utf8mb4_unicode_ci NOT NULL,
  `placeholder` varchar(191) COLLATE utf8mb4_unicode_ci DEFAULT NULL,
  `order` int NOT NULL DEFAULT '999',
  `status` varchar(191) COLLATE utf8mb4_unicode_ci NOT NULL DEFAULT 'published',
  `created_at` timestamp NULL DEFAULT NULL,
  `updated_at` timestamp NULL DEFAULT NULL,
  PRIMARY KEY (`id`)
) ENGINE=InnoDB DEFAULT CHARSET=utf8mb4 COLLATE=utf8mb4_unicode_ci;
/*!40101 SET character_set_client = @saved_cs_client */;

--
-- Dumping data for table `contact_custom_fields`
--

LOCK TABLES `contact_custom_fields` WRITE;
/*!40000 ALTER TABLE `contact_custom_fields` DISABLE KEYS */;
/*!40000 ALTER TABLE `contact_custom_fields` ENABLE KEYS */;
UNLOCK TABLES;

--
-- Table structure for table `contact_custom_fields_translations`
--

DROP TABLE IF EXISTS `contact_custom_fields_translations`;
/*!40101 SET @saved_cs_client     = @@character_set_client */;
/*!40101 SET character_set_client = utf8 */;
CREATE TABLE `contact_custom_fields_translations` (
  `contact_custom_fields_id` bigint unsigned NOT NULL,
  `lang_code` varchar(191) COLLATE utf8mb4_unicode_ci NOT NULL,
  `name` varchar(191) COLLATE utf8mb4_unicode_ci DEFAULT NULL,
  `placeholder` varchar(191) COLLATE utf8mb4_unicode_ci DEFAULT NULL,
  PRIMARY KEY (`lang_code`,`contact_custom_fields_id`)
) ENGINE=InnoDB DEFAULT CHARSET=utf8mb4 COLLATE=utf8mb4_unicode_ci;
/*!40101 SET character_set_client = @saved_cs_client */;

--
-- Dumping data for table `contact_custom_fields_translations`
--

LOCK TABLES `contact_custom_fields_translations` WRITE;
/*!40000 ALTER TABLE `contact_custom_fields_translations` DISABLE KEYS */;
/*!40000 ALTER TABLE `contact_custom_fields_translations` ENABLE KEYS */;
UNLOCK TABLES;

--
-- Table structure for table `contact_replies`
--

DROP TABLE IF EXISTS `contact_replies`;
/*!40101 SET @saved_cs_client     = @@character_set_client */;
/*!40101 SET character_set_client = utf8 */;
CREATE TABLE `contact_replies` (
  `id` bigint unsigned NOT NULL AUTO_INCREMENT,
  `message` longtext COLLATE utf8mb4_unicode_ci NOT NULL,
  `contact_id` bigint unsigned NOT NULL,
  `created_at` timestamp NULL DEFAULT NULL,
  `updated_at` timestamp NULL DEFAULT NULL,
  PRIMARY KEY (`id`)
) ENGINE=InnoDB DEFAULT CHARSET=utf8mb4 COLLATE=utf8mb4_unicode_ci;
/*!40101 SET character_set_client = @saved_cs_client */;

--
-- Dumping data for table `contact_replies`
--

LOCK TABLES `contact_replies` WRITE;
/*!40000 ALTER TABLE `contact_replies` DISABLE KEYS */;
/*!40000 ALTER TABLE `contact_replies` ENABLE KEYS */;
UNLOCK TABLES;

--
-- Table structure for table `contacts`
--

DROP TABLE IF EXISTS `contacts`;
/*!40101 SET @saved_cs_client     = @@character_set_client */;
/*!40101 SET character_set_client = utf8 */;
CREATE TABLE `contacts` (
  `id` bigint unsigned NOT NULL AUTO_INCREMENT,
  `name` varchar(60) COLLATE utf8mb4_unicode_ci NOT NULL,
  `email` varchar(60) COLLATE utf8mb4_unicode_ci DEFAULT NULL,
  `phone` varchar(60) COLLATE utf8mb4_unicode_ci DEFAULT NULL,
  `address` varchar(120) COLLATE utf8mb4_unicode_ci DEFAULT NULL,
  `subject` varchar(120) COLLATE utf8mb4_unicode_ci DEFAULT NULL,
  `content` longtext COLLATE utf8mb4_unicode_ci NOT NULL,
  `custom_fields` text COLLATE utf8mb4_unicode_ci,
  `status` varchar(60) COLLATE utf8mb4_unicode_ci NOT NULL DEFAULT 'unread',
  `created_at` timestamp NULL DEFAULT NULL,
  `updated_at` timestamp NULL DEFAULT NULL,
  PRIMARY KEY (`id`)
) ENGINE=InnoDB DEFAULT CHARSET=utf8mb4 COLLATE=utf8mb4_unicode_ci;
/*!40101 SET character_set_client = @saved_cs_client */;

--
-- Dumping data for table `contacts`
--

LOCK TABLES `contacts` WRITE;
/*!40000 ALTER TABLE `contacts` DISABLE KEYS */;
/*!40000 ALTER TABLE `contacts` ENABLE KEYS */;
UNLOCK TABLES;

--
-- Table structure for table `countries`
--

DROP TABLE IF EXISTS `countries`;
/*!40101 SET @saved_cs_client     = @@character_set_client */;
/*!40101 SET character_set_client = utf8 */;
CREATE TABLE `countries` (
  `id` bigint unsigned NOT NULL AUTO_INCREMENT,
  `name` varchar(120) COLLATE utf8mb4_unicode_ci NOT NULL,
  `nationality` varchar(120) COLLATE utf8mb4_unicode_ci DEFAULT NULL,
  `order` tinyint NOT NULL DEFAULT '0',
  `image` varchar(191) COLLATE utf8mb4_unicode_ci DEFAULT NULL,
  `is_default` tinyint unsigned NOT NULL DEFAULT '0',
  `status` varchar(60) COLLATE utf8mb4_unicode_ci NOT NULL DEFAULT 'published',
  `created_at` timestamp NULL DEFAULT NULL,
  `updated_at` timestamp NULL DEFAULT NULL,
  `code` varchar(10) COLLATE utf8mb4_unicode_ci DEFAULT NULL,
  PRIMARY KEY (`id`)
) ENGINE=InnoDB DEFAULT CHARSET=utf8mb4 COLLATE=utf8mb4_unicode_ci;
/*!40101 SET character_set_client = @saved_cs_client */;

--
-- Dumping data for table `countries`
--

LOCK TABLES `countries` WRITE;
/*!40000 ALTER TABLE `countries` DISABLE KEYS */;
/*!40000 ALTER TABLE `countries` ENABLE KEYS */;
UNLOCK TABLES;

--
-- Table structure for table `countries_translations`
--

DROP TABLE IF EXISTS `countries_translations`;
/*!40101 SET @saved_cs_client     = @@character_set_client */;
/*!40101 SET character_set_client = utf8 */;
CREATE TABLE `countries_translations` (
  `lang_code` varchar(20) COLLATE utf8mb4_unicode_ci NOT NULL,
  `countries_id` bigint unsigned NOT NULL,
  `name` varchar(120) COLLATE utf8mb4_unicode_ci DEFAULT NULL,
  `nationality` varchar(120) COLLATE utf8mb4_unicode_ci DEFAULT NULL,
  PRIMARY KEY (`lang_code`,`countries_id`)
) ENGINE=InnoDB DEFAULT CHARSET=utf8mb4 COLLATE=utf8mb4_unicode_ci;
/*!40101 SET character_set_client = @saved_cs_client */;

--
-- Dumping data for table `countries_translations`
--

LOCK TABLES `countries_translations` WRITE;
/*!40000 ALTER TABLE `countries_translations` DISABLE KEYS */;
/*!40000 ALTER TABLE `countries_translations` ENABLE KEYS */;
UNLOCK TABLES;

--
-- Table structure for table `dashboard_widget_settings`
--

DROP TABLE IF EXISTS `dashboard_widget_settings`;
/*!40101 SET @saved_cs_client     = @@character_set_client */;
/*!40101 SET character_set_client = utf8 */;
CREATE TABLE `dashboard_widget_settings` (
  `id` bigint unsigned NOT NULL AUTO_INCREMENT,
  `settings` text COLLATE utf8mb4_unicode_ci,
  `user_id` bigint unsigned NOT NULL,
  `widget_id` bigint unsigned NOT NULL,
  `order` tinyint unsigned NOT NULL DEFAULT '0',
  `status` tinyint unsigned NOT NULL DEFAULT '1',
  `created_at` timestamp NULL DEFAULT NULL,
  `updated_at` timestamp NULL DEFAULT NULL,
  PRIMARY KEY (`id`),
  KEY `dashboard_widget_settings_user_id_index` (`user_id`),
  KEY `dashboard_widget_settings_widget_id_index` (`widget_id`)
) ENGINE=InnoDB DEFAULT CHARSET=utf8mb4 COLLATE=utf8mb4_unicode_ci;
/*!40101 SET character_set_client = @saved_cs_client */;

--
-- Dumping data for table `dashboard_widget_settings`
--

LOCK TABLES `dashboard_widget_settings` WRITE;
/*!40000 ALTER TABLE `dashboard_widget_settings` DISABLE KEYS */;
/*!40000 ALTER TABLE `dashboard_widget_settings` ENABLE KEYS */;
UNLOCK TABLES;

--
-- Table structure for table `dashboard_widgets`
--

DROP TABLE IF EXISTS `dashboard_widgets`;
/*!40101 SET @saved_cs_client     = @@character_set_client */;
/*!40101 SET character_set_client = utf8 */;
CREATE TABLE `dashboard_widgets` (
  `id` bigint unsigned NOT NULL AUTO_INCREMENT,
  `name` varchar(120) COLLATE utf8mb4_unicode_ci NOT NULL,
  `created_at` timestamp NULL DEFAULT NULL,
  `updated_at` timestamp NULL DEFAULT NULL,
  PRIMARY KEY (`id`)
) ENGINE=InnoDB DEFAULT CHARSET=utf8mb4 COLLATE=utf8mb4_unicode_ci;
/*!40101 SET character_set_client = @saved_cs_client */;

--
-- Dumping data for table `dashboard_widgets`
--

LOCK TABLES `dashboard_widgets` WRITE;
/*!40000 ALTER TABLE `dashboard_widgets` DISABLE KEYS */;
/*!40000 ALTER TABLE `dashboard_widgets` ENABLE KEYS */;
UNLOCK TABLES;

--
-- Table structure for table `ec_brands`
--

DROP TABLE IF EXISTS `ec_brands`;
/*!40101 SET @saved_cs_client     = @@character_set_client */;
/*!40101 SET character_set_client = utf8 */;
CREATE TABLE `ec_brands` (
  `id` bigint unsigned NOT NULL AUTO_INCREMENT,
  `name` varchar(191) COLLATE utf8mb4_unicode_ci NOT NULL,
  `description` mediumtext COLLATE utf8mb4_unicode_ci,
  `website` varchar(191) COLLATE utf8mb4_unicode_ci DEFAULT NULL,
  `logo` varchar(191) COLLATE utf8mb4_unicode_ci DEFAULT NULL,
  `status` varchar(60) COLLATE utf8mb4_unicode_ci NOT NULL DEFAULT 'published',
  `order` tinyint unsigned NOT NULL DEFAULT '0',
  `is_featured` tinyint unsigned NOT NULL DEFAULT '0',
  `created_at` timestamp NULL DEFAULT NULL,
  `updated_at` timestamp NULL DEFAULT NULL,
  PRIMARY KEY (`id`)
) ENGINE=InnoDB AUTO_INCREMENT=7 DEFAULT CHARSET=utf8mb4 COLLATE=utf8mb4_unicode_ci;
/*!40101 SET character_set_client = @saved_cs_client */;

--
-- Dumping data for table `ec_brands`
--

LOCK TABLES `ec_brands` WRITE;
/*!40000 ALTER TABLE `ec_brands` DISABLE KEYS */;
INSERT INTO `ec_brands` VALUES (1,'Fashion live',NULL,NULL,'brands/brand-01.png','published',0,0,'2024-11-20 02:45:36','2024-11-20 02:45:36'),(2,'Hand crafted',NULL,NULL,'brands/brand-02.png','published',1,0,'2024-11-20 02:45:36','2024-11-20 02:45:36'),(3,'Mestonix',NULL,NULL,'brands/brand-03.png','published',2,0,'2024-11-20 02:45:36','2024-11-20 02:45:36'),(4,'Sunshine',NULL,NULL,'brands/brand-04.png','published',3,0,'2024-11-20 02:45:36','2024-11-20 02:45:36'),(5,'Pure',NULL,NULL,'brands/brand-05.png','published',4,1,'2024-11-20 02:45:36','2024-11-20 02:45:36'),(6,'Anfold',NULL,NULL,'brands/brand-06.png','published',5,0,'2024-11-20 02:45:36','2024-11-20 02:45:36');
/*!40000 ALTER TABLE `ec_brands` ENABLE KEYS */;
UNLOCK TABLES;

--
-- Table structure for table `ec_brands_translations`
--

DROP TABLE IF EXISTS `ec_brands_translations`;
/*!40101 SET @saved_cs_client     = @@character_set_client */;
/*!40101 SET character_set_client = utf8 */;
CREATE TABLE `ec_brands_translations` (
  `lang_code` varchar(191) COLLATE utf8mb4_unicode_ci NOT NULL,
  `ec_brands_id` bigint unsigned NOT NULL,
  `name` varchar(191) COLLATE utf8mb4_unicode_ci DEFAULT NULL,
  `description` mediumtext COLLATE utf8mb4_unicode_ci,
  PRIMARY KEY (`lang_code`,`ec_brands_id`)
) ENGINE=InnoDB DEFAULT CHARSET=utf8mb4 COLLATE=utf8mb4_unicode_ci;
/*!40101 SET character_set_client = @saved_cs_client */;

--
-- Dumping data for table `ec_brands_translations`
--

LOCK TABLES `ec_brands_translations` WRITE;
/*!40000 ALTER TABLE `ec_brands_translations` DISABLE KEYS */;
/*!40000 ALTER TABLE `ec_brands_translations` ENABLE KEYS */;
UNLOCK TABLES;

--
-- Table structure for table `ec_cart`
--

DROP TABLE IF EXISTS `ec_cart`;
/*!40101 SET @saved_cs_client     = @@character_set_client */;
/*!40101 SET character_set_client = utf8 */;
CREATE TABLE `ec_cart` (
  `identifier` varchar(60) COLLATE utf8mb4_unicode_ci NOT NULL,
  `instance` varchar(60) COLLATE utf8mb4_unicode_ci NOT NULL,
  `content` longtext COLLATE utf8mb4_unicode_ci NOT NULL,
  `created_at` timestamp NULL DEFAULT NULL,
  `updated_at` timestamp NULL DEFAULT NULL,
  PRIMARY KEY (`identifier`,`instance`)
) ENGINE=InnoDB DEFAULT CHARSET=utf8mb4 COLLATE=utf8mb4_unicode_ci;
/*!40101 SET character_set_client = @saved_cs_client */;

--
-- Dumping data for table `ec_cart`
--

LOCK TABLES `ec_cart` WRITE;
/*!40000 ALTER TABLE `ec_cart` DISABLE KEYS */;
/*!40000 ALTER TABLE `ec_cart` ENABLE KEYS */;
UNLOCK TABLES;

--
-- Table structure for table `ec_currencies`
--

DROP TABLE IF EXISTS `ec_currencies`;
/*!40101 SET @saved_cs_client     = @@character_set_client */;
/*!40101 SET character_set_client = utf8 */;
CREATE TABLE `ec_currencies` (
  `id` bigint unsigned NOT NULL AUTO_INCREMENT,
  `title` varchar(191) COLLATE utf8mb4_unicode_ci NOT NULL,
  `symbol` varchar(10) COLLATE utf8mb4_unicode_ci NOT NULL,
  `is_prefix_symbol` tinyint unsigned NOT NULL DEFAULT '0',
  `decimals` tinyint unsigned DEFAULT '0',
  `order` int unsigned DEFAULT '0',
  `is_default` tinyint NOT NULL DEFAULT '0',
  `exchange_rate` double NOT NULL DEFAULT '1',
  `created_at` timestamp NULL DEFAULT NULL,
  `updated_at` timestamp NULL DEFAULT NULL,
  PRIMARY KEY (`id`)
) ENGINE=InnoDB AUTO_INCREMENT=5 DEFAULT CHARSET=utf8mb4 COLLATE=utf8mb4_unicode_ci;
/*!40101 SET character_set_client = @saved_cs_client */;

--
-- Dumping data for table `ec_currencies`
--

LOCK TABLES `ec_currencies` WRITE;
/*!40000 ALTER TABLE `ec_currencies` DISABLE KEYS */;
INSERT INTO `ec_currencies` VALUES (1,'USD','$',1,2,0,1,1,'2024-11-20 02:45:27','2024-11-20 02:45:27'),(2,'EUR','€',0,2,1,0,0.84,'2024-11-20 02:45:27','2024-11-20 02:45:27'),(3,'VND','₫',0,0,2,0,23203,'2024-11-20 02:45:27','2024-11-20 02:45:27'),(4,'NGN','₦',1,2,2,0,895.52,'2024-11-20 02:45:27','2024-11-20 02:45:27');
/*!40000 ALTER TABLE `ec_currencies` ENABLE KEYS */;
UNLOCK TABLES;

--
-- Table structure for table `ec_customer_addresses`
--

DROP TABLE IF EXISTS `ec_customer_addresses`;
/*!40101 SET @saved_cs_client     = @@character_set_client */;
/*!40101 SET character_set_client = utf8 */;
CREATE TABLE `ec_customer_addresses` (
  `id` bigint unsigned NOT NULL AUTO_INCREMENT,
  `name` varchar(191) COLLATE utf8mb4_unicode_ci NOT NULL,
  `email` varchar(60) COLLATE utf8mb4_unicode_ci DEFAULT NULL,
  `phone` varchar(20) COLLATE utf8mb4_unicode_ci DEFAULT NULL,
  `country` varchar(120) COLLATE utf8mb4_unicode_ci DEFAULT NULL,
  `state` varchar(120) COLLATE utf8mb4_unicode_ci DEFAULT NULL,
  `city` varchar(120) COLLATE utf8mb4_unicode_ci DEFAULT NULL,
  `address` varchar(191) COLLATE utf8mb4_unicode_ci DEFAULT NULL,
  `customer_id` bigint unsigned NOT NULL,
  `is_default` tinyint unsigned NOT NULL DEFAULT '0',
  `created_at` timestamp NULL DEFAULT NULL,
  `updated_at` timestamp NULL DEFAULT NULL,
  `zip_code` varchar(20) COLLATE utf8mb4_unicode_ci DEFAULT NULL,
  PRIMARY KEY (`id`)
) ENGINE=InnoDB AUTO_INCREMENT=13 DEFAULT CHARSET=utf8mb4 COLLATE=utf8mb4_unicode_ci;
/*!40101 SET character_set_client = @saved_cs_client */;

--
-- Dumping data for table `ec_customer_addresses`
--

LOCK TABLES `ec_customer_addresses` WRITE;
/*!40000 ALTER TABLE `ec_customer_addresses` DISABLE KEYS */;
INSERT INTO `ec_customer_addresses` VALUES (1,'Destinee Stanton DDS','customer@botble.com','+19132939572','KI','New Jersey','Glennastad','486 Mallory Trail',1,1,'2024-11-20 02:45:48','2024-11-20 02:45:48','01128-0667'),(2,'Destinee Stanton DDS','customer@botble.com','+19402787411','TV','North Dakota','Zachariahberg','77733 Wintheiser Crescent',1,0,'2024-11-20 02:45:48','2024-11-20 02:45:48','13470'),(3,'Freda Ondricka','john.smith@botble.com','+12129649836','CZ','South Carolina','North Filiberto','85588 Ruby Creek Suite 845',2,1,'2024-11-20 02:45:49','2024-11-20 02:45:49','98459'),(4,'Freda Ondricka','john.smith@botble.com','+13073290376','PM','Indiana','Lake Holden','49553 Noble Squares Suite 337',2,0,'2024-11-20 02:45:49','2024-11-20 02:45:49','06447-6274'),(5,'Gina Heller','prohaska.samson@example.com','+17548104767','PK','North Carolina','Horaciomouth','6777 Lilly Run Apt. 833',3,1,'2024-11-20 02:45:49','2024-11-20 02:45:49','83025'),(6,'Prof. Oliver Toy','fgleason@example.org','+15082469349','YE','Louisiana','Nicolasburgh','44163 Evans Keys',4,1,'2024-11-20 02:45:49','2024-11-20 02:45:49','75766'),(7,'Mr. Agustin Padberg III','jannie.waters@example.org','+15203855605','TJ','Connecticut','Hackettton','7654 Cormier Extensions Suite 603',5,1,'2024-11-20 02:45:49','2024-11-20 02:45:49','17585'),(8,'Gudrun Howell','estrella42@example.org','+16827605611','NZ','New Jersey','Letitiaport','5074 Rice Valley',6,1,'2024-11-20 02:45:50','2024-11-20 02:45:50','64376-3472'),(9,'Janiya Nitzsche','yschuster@example.com','+18013386695','ET','Arkansas','Littelberg','92958 Frankie Forge Apt. 073',7,1,'2024-11-20 02:45:50','2024-11-20 02:45:50','66086-9805'),(10,'Prof. Pearl Moen I','smith.catalina@example.net','+13412106385','ER','Delaware','North Tad','3981 Dare Glen Apt. 718',8,1,'2024-11-20 02:45:50','2024-11-20 02:45:50','38330-7972'),(11,'Donato Kuhn','hosea.gislason@example.org','+15758946393','FK','Nebraska','Lake Haileemouth','6633 Cynthia Landing Apt. 418',9,1,'2024-11-20 02:45:50','2024-11-20 02:45:50','63767-4001'),(12,'Miss Melba Morar','savanah.harris@example.org','+13349982496','AL','New Hampshire','Cronaton','5909 Leanna Points',10,1,'2024-11-20 02:45:51','2024-11-20 02:45:51','84025');
/*!40000 ALTER TABLE `ec_customer_addresses` ENABLE KEYS */;
UNLOCK TABLES;

--
-- Table structure for table `ec_customer_deletion_requests`
--

DROP TABLE IF EXISTS `ec_customer_deletion_requests`;
/*!40101 SET @saved_cs_client     = @@character_set_client */;
/*!40101 SET character_set_client = utf8 */;
CREATE TABLE `ec_customer_deletion_requests` (
  `id` bigint unsigned NOT NULL AUTO_INCREMENT,
  `customer_id` bigint unsigned NOT NULL,
  `customer_name` varchar(191) COLLATE utf8mb4_unicode_ci DEFAULT NULL,
  `customer_phone` varchar(191) COLLATE utf8mb4_unicode_ci DEFAULT NULL,
  `customer_email` varchar(191) COLLATE utf8mb4_unicode_ci DEFAULT NULL,
  `token` varchar(191) COLLATE utf8mb4_unicode_ci NOT NULL,
  `status` varchar(50) COLLATE utf8mb4_unicode_ci NOT NULL DEFAULT 'waiting_for_confirmation',
  `reason` text COLLATE utf8mb4_unicode_ci,
  `confirmed_at` datetime DEFAULT NULL,
  `created_at` timestamp NULL DEFAULT NULL,
  `updated_at` timestamp NULL DEFAULT NULL,
  PRIMARY KEY (`id`),
  UNIQUE KEY `ec_customer_deletion_requests_token_unique` (`token`)
) ENGINE=InnoDB DEFAULT CHARSET=utf8mb4 COLLATE=utf8mb4_unicode_ci;
/*!40101 SET character_set_client = @saved_cs_client */;

--
-- Dumping data for table `ec_customer_deletion_requests`
--

LOCK TABLES `ec_customer_deletion_requests` WRITE;
/*!40000 ALTER TABLE `ec_customer_deletion_requests` DISABLE KEYS */;
/*!40000 ALTER TABLE `ec_customer_deletion_requests` ENABLE KEYS */;
UNLOCK TABLES;

--
-- Table structure for table `ec_customer_password_resets`
--

DROP TABLE IF EXISTS `ec_customer_password_resets`;
/*!40101 SET @saved_cs_client     = @@character_set_client */;
/*!40101 SET character_set_client = utf8 */;
CREATE TABLE `ec_customer_password_resets` (
  `email` varchar(191) COLLATE utf8mb4_unicode_ci NOT NULL,
  `token` varchar(191) COLLATE utf8mb4_unicode_ci NOT NULL,
  `created_at` timestamp NULL DEFAULT NULL,
  KEY `ec_customer_password_resets_email_index` (`email`),
  KEY `ec_customer_password_resets_token_index` (`token`)
) ENGINE=InnoDB DEFAULT CHARSET=utf8mb4 COLLATE=utf8mb4_unicode_ci;
/*!40101 SET character_set_client = @saved_cs_client */;

--
-- Dumping data for table `ec_customer_password_resets`
--

LOCK TABLES `ec_customer_password_resets` WRITE;
/*!40000 ALTER TABLE `ec_customer_password_resets` DISABLE KEYS */;
/*!40000 ALTER TABLE `ec_customer_password_resets` ENABLE KEYS */;
UNLOCK TABLES;

--
-- Table structure for table `ec_customer_recently_viewed_products`
--

DROP TABLE IF EXISTS `ec_customer_recently_viewed_products`;
/*!40101 SET @saved_cs_client     = @@character_set_client */;
/*!40101 SET character_set_client = utf8 */;
CREATE TABLE `ec_customer_recently_viewed_products` (
  `id` bigint unsigned NOT NULL AUTO_INCREMENT,
  `customer_id` bigint unsigned NOT NULL,
  `product_id` bigint unsigned NOT NULL,
  PRIMARY KEY (`id`)
) ENGINE=InnoDB DEFAULT CHARSET=utf8mb4 COLLATE=utf8mb4_unicode_ci;
/*!40101 SET character_set_client = @saved_cs_client */;

--
-- Dumping data for table `ec_customer_recently_viewed_products`
--

LOCK TABLES `ec_customer_recently_viewed_products` WRITE;
/*!40000 ALTER TABLE `ec_customer_recently_viewed_products` DISABLE KEYS */;
/*!40000 ALTER TABLE `ec_customer_recently_viewed_products` ENABLE KEYS */;
UNLOCK TABLES;

--
-- Table structure for table `ec_customer_used_coupons`
--

DROP TABLE IF EXISTS `ec_customer_used_coupons`;
/*!40101 SET @saved_cs_client     = @@character_set_client */;
/*!40101 SET character_set_client = utf8 */;
CREATE TABLE `ec_customer_used_coupons` (
  `discount_id` bigint unsigned NOT NULL,
  `customer_id` bigint unsigned NOT NULL,
  PRIMARY KEY (`discount_id`,`customer_id`)
) ENGINE=InnoDB DEFAULT CHARSET=utf8mb4 COLLATE=utf8mb4_unicode_ci;
/*!40101 SET character_set_client = @saved_cs_client */;

--
-- Dumping data for table `ec_customer_used_coupons`
--

LOCK TABLES `ec_customer_used_coupons` WRITE;
/*!40000 ALTER TABLE `ec_customer_used_coupons` DISABLE KEYS */;
/*!40000 ALTER TABLE `ec_customer_used_coupons` ENABLE KEYS */;
UNLOCK TABLES;

--
-- Table structure for table `ec_customers`
--

DROP TABLE IF EXISTS `ec_customers`;
/*!40101 SET @saved_cs_client     = @@character_set_client */;
/*!40101 SET character_set_client = utf8 */;
CREATE TABLE `ec_customers` (
  `id` bigint unsigned NOT NULL AUTO_INCREMENT,
  `name` varchar(191) COLLATE utf8mb4_unicode_ci NOT NULL,
  `email` varchar(191) COLLATE utf8mb4_unicode_ci DEFAULT NULL,
  `password` varchar(191) COLLATE utf8mb4_unicode_ci NOT NULL,
  `avatar` varchar(191) COLLATE utf8mb4_unicode_ci DEFAULT NULL,
  `dob` date DEFAULT NULL,
  `phone` varchar(20) COLLATE utf8mb4_unicode_ci DEFAULT NULL,
  `remember_token` varchar(100) COLLATE utf8mb4_unicode_ci DEFAULT NULL,
  `created_at` timestamp NULL DEFAULT NULL,
  `updated_at` timestamp NULL DEFAULT NULL,
  `confirmed_at` datetime DEFAULT NULL,
  `email_verify_token` varchar(120) COLLATE utf8mb4_unicode_ci DEFAULT NULL,
  `status` varchar(60) COLLATE utf8mb4_unicode_ci NOT NULL DEFAULT 'activated',
  `private_notes` text COLLATE utf8mb4_unicode_ci,
  PRIMARY KEY (`id`),
  UNIQUE KEY `ec_customers_email_unique` (`email`)
) ENGINE=InnoDB AUTO_INCREMENT=11 DEFAULT CHARSET=utf8mb4 COLLATE=utf8mb4_unicode_ci;
/*!40101 SET character_set_client = @saved_cs_client */;

--
-- Dumping data for table `ec_customers`
--

LOCK TABLES `ec_customers` WRITE;
/*!40000 ALTER TABLE `ec_customers` DISABLE KEYS */;
INSERT INTO `ec_customers` VALUES (1,'Destinee Stanton DDS','customer@botble.com','$2y$12$wU7CXylqW3aDpw.o.qw1aOVmJAODzN067uujsawPnXqk2YEsi/.3e','customers/7.jpg','2004-10-30','+16784292524',NULL,'2024-11-20 02:45:48','2024-11-20 02:45:48','2024-11-20 09:45:48',NULL,'activated',NULL),(2,'Freda Ondricka','john.smith@botble.com','$2y$12$pZRNXTUY1JjHL0Q45yLtlubnBG1f0CPOo8Wi76C2wdseIBQp5l2T.','customers/7.jpg','1994-11-02','+16788598905',NULL,'2024-11-20 02:45:49','2024-11-20 02:45:49','2024-11-20 09:45:49',NULL,'activated',NULL),(3,'Gina Heller','prohaska.samson@example.com','$2y$12$t995THGBYIRTs4ijgaq6KutYYqY3rpAGXtbHSixfIu7EhK2QBLSU6','customers/1.jpg','1988-10-27','+16072947260',NULL,'2024-11-20 02:45:49','2024-11-20 02:45:49','2024-11-20 09:45:49',NULL,'activated',NULL),(4,'Prof. Oliver Toy','fgleason@example.org','$2y$12$689Dk5hp0Oayx5.oyvgY2O5PrPG3kXzwRInFjUThNM/bvaIjbVUyu','customers/2.jpg','1985-10-25','+12053401191',NULL,'2024-11-20 02:45:49','2024-11-20 02:45:49','2024-11-20 09:45:49',NULL,'activated',NULL),(5,'Mr. Agustin Padberg III','jannie.waters@example.org','$2y$12$zTDRYeBqY6NQKr0lU2N8VefAtgNjrXOpjXSGzkVzmOTqdNvIqRAxi','customers/3.jpg','1975-11-14','+18283053915',NULL,'2024-11-20 02:45:49','2024-11-20 02:45:49','2024-11-20 09:45:49',NULL,'activated',NULL),(6,'Gudrun Howell','estrella42@example.org','$2y$12$jCitbmPQMzfPIVCjnv1GG.y0bxfH3Z4Wetji96z7auF./h2moFKwG','customers/4.jpg','1979-11-13','+12394120768',NULL,'2024-11-20 02:45:50','2024-11-20 02:45:50','2024-11-20 09:45:50',NULL,'activated',NULL),(7,'Janiya Nitzsche','yschuster@example.com','$2y$12$05BMkzQCnAzM3LpmlR2nW.roj0AQ0.CQG56jMeh8pHdySKZU0/Fki','customers/5.jpg','1991-11-05','+16128843698',NULL,'2024-11-20 02:45:50','2024-11-20 02:45:50','2024-11-20 09:45:50',NULL,'activated',NULL),(8,'Prof. Pearl Moen I','smith.catalina@example.net','$2y$12$pkV/T8B2yqlXe6oAAsZqv.4sNiM3kLNhcPYL0lvlYIPTIOcrQiiDq','customers/6.jpg','1987-10-25','+13866172279',NULL,'2024-11-20 02:45:50','2024-11-20 02:45:50','2024-11-20 09:45:50',NULL,'activated',NULL),(9,'Donato Kuhn','hosea.gislason@example.org','$2y$12$1kcLA61HYS2i1VIiJ.e9YuoN7i.NYDFKvOgk5etEAU7Pjzpfzo7pi','customers/7.jpg','1992-10-28','+12404614161',NULL,'2024-11-20 02:45:50','2024-11-20 02:45:50','2024-11-20 09:45:50',NULL,'activated',NULL),(10,'Miss Melba Morar','savanah.harris@example.org','$2y$12$xxVjX2u5ynSuzePnDpW88udVKR77HoYE6NshrBnKoMuSLj7APRUDS','customers/8.jpg','1982-10-31','+14586474464',NULL,'2024-11-20 02:45:51','2024-11-20 02:45:51','2024-11-20 09:45:51',NULL,'activated',NULL);
/*!40000 ALTER TABLE `ec_customers` ENABLE KEYS */;
UNLOCK TABLES;

--
-- Table structure for table `ec_discount_customers`
--

DROP TABLE IF EXISTS `ec_discount_customers`;
/*!40101 SET @saved_cs_client     = @@character_set_client */;
/*!40101 SET character_set_client = utf8 */;
CREATE TABLE `ec_discount_customers` (
  `discount_id` bigint unsigned NOT NULL,
  `customer_id` bigint unsigned NOT NULL,
  PRIMARY KEY (`discount_id`,`customer_id`)
) ENGINE=InnoDB DEFAULT CHARSET=utf8mb4 COLLATE=utf8mb4_unicode_ci;
/*!40101 SET character_set_client = @saved_cs_client */;

--
-- Dumping data for table `ec_discount_customers`
--

LOCK TABLES `ec_discount_customers` WRITE;
/*!40000 ALTER TABLE `ec_discount_customers` DISABLE KEYS */;
/*!40000 ALTER TABLE `ec_discount_customers` ENABLE KEYS */;
UNLOCK TABLES;

--
-- Table structure for table `ec_discount_product_categories`
--

DROP TABLE IF EXISTS `ec_discount_product_categories`;
/*!40101 SET @saved_cs_client     = @@character_set_client */;
/*!40101 SET character_set_client = utf8 */;
CREATE TABLE `ec_discount_product_categories` (
  `discount_id` bigint unsigned NOT NULL,
  `product_category_id` bigint unsigned NOT NULL,
  PRIMARY KEY (`discount_id`,`product_category_id`)
) ENGINE=InnoDB DEFAULT CHARSET=utf8mb4 COLLATE=utf8mb4_unicode_ci;
/*!40101 SET character_set_client = @saved_cs_client */;

--
-- Dumping data for table `ec_discount_product_categories`
--

LOCK TABLES `ec_discount_product_categories` WRITE;
/*!40000 ALTER TABLE `ec_discount_product_categories` DISABLE KEYS */;
/*!40000 ALTER TABLE `ec_discount_product_categories` ENABLE KEYS */;
UNLOCK TABLES;

--
-- Table structure for table `ec_discount_product_collections`
--

DROP TABLE IF EXISTS `ec_discount_product_collections`;
/*!40101 SET @saved_cs_client     = @@character_set_client */;
/*!40101 SET character_set_client = utf8 */;
CREATE TABLE `ec_discount_product_collections` (
  `discount_id` bigint unsigned NOT NULL,
  `product_collection_id` bigint unsigned NOT NULL,
  PRIMARY KEY (`discount_id`,`product_collection_id`)
) ENGINE=InnoDB DEFAULT CHARSET=utf8mb4 COLLATE=utf8mb4_unicode_ci;
/*!40101 SET character_set_client = @saved_cs_client */;

--
-- Dumping data for table `ec_discount_product_collections`
--

LOCK TABLES `ec_discount_product_collections` WRITE;
/*!40000 ALTER TABLE `ec_discount_product_collections` DISABLE KEYS */;
/*!40000 ALTER TABLE `ec_discount_product_collections` ENABLE KEYS */;
UNLOCK TABLES;

--
-- Table structure for table `ec_discount_products`
--

DROP TABLE IF EXISTS `ec_discount_products`;
/*!40101 SET @saved_cs_client     = @@character_set_client */;
/*!40101 SET character_set_client = utf8 */;
CREATE TABLE `ec_discount_products` (
  `discount_id` bigint unsigned NOT NULL,
  `product_id` bigint unsigned NOT NULL,
  PRIMARY KEY (`discount_id`,`product_id`)
) ENGINE=InnoDB DEFAULT CHARSET=utf8mb4 COLLATE=utf8mb4_unicode_ci;
/*!40101 SET character_set_client = @saved_cs_client */;

--
-- Dumping data for table `ec_discount_products`
--

LOCK TABLES `ec_discount_products` WRITE;
/*!40000 ALTER TABLE `ec_discount_products` DISABLE KEYS */;
/*!40000 ALTER TABLE `ec_discount_products` ENABLE KEYS */;
UNLOCK TABLES;

--
-- Table structure for table `ec_discounts`
--

DROP TABLE IF EXISTS `ec_discounts`;
/*!40101 SET @saved_cs_client     = @@character_set_client */;
/*!40101 SET character_set_client = utf8 */;
CREATE TABLE `ec_discounts` (
  `id` bigint unsigned NOT NULL AUTO_INCREMENT,
  `title` varchar(120) COLLATE utf8mb4_unicode_ci DEFAULT NULL,
  `code` varchar(20) COLLATE utf8mb4_unicode_ci DEFAULT NULL,
  `start_date` datetime DEFAULT NULL,
  `end_date` datetime DEFAULT NULL,
  `quantity` int DEFAULT NULL,
  `total_used` int unsigned NOT NULL DEFAULT '0',
  `value` double DEFAULT NULL,
  `type` varchar(60) COLLATE utf8mb4_unicode_ci DEFAULT 'coupon',
  `can_use_with_promotion` tinyint(1) NOT NULL DEFAULT '0',
  `can_use_with_flash_sale` tinyint(1) NOT NULL DEFAULT '0',
  `discount_on` varchar(20) COLLATE utf8mb4_unicode_ci DEFAULT NULL,
  `product_quantity` int unsigned DEFAULT NULL,
  `type_option` varchar(100) COLLATE utf8mb4_unicode_ci NOT NULL DEFAULT 'amount',
  `target` varchar(100) COLLATE utf8mb4_unicode_ci NOT NULL DEFAULT 'all-orders',
  `min_order_price` decimal(15,2) DEFAULT NULL,
  `apply_via_url` tinyint(1) NOT NULL DEFAULT '0',
  `display_at_checkout` tinyint(1) NOT NULL DEFAULT '0',
  `created_at` timestamp NULL DEFAULT NULL,
  `updated_at` timestamp NULL DEFAULT NULL,
  `description` varchar(400) COLLATE utf8mb4_unicode_ci DEFAULT NULL,
  PRIMARY KEY (`id`),
  UNIQUE KEY `ec_discounts_code_unique` (`code`)
) ENGINE=InnoDB DEFAULT CHARSET=utf8mb4 COLLATE=utf8mb4_unicode_ci;
/*!40101 SET character_set_client = @saved_cs_client */;

--
-- Dumping data for table `ec_discounts`
--

LOCK TABLES `ec_discounts` WRITE;
/*!40000 ALTER TABLE `ec_discounts` DISABLE KEYS */;
/*!40000 ALTER TABLE `ec_discounts` ENABLE KEYS */;
UNLOCK TABLES;

--
-- Table structure for table `ec_flash_sale_products`
--

DROP TABLE IF EXISTS `ec_flash_sale_products`;
/*!40101 SET @saved_cs_client     = @@character_set_client */;
/*!40101 SET character_set_client = utf8 */;
CREATE TABLE `ec_flash_sale_products` (
  `flash_sale_id` bigint unsigned NOT NULL,
  `product_id` bigint unsigned NOT NULL,
  `price` double unsigned DEFAULT NULL,
  `quantity` int unsigned DEFAULT NULL,
  `sold` int unsigned NOT NULL DEFAULT '0'
) ENGINE=InnoDB DEFAULT CHARSET=utf8mb4 COLLATE=utf8mb4_unicode_ci;
/*!40101 SET character_set_client = @saved_cs_client */;

--
-- Dumping data for table `ec_flash_sale_products`
--

LOCK TABLES `ec_flash_sale_products` WRITE;
/*!40000 ALTER TABLE `ec_flash_sale_products` DISABLE KEYS */;
INSERT INTO `ec_flash_sale_products` VALUES (1,1,138.05,8,1),(1,2,172.78,19,4),(1,3,192.24,16,1),(1,4,358.83,10,2),(1,5,129.96,17,1),(1,6,229.9,15,3),(1,7,226.46,18,2),(1,8,57.2832,14,3),(1,9,265.3,15,1),(1,10,252.18,6,3),(2,1,100,10,5);
/*!40000 ALTER TABLE `ec_flash_sale_products` ENABLE KEYS */;
UNLOCK TABLES;

--
-- Table structure for table `ec_flash_sales`
--

DROP TABLE IF EXISTS `ec_flash_sales`;
/*!40101 SET @saved_cs_client     = @@character_set_client */;
/*!40101 SET character_set_client = utf8 */;
CREATE TABLE `ec_flash_sales` (
  `id` bigint unsigned NOT NULL AUTO_INCREMENT,
  `name` varchar(191) COLLATE utf8mb4_unicode_ci NOT NULL,
  `end_date` datetime NOT NULL,
  `status` varchar(60) COLLATE utf8mb4_unicode_ci NOT NULL DEFAULT 'published',
  `created_at` timestamp NULL DEFAULT NULL,
  `updated_at` timestamp NULL DEFAULT NULL,
  PRIMARY KEY (`id`)
) ENGINE=InnoDB AUTO_INCREMENT=3 DEFAULT CHARSET=utf8mb4 COLLATE=utf8mb4_unicode_ci;
/*!40101 SET character_set_client = @saved_cs_client */;

--
-- Dumping data for table `ec_flash_sales`
--

LOCK TABLES `ec_flash_sales` WRITE;
/*!40000 ALTER TABLE `ec_flash_sales` DISABLE KEYS */;
INSERT INTO `ec_flash_sales` VALUES (1,'Winter Sale','2024-12-20 00:00:00','published','2024-11-20 02:45:51','2024-11-20 02:45:51'),(2,'Cosmetics Sale','2024-12-20 00:00:00','published','2024-11-20 02:45:51','2024-11-20 02:45:51');
/*!40000 ALTER TABLE `ec_flash_sales` ENABLE KEYS */;
UNLOCK TABLES;

--
-- Table structure for table `ec_flash_sales_translations`
--

DROP TABLE IF EXISTS `ec_flash_sales_translations`;
/*!40101 SET @saved_cs_client     = @@character_set_client */;
/*!40101 SET character_set_client = utf8 */;
CREATE TABLE `ec_flash_sales_translations` (
  `lang_code` varchar(191) COLLATE utf8mb4_unicode_ci NOT NULL,
  `ec_flash_sales_id` bigint unsigned NOT NULL,
  `name` varchar(191) COLLATE utf8mb4_unicode_ci DEFAULT NULL,
  PRIMARY KEY (`lang_code`,`ec_flash_sales_id`)
) ENGINE=InnoDB DEFAULT CHARSET=utf8mb4 COLLATE=utf8mb4_unicode_ci;
/*!40101 SET character_set_client = @saved_cs_client */;

--
-- Dumping data for table `ec_flash_sales_translations`
--

LOCK TABLES `ec_flash_sales_translations` WRITE;
/*!40000 ALTER TABLE `ec_flash_sales_translations` DISABLE KEYS */;
/*!40000 ALTER TABLE `ec_flash_sales_translations` ENABLE KEYS */;
UNLOCK TABLES;

--
-- Table structure for table `ec_global_option_value`
--

DROP TABLE IF EXISTS `ec_global_option_value`;
/*!40101 SET @saved_cs_client     = @@character_set_client */;
/*!40101 SET character_set_client = utf8 */;
CREATE TABLE `ec_global_option_value` (
  `id` bigint unsigned NOT NULL AUTO_INCREMENT,
  `option_id` bigint unsigned NOT NULL COMMENT 'option id',
  `option_value` tinytext COLLATE utf8mb4_unicode_ci COMMENT 'option value',
  `affect_price` double DEFAULT NULL COMMENT 'value of price of this option affect',
  `order` int NOT NULL DEFAULT '9999',
  `affect_type` tinyint NOT NULL DEFAULT '0' COMMENT '0. fixed 1. percent',
  `created_at` timestamp NULL DEFAULT NULL,
  `updated_at` timestamp NULL DEFAULT NULL,
  PRIMARY KEY (`id`)
) ENGINE=InnoDB AUTO_INCREMENT=13 DEFAULT CHARSET=utf8mb4 COLLATE=utf8mb4_unicode_ci;
/*!40101 SET character_set_client = @saved_cs_client */;

--
-- Dumping data for table `ec_global_option_value`
--

LOCK TABLES `ec_global_option_value` WRITE;
/*!40000 ALTER TABLE `ec_global_option_value` DISABLE KEYS */;
INSERT INTO `ec_global_option_value` VALUES (1,1,'1 Year',0,9999,0,'2024-11-20 02:45:37','2024-11-20 02:45:37'),(2,1,'2 Year',10,9999,0,'2024-11-20 02:45:37','2024-11-20 02:45:37'),(3,1,'3 Year',20,9999,0,'2024-11-20 02:45:37','2024-11-20 02:45:37'),(4,2,'4GB',0,9999,0,'2024-11-20 02:45:37','2024-11-20 02:45:37'),(5,2,'8GB',10,9999,0,'2024-11-20 02:45:37','2024-11-20 02:45:37'),(6,2,'16GB',20,9999,0,'2024-11-20 02:45:37','2024-11-20 02:45:37'),(7,3,'Core i5',0,9999,0,'2024-11-20 02:45:37','2024-11-20 02:45:37'),(8,3,'Core i7',10,9999,0,'2024-11-20 02:45:37','2024-11-20 02:45:37'),(9,3,'Core i9',20,9999,0,'2024-11-20 02:45:37','2024-11-20 02:45:37'),(10,4,'128GB',0,9999,0,'2024-11-20 02:45:37','2024-11-20 02:45:37'),(11,4,'256GB',10,9999,0,'2024-11-20 02:45:37','2024-11-20 02:45:37'),(12,4,'512GB',20,9999,0,'2024-11-20 02:45:37','2024-11-20 02:45:37');
/*!40000 ALTER TABLE `ec_global_option_value` ENABLE KEYS */;
UNLOCK TABLES;

--
-- Table structure for table `ec_global_option_value_translations`
--

DROP TABLE IF EXISTS `ec_global_option_value_translations`;
/*!40101 SET @saved_cs_client     = @@character_set_client */;
/*!40101 SET character_set_client = utf8 */;
CREATE TABLE `ec_global_option_value_translations` (
  `lang_code` varchar(191) COLLATE utf8mb4_unicode_ci NOT NULL,
  `ec_global_option_value_id` bigint unsigned NOT NULL,
  `option_value` varchar(191) COLLATE utf8mb4_unicode_ci DEFAULT NULL,
  PRIMARY KEY (`lang_code`,`ec_global_option_value_id`)
) ENGINE=InnoDB DEFAULT CHARSET=utf8mb4 COLLATE=utf8mb4_unicode_ci;
/*!40101 SET character_set_client = @saved_cs_client */;

--
-- Dumping data for table `ec_global_option_value_translations`
--

LOCK TABLES `ec_global_option_value_translations` WRITE;
/*!40000 ALTER TABLE `ec_global_option_value_translations` DISABLE KEYS */;
/*!40000 ALTER TABLE `ec_global_option_value_translations` ENABLE KEYS */;
UNLOCK TABLES;

--
-- Table structure for table `ec_global_options`
--

DROP TABLE IF EXISTS `ec_global_options`;
/*!40101 SET @saved_cs_client     = @@character_set_client */;
/*!40101 SET character_set_client = utf8 */;
CREATE TABLE `ec_global_options` (
  `id` bigint unsigned NOT NULL AUTO_INCREMENT,
  `name` varchar(191) COLLATE utf8mb4_unicode_ci NOT NULL COMMENT 'Name of options',
  `option_type` varchar(191) COLLATE utf8mb4_unicode_ci NOT NULL COMMENT 'option type',
  `required` tinyint(1) NOT NULL DEFAULT '0' COMMENT 'Checked if this option is required',
  `created_at` timestamp NULL DEFAULT NULL,
  `updated_at` timestamp NULL DEFAULT NULL,
  PRIMARY KEY (`id`)
) ENGINE=InnoDB AUTO_INCREMENT=5 DEFAULT CHARSET=utf8mb4 COLLATE=utf8mb4_unicode_ci;
/*!40101 SET character_set_client = @saved_cs_client */;

--
-- Dumping data for table `ec_global_options`
--

LOCK TABLES `ec_global_options` WRITE;
/*!40000 ALTER TABLE `ec_global_options` DISABLE KEYS */;
INSERT INTO `ec_global_options` VALUES (1,'Warranty','Botble\\Ecommerce\\Option\\OptionType\\RadioButton',1,'2024-11-20 02:45:37','2024-11-20 02:45:37'),(2,'RAM','Botble\\Ecommerce\\Option\\OptionType\\RadioButton',1,'2024-11-20 02:45:37','2024-11-20 02:45:37'),(3,'CPU','Botble\\Ecommerce\\Option\\OptionType\\RadioButton',1,'2024-11-20 02:45:37','2024-11-20 02:45:37'),(4,'HDD','Botble\\Ecommerce\\Option\\OptionType\\Dropdown',0,'2024-11-20 02:45:37','2024-11-20 02:45:37');
/*!40000 ALTER TABLE `ec_global_options` ENABLE KEYS */;
UNLOCK TABLES;

--
-- Table structure for table `ec_global_options_translations`
--

DROP TABLE IF EXISTS `ec_global_options_translations`;
/*!40101 SET @saved_cs_client     = @@character_set_client */;
/*!40101 SET character_set_client = utf8 */;
CREATE TABLE `ec_global_options_translations` (
  `lang_code` varchar(191) COLLATE utf8mb4_unicode_ci NOT NULL,
  `ec_global_options_id` bigint unsigned NOT NULL,
  `name` varchar(191) COLLATE utf8mb4_unicode_ci DEFAULT NULL,
  PRIMARY KEY (`lang_code`,`ec_global_options_id`)
) ENGINE=InnoDB DEFAULT CHARSET=utf8mb4 COLLATE=utf8mb4_unicode_ci;
/*!40101 SET character_set_client = @saved_cs_client */;

--
-- Dumping data for table `ec_global_options_translations`
--

LOCK TABLES `ec_global_options_translations` WRITE;
/*!40000 ALTER TABLE `ec_global_options_translations` DISABLE KEYS */;
/*!40000 ALTER TABLE `ec_global_options_translations` ENABLE KEYS */;
UNLOCK TABLES;

--
-- Table structure for table `ec_grouped_products`
--

DROP TABLE IF EXISTS `ec_grouped_products`;
/*!40101 SET @saved_cs_client     = @@character_set_client */;
/*!40101 SET character_set_client = utf8 */;
CREATE TABLE `ec_grouped_products` (
  `id` bigint unsigned NOT NULL AUTO_INCREMENT,
  `parent_product_id` bigint unsigned NOT NULL,
  `product_id` bigint unsigned NOT NULL,
  `fixed_qty` int NOT NULL DEFAULT '1',
  PRIMARY KEY (`id`)
) ENGINE=InnoDB DEFAULT CHARSET=utf8mb4 COLLATE=utf8mb4_unicode_ci;
/*!40101 SET character_set_client = @saved_cs_client */;

--
-- Dumping data for table `ec_grouped_products`
--

LOCK TABLES `ec_grouped_products` WRITE;
/*!40000 ALTER TABLE `ec_grouped_products` DISABLE KEYS */;
/*!40000 ALTER TABLE `ec_grouped_products` ENABLE KEYS */;
UNLOCK TABLES;

--
-- Table structure for table `ec_invoice_items`
--

DROP TABLE IF EXISTS `ec_invoice_items`;
/*!40101 SET @saved_cs_client     = @@character_set_client */;
/*!40101 SET character_set_client = utf8 */;
CREATE TABLE `ec_invoice_items` (
  `id` bigint unsigned NOT NULL AUTO_INCREMENT,
  `invoice_id` bigint unsigned NOT NULL,
  `reference_type` varchar(191) COLLATE utf8mb4_unicode_ci NOT NULL,
  `reference_id` bigint unsigned NOT NULL,
  `name` varchar(191) COLLATE utf8mb4_unicode_ci NOT NULL,
  `description` varchar(400) COLLATE utf8mb4_unicode_ci DEFAULT NULL,
  `image` varchar(191) COLLATE utf8mb4_unicode_ci DEFAULT NULL,
  `qty` int unsigned NOT NULL,
  `price` decimal(15,2) NOT NULL DEFAULT '0.00',
  `sub_total` decimal(15,2) unsigned NOT NULL,
  `tax_amount` decimal(15,2) unsigned NOT NULL DEFAULT '0.00',
  `discount_amount` decimal(15,2) unsigned NOT NULL DEFAULT '0.00',
  `amount` decimal(15,2) unsigned NOT NULL,
  `options` text COLLATE utf8mb4_unicode_ci,
  `created_at` timestamp NULL DEFAULT NULL,
  `updated_at` timestamp NULL DEFAULT NULL,
  PRIMARY KEY (`id`),
  KEY `ec_invoice_items_reference_type_reference_id_index` (`reference_type`,`reference_id`)
) ENGINE=InnoDB DEFAULT CHARSET=utf8mb4 COLLATE=utf8mb4_unicode_ci;
/*!40101 SET character_set_client = @saved_cs_client */;

--
-- Dumping data for table `ec_invoice_items`
--

LOCK TABLES `ec_invoice_items` WRITE;
/*!40000 ALTER TABLE `ec_invoice_items` DISABLE KEYS */;
/*!40000 ALTER TABLE `ec_invoice_items` ENABLE KEYS */;
UNLOCK TABLES;

--
-- Table structure for table `ec_invoices`
--

DROP TABLE IF EXISTS `ec_invoices`;
/*!40101 SET @saved_cs_client     = @@character_set_client */;
/*!40101 SET character_set_client = utf8 */;
CREATE TABLE `ec_invoices` (
  `id` bigint unsigned NOT NULL AUTO_INCREMENT,
  `reference_type` varchar(191) COLLATE utf8mb4_unicode_ci NOT NULL,
  `reference_id` bigint unsigned NOT NULL,
  `code` varchar(191) COLLATE utf8mb4_unicode_ci NOT NULL,
  `customer_name` varchar(191) COLLATE utf8mb4_unicode_ci DEFAULT NULL,
  `company_name` varchar(191) COLLATE utf8mb4_unicode_ci DEFAULT NULL,
  `company_logo` varchar(191) COLLATE utf8mb4_unicode_ci DEFAULT NULL,
  `customer_email` varchar(191) COLLATE utf8mb4_unicode_ci DEFAULT NULL,
  `customer_phone` varchar(191) COLLATE utf8mb4_unicode_ci DEFAULT NULL,
  `customer_address` varchar(191) COLLATE utf8mb4_unicode_ci DEFAULT NULL,
  `customer_tax_id` varchar(191) COLLATE utf8mb4_unicode_ci DEFAULT NULL,
  `sub_total` decimal(15,2) unsigned NOT NULL,
  `tax_amount` decimal(15,2) unsigned NOT NULL DEFAULT '0.00',
  `shipping_amount` decimal(15,2) unsigned NOT NULL DEFAULT '0.00',
  `discount_amount` decimal(15,2) unsigned NOT NULL DEFAULT '0.00',
  `shipping_option` varchar(60) COLLATE utf8mb4_unicode_ci DEFAULT NULL,
  `shipping_method` varchar(60) COLLATE utf8mb4_unicode_ci NOT NULL DEFAULT 'default',
  `coupon_code` varchar(120) COLLATE utf8mb4_unicode_ci DEFAULT NULL,
  `discount_description` varchar(191) COLLATE utf8mb4_unicode_ci DEFAULT NULL,
  `amount` decimal(15,2) unsigned NOT NULL,
  `description` text COLLATE utf8mb4_unicode_ci,
  `payment_id` bigint unsigned DEFAULT NULL,
  `status` varchar(191) COLLATE utf8mb4_unicode_ci NOT NULL DEFAULT 'pending',
  `paid_at` timestamp NULL DEFAULT NULL,
  `created_at` timestamp NULL DEFAULT NULL,
  `updated_at` timestamp NULL DEFAULT NULL,
  PRIMARY KEY (`id`),
  UNIQUE KEY `ec_invoices_code_unique` (`code`),
  KEY `ec_invoices_reference_type_reference_id_index` (`reference_type`,`reference_id`),
  KEY `ec_invoices_payment_id_index` (`payment_id`),
  KEY `ec_invoices_status_index` (`status`)
) ENGINE=InnoDB DEFAULT CHARSET=utf8mb4 COLLATE=utf8mb4_unicode_ci;
/*!40101 SET character_set_client = @saved_cs_client */;

--
-- Dumping data for table `ec_invoices`
--

LOCK TABLES `ec_invoices` WRITE;
/*!40000 ALTER TABLE `ec_invoices` DISABLE KEYS */;
/*!40000 ALTER TABLE `ec_invoices` ENABLE KEYS */;
UNLOCK TABLES;

--
-- Table structure for table `ec_option_value`
--

DROP TABLE IF EXISTS `ec_option_value`;
/*!40101 SET @saved_cs_client     = @@character_set_client */;
/*!40101 SET character_set_client = utf8 */;
CREATE TABLE `ec_option_value` (
  `id` bigint unsigned NOT NULL AUTO_INCREMENT,
  `option_id` bigint unsigned NOT NULL COMMENT 'option id',
  `option_value` tinytext COLLATE utf8mb4_unicode_ci COMMENT 'option value',
  `affect_price` double DEFAULT NULL COMMENT 'value of price of this option affect',
  `order` int NOT NULL DEFAULT '9999',
  `affect_type` tinyint NOT NULL DEFAULT '0' COMMENT '0. fixed 1. percent',
  `created_at` timestamp NULL DEFAULT NULL,
  `updated_at` timestamp NULL DEFAULT NULL,
  PRIMARY KEY (`id`)
) ENGINE=InnoDB DEFAULT CHARSET=utf8mb4 COLLATE=utf8mb4_unicode_ci;
/*!40101 SET character_set_client = @saved_cs_client */;

--
-- Dumping data for table `ec_option_value`
--

LOCK TABLES `ec_option_value` WRITE;
/*!40000 ALTER TABLE `ec_option_value` DISABLE KEYS */;
/*!40000 ALTER TABLE `ec_option_value` ENABLE KEYS */;
UNLOCK TABLES;

--
-- Table structure for table `ec_option_value_translations`
--

DROP TABLE IF EXISTS `ec_option_value_translations`;
/*!40101 SET @saved_cs_client     = @@character_set_client */;
/*!40101 SET character_set_client = utf8 */;
CREATE TABLE `ec_option_value_translations` (
  `lang_code` varchar(191) COLLATE utf8mb4_unicode_ci NOT NULL,
  `ec_option_value_id` bigint unsigned NOT NULL,
  `option_value` varchar(191) COLLATE utf8mb4_unicode_ci DEFAULT NULL,
  PRIMARY KEY (`lang_code`,`ec_option_value_id`)
) ENGINE=InnoDB DEFAULT CHARSET=utf8mb4 COLLATE=utf8mb4_unicode_ci;
/*!40101 SET character_set_client = @saved_cs_client */;

--
-- Dumping data for table `ec_option_value_translations`
--

LOCK TABLES `ec_option_value_translations` WRITE;
/*!40000 ALTER TABLE `ec_option_value_translations` DISABLE KEYS */;
/*!40000 ALTER TABLE `ec_option_value_translations` ENABLE KEYS */;
UNLOCK TABLES;

--
-- Table structure for table `ec_options`
--

DROP TABLE IF EXISTS `ec_options`;
/*!40101 SET @saved_cs_client     = @@character_set_client */;
/*!40101 SET character_set_client = utf8 */;
CREATE TABLE `ec_options` (
  `id` bigint unsigned NOT NULL AUTO_INCREMENT,
  `name` varchar(191) COLLATE utf8mb4_unicode_ci NOT NULL COMMENT 'Name of options',
  `option_type` varchar(191) COLLATE utf8mb4_unicode_ci DEFAULT NULL COMMENT 'option type',
  `product_id` bigint unsigned NOT NULL DEFAULT '0',
  `order` int NOT NULL DEFAULT '9999',
  `required` tinyint(1) NOT NULL DEFAULT '0' COMMENT 'Checked if this option is required',
  `created_at` timestamp NULL DEFAULT NULL,
  `updated_at` timestamp NULL DEFAULT NULL,
  PRIMARY KEY (`id`)
) ENGINE=InnoDB DEFAULT CHARSET=utf8mb4 COLLATE=utf8mb4_unicode_ci;
/*!40101 SET character_set_client = @saved_cs_client */;

--
-- Dumping data for table `ec_options`
--

LOCK TABLES `ec_options` WRITE;
/*!40000 ALTER TABLE `ec_options` DISABLE KEYS */;
/*!40000 ALTER TABLE `ec_options` ENABLE KEYS */;
UNLOCK TABLES;

--
-- Table structure for table `ec_options_translations`
--

DROP TABLE IF EXISTS `ec_options_translations`;
/*!40101 SET @saved_cs_client     = @@character_set_client */;
/*!40101 SET character_set_client = utf8 */;
CREATE TABLE `ec_options_translations` (
  `lang_code` varchar(191) COLLATE utf8mb4_unicode_ci NOT NULL,
  `ec_options_id` bigint unsigned NOT NULL,
  `name` varchar(191) COLLATE utf8mb4_unicode_ci DEFAULT NULL,
  PRIMARY KEY (`lang_code`,`ec_options_id`)
) ENGINE=InnoDB DEFAULT CHARSET=utf8mb4 COLLATE=utf8mb4_unicode_ci;
/*!40101 SET character_set_client = @saved_cs_client */;

--
-- Dumping data for table `ec_options_translations`
--

LOCK TABLES `ec_options_translations` WRITE;
/*!40000 ALTER TABLE `ec_options_translations` DISABLE KEYS */;
/*!40000 ALTER TABLE `ec_options_translations` ENABLE KEYS */;
UNLOCK TABLES;

--
-- Table structure for table `ec_order_addresses`
--

DROP TABLE IF EXISTS `ec_order_addresses`;
/*!40101 SET @saved_cs_client     = @@character_set_client */;
/*!40101 SET character_set_client = utf8 */;
CREATE TABLE `ec_order_addresses` (
  `id` bigint unsigned NOT NULL AUTO_INCREMENT,
  `name` varchar(191) COLLATE utf8mb4_unicode_ci NOT NULL,
  `phone` varchar(20) COLLATE utf8mb4_unicode_ci DEFAULT NULL,
  `email` varchar(191) COLLATE utf8mb4_unicode_ci DEFAULT NULL,
  `country` varchar(120) COLLATE utf8mb4_unicode_ci DEFAULT NULL,
  `state` varchar(120) COLLATE utf8mb4_unicode_ci DEFAULT NULL,
  `city` varchar(120) COLLATE utf8mb4_unicode_ci DEFAULT NULL,
  `address` varchar(191) COLLATE utf8mb4_unicode_ci DEFAULT NULL,
  `order_id` bigint unsigned NOT NULL,
  `zip_code` varchar(20) COLLATE utf8mb4_unicode_ci DEFAULT NULL,
  `type` varchar(60) COLLATE utf8mb4_unicode_ci NOT NULL DEFAULT 'shipping_address',
  PRIMARY KEY (`id`)
) ENGINE=InnoDB DEFAULT CHARSET=utf8mb4 COLLATE=utf8mb4_unicode_ci;
/*!40101 SET character_set_client = @saved_cs_client */;

--
-- Dumping data for table `ec_order_addresses`
--

LOCK TABLES `ec_order_addresses` WRITE;
/*!40000 ALTER TABLE `ec_order_addresses` DISABLE KEYS */;
/*!40000 ALTER TABLE `ec_order_addresses` ENABLE KEYS */;
UNLOCK TABLES;

--
-- Table structure for table `ec_order_histories`
--

DROP TABLE IF EXISTS `ec_order_histories`;
/*!40101 SET @saved_cs_client     = @@character_set_client */;
/*!40101 SET character_set_client = utf8 */;
CREATE TABLE `ec_order_histories` (
  `id` bigint unsigned NOT NULL AUTO_INCREMENT,
  `action` varchar(120) COLLATE utf8mb4_unicode_ci NOT NULL,
  `description` varchar(400) COLLATE utf8mb4_unicode_ci DEFAULT NULL,
  `user_id` bigint unsigned DEFAULT NULL,
  `order_id` bigint unsigned NOT NULL,
  `extras` text COLLATE utf8mb4_unicode_ci,
  `created_at` timestamp NULL DEFAULT NULL,
  `updated_at` timestamp NULL DEFAULT NULL,
  PRIMARY KEY (`id`)
) ENGINE=InnoDB DEFAULT CHARSET=utf8mb4 COLLATE=utf8mb4_unicode_ci;
/*!40101 SET character_set_client = @saved_cs_client */;

--
-- Dumping data for table `ec_order_histories`
--

LOCK TABLES `ec_order_histories` WRITE;
/*!40000 ALTER TABLE `ec_order_histories` DISABLE KEYS */;
/*!40000 ALTER TABLE `ec_order_histories` ENABLE KEYS */;
UNLOCK TABLES;

--
-- Table structure for table `ec_order_product`
--

DROP TABLE IF EXISTS `ec_order_product`;
/*!40101 SET @saved_cs_client     = @@character_set_client */;
/*!40101 SET character_set_client = utf8 */;
CREATE TABLE `ec_order_product` (
  `id` bigint unsigned NOT NULL AUTO_INCREMENT,
  `order_id` bigint unsigned NOT NULL,
  `qty` int NOT NULL,
  `price` decimal(15,2) NOT NULL,
  `tax_amount` decimal(15,2) NOT NULL,
  `options` text COLLATE utf8mb4_unicode_ci,
  `product_options` text COLLATE utf8mb4_unicode_ci COMMENT 'product option data',
  `product_id` bigint unsigned DEFAULT NULL,
  `product_name` varchar(191) COLLATE utf8mb4_unicode_ci NOT NULL,
  `product_image` varchar(191) COLLATE utf8mb4_unicode_ci DEFAULT NULL,
  `weight` double(8,2) DEFAULT '0.00',
  `restock_quantity` int unsigned DEFAULT '0',
  `created_at` timestamp NULL DEFAULT NULL,
  `updated_at` timestamp NULL DEFAULT NULL,
  `product_type` varchar(60) COLLATE utf8mb4_unicode_ci NOT NULL DEFAULT 'physical',
  `times_downloaded` int NOT NULL DEFAULT '0',
  `license_code` char(36) COLLATE utf8mb4_unicode_ci DEFAULT NULL,
  `downloaded_at` timestamp NULL DEFAULT NULL,
  PRIMARY KEY (`id`)
) ENGINE=InnoDB DEFAULT CHARSET=utf8mb4 COLLATE=utf8mb4_unicode_ci;
/*!40101 SET character_set_client = @saved_cs_client */;

--
-- Dumping data for table `ec_order_product`
--

LOCK TABLES `ec_order_product` WRITE;
/*!40000 ALTER TABLE `ec_order_product` DISABLE KEYS */;
/*!40000 ALTER TABLE `ec_order_product` ENABLE KEYS */;
UNLOCK TABLES;

--
-- Table structure for table `ec_order_referrals`
--

DROP TABLE IF EXISTS `ec_order_referrals`;
/*!40101 SET @saved_cs_client     = @@character_set_client */;
/*!40101 SET character_set_client = utf8 */;
CREATE TABLE `ec_order_referrals` (
  `id` bigint unsigned NOT NULL AUTO_INCREMENT,
  `ip` varchar(39) COLLATE utf8mb4_unicode_ci DEFAULT NULL,
  `landing_domain` varchar(191) COLLATE utf8mb4_unicode_ci DEFAULT NULL,
  `landing_page` varchar(191) COLLATE utf8mb4_unicode_ci DEFAULT NULL,
  `landing_params` varchar(191) COLLATE utf8mb4_unicode_ci DEFAULT NULL,
  `referral` varchar(191) COLLATE utf8mb4_unicode_ci DEFAULT NULL,
  `gclid` varchar(191) COLLATE utf8mb4_unicode_ci DEFAULT NULL,
  `fclid` varchar(191) COLLATE utf8mb4_unicode_ci DEFAULT NULL,
  `utm_source` varchar(191) COLLATE utf8mb4_unicode_ci DEFAULT NULL,
  `utm_campaign` varchar(191) COLLATE utf8mb4_unicode_ci DEFAULT NULL,
  `utm_medium` varchar(191) COLLATE utf8mb4_unicode_ci DEFAULT NULL,
  `utm_term` varchar(191) COLLATE utf8mb4_unicode_ci DEFAULT NULL,
  `utm_content` varchar(191) COLLATE utf8mb4_unicode_ci DEFAULT NULL,
  `referrer_url` text COLLATE utf8mb4_unicode_ci,
  `referrer_domain` varchar(191) COLLATE utf8mb4_unicode_ci DEFAULT NULL,
  `order_id` bigint unsigned DEFAULT NULL,
  `created_at` timestamp NULL DEFAULT NULL,
  `updated_at` timestamp NULL DEFAULT NULL,
  PRIMARY KEY (`id`),
  KEY `ec_order_referrals_order_id_index` (`order_id`)
) ENGINE=InnoDB DEFAULT CHARSET=utf8mb4 COLLATE=utf8mb4_unicode_ci;
/*!40101 SET character_set_client = @saved_cs_client */;

--
-- Dumping data for table `ec_order_referrals`
--

LOCK TABLES `ec_order_referrals` WRITE;
/*!40000 ALTER TABLE `ec_order_referrals` DISABLE KEYS */;
/*!40000 ALTER TABLE `ec_order_referrals` ENABLE KEYS */;
UNLOCK TABLES;

--
-- Table structure for table `ec_order_return_histories`
--

DROP TABLE IF EXISTS `ec_order_return_histories`;
/*!40101 SET @saved_cs_client     = @@character_set_client */;
/*!40101 SET character_set_client = utf8 */;
CREATE TABLE `ec_order_return_histories` (
  `id` bigint unsigned NOT NULL AUTO_INCREMENT,
  `user_id` bigint unsigned DEFAULT NULL,
  `order_return_id` bigint unsigned NOT NULL,
  `action` varchar(191) COLLATE utf8mb4_unicode_ci NOT NULL,
  `description` varchar(400) COLLATE utf8mb4_unicode_ci DEFAULT NULL,
  `reason` varchar(191) COLLATE utf8mb4_unicode_ci DEFAULT NULL,
  `created_at` timestamp NULL DEFAULT NULL,
  `updated_at` timestamp NULL DEFAULT NULL,
  PRIMARY KEY (`id`)
) ENGINE=InnoDB DEFAULT CHARSET=utf8mb4 COLLATE=utf8mb4_unicode_ci;
/*!40101 SET character_set_client = @saved_cs_client */;

--
-- Dumping data for table `ec_order_return_histories`
--

LOCK TABLES `ec_order_return_histories` WRITE;
/*!40000 ALTER TABLE `ec_order_return_histories` DISABLE KEYS */;
/*!40000 ALTER TABLE `ec_order_return_histories` ENABLE KEYS */;
UNLOCK TABLES;

--
-- Table structure for table `ec_order_return_items`
--

DROP TABLE IF EXISTS `ec_order_return_items`;
/*!40101 SET @saved_cs_client     = @@character_set_client */;
/*!40101 SET character_set_client = utf8 */;
CREATE TABLE `ec_order_return_items` (
  `id` bigint unsigned NOT NULL AUTO_INCREMENT,
  `order_return_id` bigint unsigned NOT NULL COMMENT 'Order return id',
  `order_product_id` bigint unsigned NOT NULL COMMENT 'Order product id',
  `product_id` bigint unsigned NOT NULL COMMENT 'Product id',
  `product_name` varchar(191) COLLATE utf8mb4_unicode_ci NOT NULL,
  `product_image` varchar(191) COLLATE utf8mb4_unicode_ci DEFAULT NULL,
  `qty` int NOT NULL COMMENT 'Quantity return',
  `price` decimal(15,2) NOT NULL COMMENT 'Price Product',
  `reason` text COLLATE utf8mb4_unicode_ci,
  `created_at` timestamp NULL DEFAULT NULL,
  `updated_at` timestamp NULL DEFAULT NULL,
  `refund_amount` decimal(12,2) DEFAULT '0.00',
  PRIMARY KEY (`id`)
) ENGINE=InnoDB DEFAULT CHARSET=utf8mb4 COLLATE=utf8mb4_unicode_ci;
/*!40101 SET character_set_client = @saved_cs_client */;

--
-- Dumping data for table `ec_order_return_items`
--

LOCK TABLES `ec_order_return_items` WRITE;
/*!40000 ALTER TABLE `ec_order_return_items` DISABLE KEYS */;
/*!40000 ALTER TABLE `ec_order_return_items` ENABLE KEYS */;
UNLOCK TABLES;

--
-- Table structure for table `ec_order_returns`
--

DROP TABLE IF EXISTS `ec_order_returns`;
/*!40101 SET @saved_cs_client     = @@character_set_client */;
/*!40101 SET character_set_client = utf8 */;
CREATE TABLE `ec_order_returns` (
  `id` bigint unsigned NOT NULL AUTO_INCREMENT,
  `code` varchar(191) COLLATE utf8mb4_unicode_ci DEFAULT NULL,
  `order_id` bigint unsigned NOT NULL COMMENT 'Order ID',
  `store_id` bigint unsigned DEFAULT NULL COMMENT 'Store ID',
  `user_id` bigint unsigned NOT NULL COMMENT 'Customer ID',
  `reason` text COLLATE utf8mb4_unicode_ci COMMENT 'Reason return order',
  `order_status` varchar(191) COLLATE utf8mb4_unicode_ci DEFAULT NULL COMMENT 'Order current status',
  `return_status` varchar(191) COLLATE utf8mb4_unicode_ci NOT NULL COMMENT 'Return status',
  `created_at` timestamp NULL DEFAULT NULL,
  `updated_at` timestamp NULL DEFAULT NULL,
  PRIMARY KEY (`id`),
  UNIQUE KEY `ec_order_returns_code_unique` (`code`)
) ENGINE=InnoDB DEFAULT CHARSET=utf8mb4 COLLATE=utf8mb4_unicode_ci;
/*!40101 SET character_set_client = @saved_cs_client */;

--
-- Dumping data for table `ec_order_returns`
--

LOCK TABLES `ec_order_returns` WRITE;
/*!40000 ALTER TABLE `ec_order_returns` DISABLE KEYS */;
/*!40000 ALTER TABLE `ec_order_returns` ENABLE KEYS */;
UNLOCK TABLES;

--
-- Table structure for table `ec_order_tax_information`
--

DROP TABLE IF EXISTS `ec_order_tax_information`;
/*!40101 SET @saved_cs_client     = @@character_set_client */;
/*!40101 SET character_set_client = utf8 */;
CREATE TABLE `ec_order_tax_information` (
  `id` bigint unsigned NOT NULL AUTO_INCREMENT,
  `order_id` bigint unsigned NOT NULL,
  `company_name` varchar(120) COLLATE utf8mb4_unicode_ci NOT NULL,
  `company_address` varchar(191) COLLATE utf8mb4_unicode_ci NOT NULL,
  `company_tax_code` varchar(20) COLLATE utf8mb4_unicode_ci NOT NULL,
  `company_email` varchar(60) COLLATE utf8mb4_unicode_ci NOT NULL,
  `created_at` timestamp NULL DEFAULT NULL,
  `updated_at` timestamp NULL DEFAULT NULL,
  PRIMARY KEY (`id`),
  KEY `ec_order_tax_information_order_id_index` (`order_id`)
) ENGINE=InnoDB DEFAULT CHARSET=utf8mb4 COLLATE=utf8mb4_unicode_ci;
/*!40101 SET character_set_client = @saved_cs_client */;

--
-- Dumping data for table `ec_order_tax_information`
--

LOCK TABLES `ec_order_tax_information` WRITE;
/*!40000 ALTER TABLE `ec_order_tax_information` DISABLE KEYS */;
/*!40000 ALTER TABLE `ec_order_tax_information` ENABLE KEYS */;
UNLOCK TABLES;

--
-- Table structure for table `ec_orders`
--

DROP TABLE IF EXISTS `ec_orders`;
/*!40101 SET @saved_cs_client     = @@character_set_client */;
/*!40101 SET character_set_client = utf8 */;
CREATE TABLE `ec_orders` (
  `id` bigint unsigned NOT NULL AUTO_INCREMENT,
  `code` varchar(191) COLLATE utf8mb4_unicode_ci DEFAULT NULL,
  `user_id` bigint unsigned NOT NULL,
  `shipping_option` varchar(60) COLLATE utf8mb4_unicode_ci DEFAULT NULL,
  `shipping_method` varchar(60) COLLATE utf8mb4_unicode_ci NOT NULL DEFAULT 'default',
  `status` varchar(120) COLLATE utf8mb4_unicode_ci NOT NULL DEFAULT 'pending',
  `amount` decimal(15,2) NOT NULL,
  `tax_amount` decimal(15,2) DEFAULT NULL,
  `shipping_amount` decimal(15,2) DEFAULT NULL,
  `description` text COLLATE utf8mb4_unicode_ci,
  `coupon_code` varchar(120) COLLATE utf8mb4_unicode_ci DEFAULT NULL,
  `discount_amount` decimal(15,2) DEFAULT NULL,
  `sub_total` decimal(15,2) NOT NULL,
  `is_confirmed` tinyint(1) NOT NULL DEFAULT '0',
  `discount_description` varchar(191) COLLATE utf8mb4_unicode_ci DEFAULT NULL,
  `is_finished` tinyint(1) DEFAULT '0',
  `cancellation_reason` varchar(191) COLLATE utf8mb4_unicode_ci DEFAULT NULL,
  `cancellation_reason_description` varchar(191) COLLATE utf8mb4_unicode_ci DEFAULT NULL,
  `completed_at` timestamp NULL DEFAULT NULL,
  `token` varchar(120) COLLATE utf8mb4_unicode_ci DEFAULT NULL,
  `payment_id` bigint unsigned DEFAULT NULL,
  `created_at` timestamp NULL DEFAULT NULL,
  `updated_at` timestamp NULL DEFAULT NULL,
  `proof_file` varchar(191) COLLATE utf8mb4_unicode_ci DEFAULT NULL,
  PRIMARY KEY (`id`),
  UNIQUE KEY `ec_orders_code_unique` (`code`),
  KEY `ec_orders_user_id_status_created_at_index` (`user_id`,`status`,`created_at`)
) ENGINE=InnoDB DEFAULT CHARSET=utf8mb4 COLLATE=utf8mb4_unicode_ci;
/*!40101 SET character_set_client = @saved_cs_client */;

--
-- Dumping data for table `ec_orders`
--

LOCK TABLES `ec_orders` WRITE;
/*!40000 ALTER TABLE `ec_orders` DISABLE KEYS */;
/*!40000 ALTER TABLE `ec_orders` ENABLE KEYS */;
UNLOCK TABLES;

--
-- Table structure for table `ec_product_attribute_sets`
--

DROP TABLE IF EXISTS `ec_product_attribute_sets`;
/*!40101 SET @saved_cs_client     = @@character_set_client */;
/*!40101 SET character_set_client = utf8 */;
CREATE TABLE `ec_product_attribute_sets` (
  `id` bigint unsigned NOT NULL AUTO_INCREMENT,
  `title` varchar(120) COLLATE utf8mb4_unicode_ci NOT NULL,
  `slug` varchar(120) COLLATE utf8mb4_unicode_ci DEFAULT NULL,
  `display_layout` varchar(191) COLLATE utf8mb4_unicode_ci NOT NULL DEFAULT 'swatch_dropdown',
  `is_searchable` tinyint unsigned NOT NULL DEFAULT '1',
  `is_comparable` tinyint unsigned NOT NULL DEFAULT '1',
  `is_use_in_product_listing` tinyint unsigned NOT NULL DEFAULT '0',
  `status` varchar(60) COLLATE utf8mb4_unicode_ci NOT NULL DEFAULT 'published',
  `order` tinyint unsigned NOT NULL DEFAULT '0',
  `created_at` timestamp NULL DEFAULT NULL,
  `updated_at` timestamp NULL DEFAULT NULL,
  `use_image_from_product_variation` tinyint unsigned NOT NULL DEFAULT '0',
  PRIMARY KEY (`id`)
) ENGINE=InnoDB AUTO_INCREMENT=3 DEFAULT CHARSET=utf8mb4 COLLATE=utf8mb4_unicode_ci;
/*!40101 SET character_set_client = @saved_cs_client */;

--
-- Dumping data for table `ec_product_attribute_sets`
--

LOCK TABLES `ec_product_attribute_sets` WRITE;
/*!40000 ALTER TABLE `ec_product_attribute_sets` DISABLE KEYS */;
INSERT INTO `ec_product_attribute_sets` VALUES (1,'Color','color','visual',1,1,1,'published',0,'2024-11-20 02:45:37','2024-11-20 02:45:37',1),(2,'Size','size','text',1,1,1,'published',1,'2024-11-20 02:45:37','2024-11-20 02:45:37',0);
/*!40000 ALTER TABLE `ec_product_attribute_sets` ENABLE KEYS */;
UNLOCK TABLES;

--
-- Table structure for table `ec_product_attribute_sets_translations`
--

DROP TABLE IF EXISTS `ec_product_attribute_sets_translations`;
/*!40101 SET @saved_cs_client     = @@character_set_client */;
/*!40101 SET character_set_client = utf8 */;
CREATE TABLE `ec_product_attribute_sets_translations` (
  `lang_code` varchar(191) COLLATE utf8mb4_unicode_ci NOT NULL,
  `ec_product_attribute_sets_id` bigint unsigned NOT NULL,
  `title` varchar(191) COLLATE utf8mb4_unicode_ci DEFAULT NULL,
  PRIMARY KEY (`lang_code`,`ec_product_attribute_sets_id`)
) ENGINE=InnoDB DEFAULT CHARSET=utf8mb4 COLLATE=utf8mb4_unicode_ci;
/*!40101 SET character_set_client = @saved_cs_client */;

--
-- Dumping data for table `ec_product_attribute_sets_translations`
--

LOCK TABLES `ec_product_attribute_sets_translations` WRITE;
/*!40000 ALTER TABLE `ec_product_attribute_sets_translations` DISABLE KEYS */;
/*!40000 ALTER TABLE `ec_product_attribute_sets_translations` ENABLE KEYS */;
UNLOCK TABLES;

--
-- Table structure for table `ec_product_attributes`
--

DROP TABLE IF EXISTS `ec_product_attributes`;
/*!40101 SET @saved_cs_client     = @@character_set_client */;
/*!40101 SET character_set_client = utf8 */;
CREATE TABLE `ec_product_attributes` (
  `id` bigint unsigned NOT NULL AUTO_INCREMENT,
  `attribute_set_id` bigint unsigned NOT NULL,
  `title` varchar(120) COLLATE utf8mb4_unicode_ci NOT NULL,
  `slug` varchar(120) COLLATE utf8mb4_unicode_ci DEFAULT NULL,
  `color` varchar(50) COLLATE utf8mb4_unicode_ci DEFAULT NULL,
  `image` varchar(191) COLLATE utf8mb4_unicode_ci DEFAULT NULL,
  `is_default` tinyint unsigned NOT NULL DEFAULT '0',
  `order` tinyint unsigned NOT NULL DEFAULT '0',
  `created_at` timestamp NULL DEFAULT NULL,
  `updated_at` timestamp NULL DEFAULT NULL,
  PRIMARY KEY (`id`),
  KEY `attribute_set_status_index` (`attribute_set_id`)
) ENGINE=InnoDB AUTO_INCREMENT=11 DEFAULT CHARSET=utf8mb4 COLLATE=utf8mb4_unicode_ci;
/*!40101 SET character_set_client = @saved_cs_client */;

--
-- Dumping data for table `ec_product_attributes`
--

LOCK TABLES `ec_product_attributes` WRITE;
/*!40000 ALTER TABLE `ec_product_attributes` DISABLE KEYS */;
INSERT INTO `ec_product_attributes` VALUES (1,1,'Green','green','#5FB7D4',NULL,1,1,'2024-11-20 02:45:37','2024-11-20 02:45:37'),(2,1,'Blue','blue','#333333',NULL,0,2,'2024-11-20 02:45:37','2024-11-20 02:45:37'),(3,1,'Red','red','#DA323F',NULL,0,3,'2024-11-20 02:45:37','2024-11-20 02:45:37'),(4,1,'Black','black','#2F366C',NULL,0,4,'2024-11-20 02:45:37','2024-11-20 02:45:37'),(5,1,'Brown','brown','#87554B',NULL,0,5,'2024-11-20 02:45:37','2024-11-20 02:45:37'),(6,2,'S','s',NULL,NULL,1,1,'2024-11-20 02:45:37','2024-11-20 02:45:37'),(7,2,'M','m',NULL,NULL,0,2,'2024-11-20 02:45:37','2024-11-20 02:45:37'),(8,2,'L','l',NULL,NULL,0,3,'2024-11-20 02:45:37','2024-11-20 02:45:37'),(9,2,'XL','xl',NULL,NULL,0,4,'2024-11-20 02:45:37','2024-11-20 02:45:37'),(10,2,'XXL','xxl',NULL,NULL,0,5,'2024-11-20 02:45:37','2024-11-20 02:45:37');
/*!40000 ALTER TABLE `ec_product_attributes` ENABLE KEYS */;
UNLOCK TABLES;

--
-- Table structure for table `ec_product_attributes_translations`
--

DROP TABLE IF EXISTS `ec_product_attributes_translations`;
/*!40101 SET @saved_cs_client     = @@character_set_client */;
/*!40101 SET character_set_client = utf8 */;
CREATE TABLE `ec_product_attributes_translations` (
  `lang_code` varchar(191) COLLATE utf8mb4_unicode_ci NOT NULL,
  `ec_product_attributes_id` bigint unsigned NOT NULL,
  `title` varchar(191) COLLATE utf8mb4_unicode_ci DEFAULT NULL,
  PRIMARY KEY (`lang_code`,`ec_product_attributes_id`)
) ENGINE=InnoDB DEFAULT CHARSET=utf8mb4 COLLATE=utf8mb4_unicode_ci;
/*!40101 SET character_set_client = @saved_cs_client */;

--
-- Dumping data for table `ec_product_attributes_translations`
--

LOCK TABLES `ec_product_attributes_translations` WRITE;
/*!40000 ALTER TABLE `ec_product_attributes_translations` DISABLE KEYS */;
/*!40000 ALTER TABLE `ec_product_attributes_translations` ENABLE KEYS */;
UNLOCK TABLES;

--
-- Table structure for table `ec_product_categories`
--

DROP TABLE IF EXISTS `ec_product_categories`;
/*!40101 SET @saved_cs_client     = @@character_set_client */;
/*!40101 SET character_set_client = utf8 */;
CREATE TABLE `ec_product_categories` (
  `id` bigint unsigned NOT NULL AUTO_INCREMENT,
  `name` varchar(191) COLLATE utf8mb4_unicode_ci NOT NULL,
  `parent_id` bigint unsigned NOT NULL DEFAULT '0',
  `description` mediumtext COLLATE utf8mb4_unicode_ci,
  `status` varchar(60) COLLATE utf8mb4_unicode_ci NOT NULL DEFAULT 'published',
  `order` int unsigned NOT NULL DEFAULT '0',
  `image` varchar(191) COLLATE utf8mb4_unicode_ci DEFAULT NULL,
  `is_featured` tinyint unsigned NOT NULL DEFAULT '0',
  `created_at` timestamp NULL DEFAULT NULL,
  `updated_at` timestamp NULL DEFAULT NULL,
  `icon` varchar(191) COLLATE utf8mb4_unicode_ci DEFAULT NULL,
  `icon_image` varchar(191) COLLATE utf8mb4_unicode_ci DEFAULT NULL,
  PRIMARY KEY (`id`),
  KEY `ec_product_categories_parent_id_status_created_at_index` (`parent_id`,`status`,`created_at`),
  KEY `ec_product_categories_parent_id_status_index` (`parent_id`,`status`)
) ENGINE=InnoDB AUTO_INCREMENT=18 DEFAULT CHARSET=utf8mb4 COLLATE=utf8mb4_unicode_ci;
/*!40101 SET character_set_client = @saved_cs_client */;

--
-- Dumping data for table `ec_product_categories`
--

LOCK TABLES `ec_product_categories` WRITE;
/*!40000 ALTER TABLE `ec_product_categories` DISABLE KEYS */;
INSERT INTO `ec_product_categories` VALUES (1,'Pro Glasses',0,NULL,'published',0,'banners/banner-2-01.jpg',1,'2024-11-20 02:45:36','2024-11-20 02:45:36',NULL,NULL),(2,'Casual Shoes',0,NULL,'published',0,'banners/banner-2-02.jpg',1,'2024-11-20 02:45:36','2024-11-20 02:45:36',NULL,NULL),(3,'Winter Jacket',2,NULL,'published',0,'banners/banner-2-03.jpg',1,'2024-11-20 02:45:36','2024-11-20 02:45:36',NULL,NULL),(4,'New Added',2,NULL,'published',0,'banners/banner-2-04.jpg',1,'2024-11-20 02:45:36','2024-11-20 02:45:36',NULL,NULL),(5,'Wooden',2,NULL,'published',0,NULL,1,'2024-11-20 02:45:36','2024-11-20 02:45:36',NULL,NULL),(6,'Furniture',2,NULL,'published',0,NULL,1,'2024-11-20 02:45:36','2024-11-20 02:45:36',NULL,NULL),(7,'Clock',2,NULL,'published',0,NULL,1,'2024-11-20 02:45:36','2024-11-20 02:45:36',NULL,NULL),(8,'Gifts',2,NULL,'published',0,NULL,1,'2024-11-20 02:45:36','2024-11-20 02:45:36',NULL,NULL),(9,'Crafts',2,NULL,'published',0,NULL,1,'2024-11-20 02:45:36','2024-11-20 02:45:36',NULL,NULL),(10,'Gift Sets',0,NULL,'published',0,'features/feature-icon-01.png',1,'2024-11-20 02:45:36','2024-11-20 02:45:36',NULL,NULL),(11,'Plastic Gifts',0,NULL,'published',0,'features/feature-icon-02.png',1,'2024-11-20 02:45:36','2024-11-20 02:45:36',NULL,NULL),(12,'Handy Cream',0,NULL,'published',0,'features/feature-icon-03.png',1,'2024-11-20 02:45:36','2024-11-20 02:45:36',NULL,NULL),(13,'Cosmetics',0,NULL,'published',0,'features/feature-icon-04.png',1,'2024-11-20 02:45:36','2024-11-20 02:45:36',NULL,NULL),(14,'Silk Accessories',0,NULL,'published',0,'features/feature-icon-05.png',1,'2024-11-20 02:45:36','2024-11-20 02:45:36',NULL,NULL),(15,'Finest Skincare Lotions',0,NULL,'published',0,'features/feature-icon-06.png',1,'2024-11-20 02:45:36','2024-11-20 02:45:36',NULL,NULL),(16,'Bags & Purses',0,NULL,'published',0,NULL,1,'2024-11-20 02:45:36','2024-11-20 02:45:36',NULL,NULL),(17,'Sunglasses',0,NULL,'published',0,NULL,1,'2024-11-20 02:45:36','2024-11-20 02:45:36',NULL,NULL);
/*!40000 ALTER TABLE `ec_product_categories` ENABLE KEYS */;
UNLOCK TABLES;

--
-- Table structure for table `ec_product_categories_translations`
--

DROP TABLE IF EXISTS `ec_product_categories_translations`;
/*!40101 SET @saved_cs_client     = @@character_set_client */;
/*!40101 SET character_set_client = utf8 */;
CREATE TABLE `ec_product_categories_translations` (
  `lang_code` varchar(191) COLLATE utf8mb4_unicode_ci NOT NULL,
  `ec_product_categories_id` bigint unsigned NOT NULL,
  `name` varchar(191) COLLATE utf8mb4_unicode_ci DEFAULT NULL,
  `description` mediumtext COLLATE utf8mb4_unicode_ci,
  PRIMARY KEY (`lang_code`,`ec_product_categories_id`)
) ENGINE=InnoDB DEFAULT CHARSET=utf8mb4 COLLATE=utf8mb4_unicode_ci;
/*!40101 SET character_set_client = @saved_cs_client */;

--
-- Dumping data for table `ec_product_categories_translations`
--

LOCK TABLES `ec_product_categories_translations` WRITE;
/*!40000 ALTER TABLE `ec_product_categories_translations` DISABLE KEYS */;
/*!40000 ALTER TABLE `ec_product_categories_translations` ENABLE KEYS */;
UNLOCK TABLES;

--
-- Table structure for table `ec_product_categorizables`
--

DROP TABLE IF EXISTS `ec_product_categorizables`;
/*!40101 SET @saved_cs_client     = @@character_set_client */;
/*!40101 SET character_set_client = utf8 */;
CREATE TABLE `ec_product_categorizables` (
  `category_id` bigint unsigned NOT NULL,
  `reference_id` bigint unsigned NOT NULL,
  `reference_type` varchar(120) COLLATE utf8mb4_unicode_ci NOT NULL,
  PRIMARY KEY (`category_id`,`reference_id`,`reference_type`),
  KEY `ec_product_categorizables_category_id_index` (`category_id`),
  KEY `ec_product_categorizables_reference_id_index` (`reference_id`),
  KEY `ec_product_categorizables_reference_type_index` (`reference_type`)
) ENGINE=InnoDB DEFAULT CHARSET=utf8mb4 COLLATE=utf8mb4_unicode_ci;
/*!40101 SET character_set_client = @saved_cs_client */;

--
-- Dumping data for table `ec_product_categorizables`
--

LOCK TABLES `ec_product_categorizables` WRITE;
/*!40000 ALTER TABLE `ec_product_categorizables` DISABLE KEYS */;
/*!40000 ALTER TABLE `ec_product_categorizables` ENABLE KEYS */;
UNLOCK TABLES;

--
-- Table structure for table `ec_product_category_product`
--

DROP TABLE IF EXISTS `ec_product_category_product`;
/*!40101 SET @saved_cs_client     = @@character_set_client */;
/*!40101 SET character_set_client = utf8 */;
CREATE TABLE `ec_product_category_product` (
  `category_id` bigint unsigned NOT NULL,
  `product_id` bigint unsigned NOT NULL,
  PRIMARY KEY (`product_id`,`category_id`),
  KEY `ec_product_category_product_category_id_index` (`category_id`),
  KEY `ec_product_category_product_product_id_index` (`product_id`)
) ENGINE=InnoDB DEFAULT CHARSET=utf8mb4 COLLATE=utf8mb4_unicode_ci;
/*!40101 SET character_set_client = @saved_cs_client */;

--
-- Dumping data for table `ec_product_category_product`
--

LOCK TABLES `ec_product_category_product` WRITE;
/*!40000 ALTER TABLE `ec_product_category_product` DISABLE KEYS */;
INSERT INTO `ec_product_category_product` VALUES (1,7),(1,34),(1,37),(1,45),(1,53),(1,70),(2,20),(2,35),(3,6),(3,18),(3,26),(3,33),(3,50),(3,54),(3,56),(4,13),(4,44),(4,46),(4,51),(5,4),(5,57),(5,67),(5,69),(5,73),(5,74),(6,5),(6,47),(7,17),(7,24),(7,29),(7,42),(7,52),(7,63),(8,3),(8,10),(8,12),(8,15),(8,28),(8,30),(8,55),(8,72),(9,1),(9,2),(9,22),(9,27),(9,31),(9,36),(9,40),(9,43),(9,62),(9,65),(10,25),(10,39),(10,68),(11,9),(11,11),(11,14),(11,16),(11,23),(11,38),(11,59),(11,60),(11,64),(11,66),(12,8),(12,19),(12,21),(12,71),(13,48),(13,49),(14,32),(14,41),(14,58),(14,61),(14,75);
/*!40000 ALTER TABLE `ec_product_category_product` ENABLE KEYS */;
UNLOCK TABLES;

--
-- Table structure for table `ec_product_collection_products`
--

DROP TABLE IF EXISTS `ec_product_collection_products`;
/*!40101 SET @saved_cs_client     = @@character_set_client */;
/*!40101 SET character_set_client = utf8 */;
CREATE TABLE `ec_product_collection_products` (
  `product_collection_id` bigint unsigned NOT NULL,
  `product_id` bigint unsigned NOT NULL,
  PRIMARY KEY (`product_id`,`product_collection_id`),
  KEY `ec_product_collection_products_product_collection_id_index` (`product_collection_id`),
  KEY `ec_product_collection_products_product_id_index` (`product_id`)
) ENGINE=InnoDB DEFAULT CHARSET=utf8mb4 COLLATE=utf8mb4_unicode_ci;
/*!40101 SET character_set_client = @saved_cs_client */;

--
-- Dumping data for table `ec_product_collection_products`
--

LOCK TABLES `ec_product_collection_products` WRITE;
/*!40000 ALTER TABLE `ec_product_collection_products` DISABLE KEYS */;
INSERT INTO `ec_product_collection_products` VALUES (1,3),(1,9),(1,11),(1,12),(1,16),(1,17),(1,21),(1,24),(1,27),(1,28),(1,32),(1,34),(1,45),(1,46),(1,57),(1,66),(1,67),(1,72),(2,2),(2,4),(2,7),(2,10),(2,19),(2,20),(2,23),(2,26),(2,30),(2,33),(2,35),(2,36),(2,37),(2,38),(2,39),(2,40),(2,42),(2,47),(2,49),(2,52),(2,54),(2,56),(2,59),(2,60),(2,61),(2,63),(2,65),(2,70),(2,73),(2,74),(2,75),(3,1),(3,5),(3,6),(3,8),(3,13),(3,14),(3,15),(3,18),(3,22),(3,25),(3,29),(3,31),(3,41),(3,43),(3,44),(3,48),(3,50),(3,51),(3,53),(3,55),(3,58),(3,62),(3,64),(3,68),(3,69),(3,71);
/*!40000 ALTER TABLE `ec_product_collection_products` ENABLE KEYS */;
UNLOCK TABLES;

--
-- Table structure for table `ec_product_collections`
--

DROP TABLE IF EXISTS `ec_product_collections`;
/*!40101 SET @saved_cs_client     = @@character_set_client */;
/*!40101 SET character_set_client = utf8 */;
CREATE TABLE `ec_product_collections` (
  `id` bigint unsigned NOT NULL AUTO_INCREMENT,
  `name` varchar(191) COLLATE utf8mb4_unicode_ci NOT NULL,
  `slug` varchar(191) COLLATE utf8mb4_unicode_ci NOT NULL,
  `description` varchar(400) COLLATE utf8mb4_unicode_ci DEFAULT NULL,
  `image` varchar(191) COLLATE utf8mb4_unicode_ci DEFAULT NULL,
  `status` varchar(60) COLLATE utf8mb4_unicode_ci NOT NULL DEFAULT 'published',
  `created_at` timestamp NULL DEFAULT NULL,
  `updated_at` timestamp NULL DEFAULT NULL,
  `is_featured` tinyint unsigned NOT NULL DEFAULT '0',
  PRIMARY KEY (`id`)
) ENGINE=InnoDB AUTO_INCREMENT=8 DEFAULT CHARSET=utf8mb4 COLLATE=utf8mb4_unicode_ci;
/*!40101 SET character_set_client = @saved_cs_client */;

--
-- Dumping data for table `ec_product_collections`
--

LOCK TABLES `ec_product_collections` WRITE;
/*!40000 ALTER TABLE `ec_product_collections` DISABLE KEYS */;
INSERT INTO `ec_product_collections` VALUES (1,'New Arrival','new-arrival',NULL,NULL,'published','2024-11-20 02:45:37','2024-11-20 02:45:37',0),(2,'Best Sellers','best-sellers',NULL,NULL,'published','2024-11-20 02:45:37','2024-11-20 02:45:37',0),(3,'Special Offer','special-offer',NULL,NULL,'published','2024-11-20 02:45:37','2024-11-20 02:45:37',0),(4,'Reactive Providence Hair Color','reactive-providence-hair-color',NULL,'banners/thumb-01.jpg','published','2024-11-20 02:45:37','2024-11-20 02:45:37',0),(5,'New Modern &amp; Stylist Makeup','new-modern-stylist-makeup',NULL,'banners/thumb-02.jpg','published','2024-11-20 02:45:37','2024-11-20 02:45:37',0),(6,'Intensive Glow C+ Serum','intensive-glow-c-serum',NULL,'banners/thumb-03.jpg','published','2024-11-20 02:45:37','2024-11-20 02:45:37',0),(7,'Vogue','vogue',NULL,'banners/thumb-04.jpg','published','2024-11-20 02:45:37','2024-11-20 02:45:37',0);
/*!40000 ALTER TABLE `ec_product_collections` ENABLE KEYS */;
UNLOCK TABLES;

--
-- Table structure for table `ec_product_collections_translations`
--

DROP TABLE IF EXISTS `ec_product_collections_translations`;
/*!40101 SET @saved_cs_client     = @@character_set_client */;
/*!40101 SET character_set_client = utf8 */;
CREATE TABLE `ec_product_collections_translations` (
  `lang_code` varchar(191) COLLATE utf8mb4_unicode_ci NOT NULL,
  `ec_product_collections_id` bigint unsigned NOT NULL,
  `name` varchar(191) COLLATE utf8mb4_unicode_ci DEFAULT NULL,
  `description` varchar(400) COLLATE utf8mb4_unicode_ci DEFAULT NULL,
  PRIMARY KEY (`lang_code`,`ec_product_collections_id`)
) ENGINE=InnoDB DEFAULT CHARSET=utf8mb4 COLLATE=utf8mb4_unicode_ci;
/*!40101 SET character_set_client = @saved_cs_client */;

--
-- Dumping data for table `ec_product_collections_translations`
--

LOCK TABLES `ec_product_collections_translations` WRITE;
/*!40000 ALTER TABLE `ec_product_collections_translations` DISABLE KEYS */;
/*!40000 ALTER TABLE `ec_product_collections_translations` ENABLE KEYS */;
UNLOCK TABLES;

--
-- Table structure for table `ec_product_cross_sale_relations`
--

DROP TABLE IF EXISTS `ec_product_cross_sale_relations`;
/*!40101 SET @saved_cs_client     = @@character_set_client */;
/*!40101 SET character_set_client = utf8 */;
CREATE TABLE `ec_product_cross_sale_relations` (
  `from_product_id` bigint unsigned NOT NULL,
  `to_product_id` bigint unsigned NOT NULL,
  `is_variant` tinyint(1) NOT NULL DEFAULT '0',
  `price` decimal(15,2) DEFAULT '0.00',
  `price_type` varchar(191) COLLATE utf8mb4_unicode_ci NOT NULL DEFAULT 'fixed',
  `apply_to_all_variations` tinyint(1) NOT NULL DEFAULT '1',
  PRIMARY KEY (`from_product_id`,`to_product_id`),
  KEY `ec_product_cross_sale_relations_from_product_id_index` (`from_product_id`),
  KEY `ec_product_cross_sale_relations_to_product_id_index` (`to_product_id`)
) ENGINE=InnoDB DEFAULT CHARSET=utf8mb4 COLLATE=utf8mb4_unicode_ci;
/*!40101 SET character_set_client = @saved_cs_client */;

--
-- Dumping data for table `ec_product_cross_sale_relations`
--

LOCK TABLES `ec_product_cross_sale_relations` WRITE;
/*!40000 ALTER TABLE `ec_product_cross_sale_relations` DISABLE KEYS */;
INSERT INTO `ec_product_cross_sale_relations` VALUES (1,40,0,0.00,'fixed',1),(1,44,0,0.00,'fixed',1),(1,51,0,0.00,'fixed',1),(1,65,0,0.00,'fixed',1),(2,17,0,0.00,'fixed',1),(2,43,0,0.00,'fixed',1),(2,50,0,0.00,'fixed',1),(2,70,0,0.00,'fixed',1),(3,8,0,0.00,'fixed',1),(3,10,0,0.00,'fixed',1),(3,31,0,0.00,'fixed',1),(3,48,0,0.00,'fixed',1),(4,22,0,0.00,'fixed',1),(4,39,0,0.00,'fixed',1),(4,68,0,0.00,'fixed',1),(4,71,0,0.00,'fixed',1),(5,35,0,0.00,'fixed',1),(5,46,0,0.00,'fixed',1),(5,48,0,0.00,'fixed',1),(5,60,0,0.00,'fixed',1),(6,2,0,0.00,'fixed',1),(6,42,0,0.00,'fixed',1),(6,49,0,0.00,'fixed',1),(6,75,0,0.00,'fixed',1),(7,5,0,0.00,'fixed',1),(7,8,0,0.00,'fixed',1),(7,12,0,0.00,'fixed',1),(7,19,0,0.00,'fixed',1),(8,14,0,0.00,'fixed',1),(8,22,0,0.00,'fixed',1),(8,62,0,0.00,'fixed',1),(8,67,0,0.00,'fixed',1),(9,21,0,0.00,'fixed',1),(9,25,0,0.00,'fixed',1),(9,37,0,0.00,'fixed',1),(10,19,0,0.00,'fixed',1),(10,31,0,0.00,'fixed',1),(10,36,0,0.00,'fixed',1),(10,74,0,0.00,'fixed',1),(11,22,0,0.00,'fixed',1),(11,43,0,0.00,'fixed',1),(11,50,0,0.00,'fixed',1),(11,54,0,0.00,'fixed',1),(12,4,0,0.00,'fixed',1),(12,26,0,0.00,'fixed',1),(12,38,0,0.00,'fixed',1),(12,47,0,0.00,'fixed',1),(13,6,0,0.00,'fixed',1),(13,7,0,0.00,'fixed',1),(13,16,0,0.00,'fixed',1),(13,19,0,0.00,'fixed',1),(14,23,0,0.00,'fixed',1),(14,24,0,0.00,'fixed',1),(14,32,0,0.00,'fixed',1),(14,71,0,0.00,'fixed',1),(15,22,0,0.00,'fixed',1),(15,25,0,0.00,'fixed',1),(15,33,0,0.00,'fixed',1),(15,67,0,0.00,'fixed',1),(16,8,0,0.00,'fixed',1),(16,26,0,0.00,'fixed',1),(16,28,0,0.00,'fixed',1),(16,35,0,0.00,'fixed',1),(17,21,0,0.00,'fixed',1),(17,29,0,0.00,'fixed',1),(17,46,0,0.00,'fixed',1),(17,48,0,0.00,'fixed',1),(18,21,0,0.00,'fixed',1),(18,40,0,0.00,'fixed',1),(18,55,0,0.00,'fixed',1),(18,56,0,0.00,'fixed',1),(19,4,0,0.00,'fixed',1),(19,21,0,0.00,'fixed',1),(19,53,0,0.00,'fixed',1),(19,56,0,0.00,'fixed',1),(20,4,0,0.00,'fixed',1),(20,39,0,0.00,'fixed',1),(20,51,0,0.00,'fixed',1),(20,66,0,0.00,'fixed',1),(21,4,0,0.00,'fixed',1),(21,28,0,0.00,'fixed',1),(21,37,0,0.00,'fixed',1),(21,48,0,0.00,'fixed',1),(22,20,0,0.00,'fixed',1),(22,21,0,0.00,'fixed',1),(22,39,0,0.00,'fixed',1),(22,73,0,0.00,'fixed',1),(23,8,0,0.00,'fixed',1),(23,15,0,0.00,'fixed',1),(23,33,0,0.00,'fixed',1),(23,37,0,0.00,'fixed',1),(24,1,0,0.00,'fixed',1),(24,9,0,0.00,'fixed',1),(24,62,0,0.00,'fixed',1),(24,70,0,0.00,'fixed',1),(25,2,0,0.00,'fixed',1),(25,6,0,0.00,'fixed',1),(25,59,0,0.00,'fixed',1),(25,66,0,0.00,'fixed',1),(26,6,0,0.00,'fixed',1),(26,14,0,0.00,'fixed',1),(26,36,0,0.00,'fixed',1),(26,57,0,0.00,'fixed',1),(27,5,0,0.00,'fixed',1),(27,30,0,0.00,'fixed',1),(27,61,0,0.00,'fixed',1),(27,63,0,0.00,'fixed',1),(28,15,0,0.00,'fixed',1),(28,25,0,0.00,'fixed',1),(28,60,0,0.00,'fixed',1),(28,67,0,0.00,'fixed',1),(29,7,0,0.00,'fixed',1),(29,15,0,0.00,'fixed',1),(29,34,0,0.00,'fixed',1),(29,68,0,0.00,'fixed',1),(30,10,0,0.00,'fixed',1),(30,54,0,0.00,'fixed',1),(30,71,0,0.00,'fixed',1),(30,75,0,0.00,'fixed',1),(31,24,0,0.00,'fixed',1),(31,32,0,0.00,'fixed',1),(31,66,0,0.00,'fixed',1),(31,68,0,0.00,'fixed',1),(32,6,0,0.00,'fixed',1),(32,11,0,0.00,'fixed',1),(32,28,0,0.00,'fixed',1),(32,73,0,0.00,'fixed',1),(33,2,0,0.00,'fixed',1),(33,28,0,0.00,'fixed',1),(33,30,0,0.00,'fixed',1),(33,71,0,0.00,'fixed',1),(34,6,0,0.00,'fixed',1),(34,8,0,0.00,'fixed',1),(34,20,0,0.00,'fixed',1),(34,62,0,0.00,'fixed',1),(35,1,0,0.00,'fixed',1),(35,8,0,0.00,'fixed',1),(35,9,0,0.00,'fixed',1),(35,29,0,0.00,'fixed',1),(36,13,0,0.00,'fixed',1),(36,26,0,0.00,'fixed',1),(36,28,0,0.00,'fixed',1),(36,51,0,0.00,'fixed',1),(37,3,0,0.00,'fixed',1),(37,14,0,0.00,'fixed',1),(37,35,0,0.00,'fixed',1),(37,51,0,0.00,'fixed',1),(38,6,0,0.00,'fixed',1),(38,33,0,0.00,'fixed',1),(38,36,0,0.00,'fixed',1),(38,60,0,0.00,'fixed',1),(39,6,0,0.00,'fixed',1),(39,9,0,0.00,'fixed',1),(39,16,0,0.00,'fixed',1),(39,66,0,0.00,'fixed',1),(40,7,0,0.00,'fixed',1),(40,39,0,0.00,'fixed',1),(40,43,0,0.00,'fixed',1),(40,46,0,0.00,'fixed',1),(41,22,0,0.00,'fixed',1),(41,27,0,0.00,'fixed',1),(41,34,0,0.00,'fixed',1),(41,36,0,0.00,'fixed',1),(42,41,0,0.00,'fixed',1),(42,54,0,0.00,'fixed',1),(42,59,0,0.00,'fixed',1),(42,73,0,0.00,'fixed',1),(43,15,0,0.00,'fixed',1),(43,24,0,0.00,'fixed',1),(43,54,0,0.00,'fixed',1),(43,69,0,0.00,'fixed',1),(44,6,0,0.00,'fixed',1),(44,14,0,0.00,'fixed',1),(44,15,0,0.00,'fixed',1),(44,58,0,0.00,'fixed',1),(45,24,0,0.00,'fixed',1),(45,26,0,0.00,'fixed',1),(45,42,0,0.00,'fixed',1),(45,56,0,0.00,'fixed',1),(46,4,0,0.00,'fixed',1),(46,14,0,0.00,'fixed',1),(46,37,0,0.00,'fixed',1),(46,44,0,0.00,'fixed',1),(47,27,0,0.00,'fixed',1),(47,59,0,0.00,'fixed',1),(47,70,0,0.00,'fixed',1),(47,73,0,0.00,'fixed',1),(48,1,0,0.00,'fixed',1),(48,4,0,0.00,'fixed',1),(48,24,0,0.00,'fixed',1),(48,61,0,0.00,'fixed',1),(49,16,0,0.00,'fixed',1),(49,24,0,0.00,'fixed',1),(49,30,0,0.00,'fixed',1),(49,68,0,0.00,'fixed',1),(50,19,0,0.00,'fixed',1),(50,33,0,0.00,'fixed',1),(50,57,0,0.00,'fixed',1),(50,58,0,0.00,'fixed',1),(51,11,0,0.00,'fixed',1),(51,16,0,0.00,'fixed',1),(51,37,0,0.00,'fixed',1),(51,44,0,0.00,'fixed',1),(52,39,0,0.00,'fixed',1),(52,50,0,0.00,'fixed',1),(52,56,0,0.00,'fixed',1),(52,74,0,0.00,'fixed',1),(53,5,0,0.00,'fixed',1),(53,7,0,0.00,'fixed',1),(53,63,0,0.00,'fixed',1),(53,68,0,0.00,'fixed',1),(54,8,0,0.00,'fixed',1),(54,49,0,0.00,'fixed',1),(54,58,0,0.00,'fixed',1),(54,63,0,0.00,'fixed',1),(55,7,0,0.00,'fixed',1),(55,18,0,0.00,'fixed',1),(55,37,0,0.00,'fixed',1),(55,53,0,0.00,'fixed',1),(56,4,0,0.00,'fixed',1),(56,20,0,0.00,'fixed',1),(56,23,0,0.00,'fixed',1),(56,45,0,0.00,'fixed',1),(57,8,0,0.00,'fixed',1),(57,36,0,0.00,'fixed',1),(57,38,0,0.00,'fixed',1),(57,41,0,0.00,'fixed',1),(58,44,0,0.00,'fixed',1),(58,52,0,0.00,'fixed',1),(58,57,0,0.00,'fixed',1),(58,66,0,0.00,'fixed',1),(59,3,0,0.00,'fixed',1),(59,4,0,0.00,'fixed',1),(59,26,0,0.00,'fixed',1),(59,43,0,0.00,'fixed',1),(60,29,0,0.00,'fixed',1),(60,34,0,0.00,'fixed',1),(60,61,0,0.00,'fixed',1),(60,64,0,0.00,'fixed',1),(61,41,0,0.00,'fixed',1),(61,67,0,0.00,'fixed',1),(61,69,0,0.00,'fixed',1),(62,14,0,0.00,'fixed',1),(62,41,0,0.00,'fixed',1),(62,59,0,0.00,'fixed',1),(62,66,0,0.00,'fixed',1),(63,1,0,0.00,'fixed',1),(63,2,0,0.00,'fixed',1),(63,5,0,0.00,'fixed',1),(63,48,0,0.00,'fixed',1),(64,27,0,0.00,'fixed',1),(64,28,0,0.00,'fixed',1),(64,29,0,0.00,'fixed',1),(64,40,0,0.00,'fixed',1),(65,17,0,0.00,'fixed',1),(65,30,0,0.00,'fixed',1),(65,36,0,0.00,'fixed',1),(65,42,0,0.00,'fixed',1),(66,40,0,0.00,'fixed',1),(66,61,0,0.00,'fixed',1),(66,63,0,0.00,'fixed',1),(66,70,0,0.00,'fixed',1),(67,1,0,0.00,'fixed',1),(67,12,0,0.00,'fixed',1),(67,38,0,0.00,'fixed',1),(67,51,0,0.00,'fixed',1),(68,5,0,0.00,'fixed',1),(68,50,0,0.00,'fixed',1),(68,66,0,0.00,'fixed',1),(68,69,0,0.00,'fixed',1),(69,35,0,0.00,'fixed',1),(69,37,0,0.00,'fixed',1),(69,49,0,0.00,'fixed',1),(69,70,0,0.00,'fixed',1),(70,65,0,0.00,'fixed',1),(70,66,0,0.00,'fixed',1),(70,73,0,0.00,'fixed',1),(71,17,0,0.00,'fixed',1),(71,24,0,0.00,'fixed',1),(71,57,0,0.00,'fixed',1),(71,63,0,0.00,'fixed',1),(72,8,0,0.00,'fixed',1),(72,41,0,0.00,'fixed',1),(72,42,0,0.00,'fixed',1),(72,73,0,0.00,'fixed',1),(73,1,0,0.00,'fixed',1),(73,5,0,0.00,'fixed',1),(73,59,0,0.00,'fixed',1),(73,62,0,0.00,'fixed',1),(74,13,0,0.00,'fixed',1),(74,26,0,0.00,'fixed',1),(74,33,0,0.00,'fixed',1),(74,62,0,0.00,'fixed',1),(75,18,0,0.00,'fixed',1),(75,46,0,0.00,'fixed',1),(75,55,0,0.00,'fixed',1),(75,60,0,0.00,'fixed',1);
/*!40000 ALTER TABLE `ec_product_cross_sale_relations` ENABLE KEYS */;
UNLOCK TABLES;

--
-- Table structure for table `ec_product_files`
--

DROP TABLE IF EXISTS `ec_product_files`;
/*!40101 SET @saved_cs_client     = @@character_set_client */;
/*!40101 SET character_set_client = utf8 */;
CREATE TABLE `ec_product_files` (
  `id` bigint unsigned NOT NULL AUTO_INCREMENT,
  `product_id` bigint unsigned DEFAULT NULL,
  `url` varchar(400) COLLATE utf8mb4_unicode_ci DEFAULT NULL,
  `extras` mediumtext COLLATE utf8mb4_unicode_ci,
  `created_at` timestamp NULL DEFAULT NULL,
  `updated_at` timestamp NULL DEFAULT NULL,
  PRIMARY KEY (`id`),
  KEY `ec_product_files_product_id_index` (`product_id`)
) ENGINE=InnoDB AUTO_INCREMENT=463 DEFAULT CHARSET=utf8mb4 COLLATE=utf8mb4_unicode_ci;
/*!40101 SET character_set_client = @saved_cs_client */;

--
-- Dumping data for table `ec_product_files`
--

LOCK TABLES `ec_product_files` WRITE;
/*!40000 ALTER TABLE `ec_product_files` DISABLE KEYS */;
INSERT INTO `ec_product_files` VALUES (1,76,'ecommerce/digital-product-files/product-6.jpg','{\"filename\":\"product-6.jpg\",\"url\":\"ecommerce\\/digital-product-files\\/product-6.jpg\",\"mime_type\":\"image\\/jpeg\",\"size\":9730,\"modified\":\"2024-11-20 09:45:45\",\"name\":\"product-6\",\"extension\":\"jpg\"}','2024-11-20 02:45:45','2024-11-20 02:45:45'),(2,76,'ecommerce/digital-product-files/product-5.jpg','{\"filename\":\"product-5.jpg\",\"url\":\"ecommerce\\/digital-product-files\\/product-5.jpg\",\"mime_type\":\"image\\/jpeg\",\"size\":9730,\"modified\":\"2024-11-20 09:45:45\",\"name\":\"product-5\",\"extension\":\"jpg\"}','2024-11-20 02:45:45','2024-11-20 02:45:45'),(3,76,'ecommerce/digital-product-files/product-89.jpg','{\"filename\":\"product-89.jpg\",\"url\":\"ecommerce\\/digital-product-files\\/product-89.jpg\",\"mime_type\":\"image\\/jpeg\",\"size\":9730,\"modified\":\"2024-11-20 09:45:45\",\"name\":\"product-89\",\"extension\":\"jpg\"}','2024-11-20 02:45:45','2024-11-20 02:45:45'),(4,76,'ecommerce/digital-product-files/product-36.jpg','{\"filename\":\"product-36.jpg\",\"url\":\"ecommerce\\/digital-product-files\\/product-36.jpg\",\"mime_type\":\"image\\/jpeg\",\"size\":9730,\"modified\":\"2024-11-20 09:45:45\",\"name\":\"product-36\",\"extension\":\"jpg\"}','2024-11-20 02:45:45','2024-11-20 02:45:45'),(5,76,'ecommerce/digital-product-files/product-86.jpg','{\"filename\":\"product-86.jpg\",\"url\":\"ecommerce\\/digital-product-files\\/product-86.jpg\",\"mime_type\":\"image\\/jpeg\",\"size\":9730,\"modified\":\"2024-11-20 09:45:45\",\"name\":\"product-86\",\"extension\":\"jpg\"}','2024-11-20 02:45:45','2024-11-20 02:45:45'),(6,76,'ecommerce/digital-product-files/product-76.jpg','{\"filename\":\"product-76.jpg\",\"url\":\"ecommerce\\/digital-product-files\\/product-76.jpg\",\"mime_type\":\"image\\/jpeg\",\"size\":9730,\"modified\":\"2024-11-20 09:45:45\",\"name\":\"product-76\",\"extension\":\"jpg\"}','2024-11-20 02:45:45','2024-11-20 02:45:45'),(7,77,'ecommerce/digital-product-files/product-6.jpg','{\"filename\":\"product-6.jpg\",\"url\":\"ecommerce\\/digital-product-files\\/product-6.jpg\",\"mime_type\":\"image\\/jpeg\",\"size\":9730,\"modified\":\"2024-11-20 09:45:45\",\"name\":\"product-6\",\"extension\":\"jpg\"}','2024-11-20 02:45:45','2024-11-20 02:45:45'),(8,77,'ecommerce/digital-product-files/product-5.jpg','{\"filename\":\"product-5.jpg\",\"url\":\"ecommerce\\/digital-product-files\\/product-5.jpg\",\"mime_type\":\"image\\/jpeg\",\"size\":9730,\"modified\":\"2024-11-20 09:45:45\",\"name\":\"product-5\",\"extension\":\"jpg\"}','2024-11-20 02:45:45','2024-11-20 02:45:45'),(9,77,'ecommerce/digital-product-files/product-89.jpg','{\"filename\":\"product-89.jpg\",\"url\":\"ecommerce\\/digital-product-files\\/product-89.jpg\",\"mime_type\":\"image\\/jpeg\",\"size\":9730,\"modified\":\"2024-11-20 09:45:45\",\"name\":\"product-89\",\"extension\":\"jpg\"}','2024-11-20 02:45:45','2024-11-20 02:45:45'),(10,77,'ecommerce/digital-product-files/product-36.jpg','{\"filename\":\"product-36.jpg\",\"url\":\"ecommerce\\/digital-product-files\\/product-36.jpg\",\"mime_type\":\"image\\/jpeg\",\"size\":9730,\"modified\":\"2024-11-20 09:45:45\",\"name\":\"product-36\",\"extension\":\"jpg\"}','2024-11-20 02:45:45','2024-11-20 02:45:45'),(11,77,'ecommerce/digital-product-files/product-86.jpg','{\"filename\":\"product-86.jpg\",\"url\":\"ecommerce\\/digital-product-files\\/product-86.jpg\",\"mime_type\":\"image\\/jpeg\",\"size\":9730,\"modified\":\"2024-11-20 09:45:45\",\"name\":\"product-86\",\"extension\":\"jpg\"}','2024-11-20 02:45:45','2024-11-20 02:45:45'),(12,77,'ecommerce/digital-product-files/product-76.jpg','{\"filename\":\"product-76.jpg\",\"url\":\"ecommerce\\/digital-product-files\\/product-76.jpg\",\"mime_type\":\"image\\/jpeg\",\"size\":9730,\"modified\":\"2024-11-20 09:45:45\",\"name\":\"product-76\",\"extension\":\"jpg\"}','2024-11-20 02:45:45','2024-11-20 02:45:45'),(13,78,'ecommerce/digital-product-files/product-6.jpg','{\"filename\":\"product-6.jpg\",\"url\":\"ecommerce\\/digital-product-files\\/product-6.jpg\",\"mime_type\":\"image\\/jpeg\",\"size\":9730,\"modified\":\"2024-11-20 09:45:45\",\"name\":\"product-6\",\"extension\":\"jpg\"}','2024-11-20 02:45:45','2024-11-20 02:45:45'),(14,78,'ecommerce/digital-product-files/product-5.jpg','{\"filename\":\"product-5.jpg\",\"url\":\"ecommerce\\/digital-product-files\\/product-5.jpg\",\"mime_type\":\"image\\/jpeg\",\"size\":9730,\"modified\":\"2024-11-20 09:45:45\",\"name\":\"product-5\",\"extension\":\"jpg\"}','2024-11-20 02:45:45','2024-11-20 02:45:45'),(15,78,'ecommerce/digital-product-files/product-89.jpg','{\"filename\":\"product-89.jpg\",\"url\":\"ecommerce\\/digital-product-files\\/product-89.jpg\",\"mime_type\":\"image\\/jpeg\",\"size\":9730,\"modified\":\"2024-11-20 09:45:45\",\"name\":\"product-89\",\"extension\":\"jpg\"}','2024-11-20 02:45:45','2024-11-20 02:45:45'),(16,78,'ecommerce/digital-product-files/product-36.jpg','{\"filename\":\"product-36.jpg\",\"url\":\"ecommerce\\/digital-product-files\\/product-36.jpg\",\"mime_type\":\"image\\/jpeg\",\"size\":9730,\"modified\":\"2024-11-20 09:45:45\",\"name\":\"product-36\",\"extension\":\"jpg\"}','2024-11-20 02:45:45','2024-11-20 02:45:45'),(17,78,'ecommerce/digital-product-files/product-86.jpg','{\"filename\":\"product-86.jpg\",\"url\":\"ecommerce\\/digital-product-files\\/product-86.jpg\",\"mime_type\":\"image\\/jpeg\",\"size\":9730,\"modified\":\"2024-11-20 09:45:45\",\"name\":\"product-86\",\"extension\":\"jpg\"}','2024-11-20 02:45:45','2024-11-20 02:45:45'),(18,78,'ecommerce/digital-product-files/product-76.jpg','{\"filename\":\"product-76.jpg\",\"url\":\"ecommerce\\/digital-product-files\\/product-76.jpg\",\"mime_type\":\"image\\/jpeg\",\"size\":9730,\"modified\":\"2024-11-20 09:45:45\",\"name\":\"product-76\",\"extension\":\"jpg\"}','2024-11-20 02:45:45','2024-11-20 02:45:45'),(19,88,'ecommerce/digital-product-files/product-91.jpg','{\"filename\":\"product-91.jpg\",\"url\":\"ecommerce\\/digital-product-files\\/product-91.jpg\",\"mime_type\":\"image\\/jpeg\",\"size\":9730,\"modified\":\"2024-11-20 09:45:45\",\"name\":\"product-91\",\"extension\":\"jpg\"}','2024-11-20 02:45:45','2024-11-20 02:45:45'),(20,88,'ecommerce/digital-product-files/product-44.jpg','{\"filename\":\"product-44.jpg\",\"url\":\"ecommerce\\/digital-product-files\\/product-44.jpg\",\"mime_type\":\"image\\/jpeg\",\"size\":9730,\"modified\":\"2024-11-20 09:45:45\",\"name\":\"product-44\",\"extension\":\"jpg\"}','2024-11-20 02:45:45','2024-11-20 02:45:45'),(21,88,'ecommerce/digital-product-files/product-29.jpg','{\"filename\":\"product-29.jpg\",\"url\":\"ecommerce\\/digital-product-files\\/product-29.jpg\",\"mime_type\":\"image\\/jpeg\",\"size\":9730,\"modified\":\"2024-11-20 09:45:45\",\"name\":\"product-29\",\"extension\":\"jpg\"}','2024-11-20 02:45:45','2024-11-20 02:45:45'),(22,88,'ecommerce/digital-product-files/product-9.jpg','{\"filename\":\"product-9.jpg\",\"url\":\"ecommerce\\/digital-product-files\\/product-9.jpg\",\"mime_type\":\"image\\/jpeg\",\"size\":9730,\"modified\":\"2024-11-20 09:45:45\",\"name\":\"product-9\",\"extension\":\"jpg\"}','2024-11-20 02:45:45','2024-11-20 02:45:45'),(23,88,'ecommerce/digital-product-files/product-52.jpg','{\"filename\":\"product-52.jpg\",\"url\":\"ecommerce\\/digital-product-files\\/product-52.jpg\",\"mime_type\":\"image\\/jpeg\",\"size\":9730,\"modified\":\"2024-11-20 09:45:45\",\"name\":\"product-52\",\"extension\":\"jpg\"}','2024-11-20 02:45:45','2024-11-20 02:45:45'),(24,89,'ecommerce/digital-product-files/product-91.jpg','{\"filename\":\"product-91.jpg\",\"url\":\"ecommerce\\/digital-product-files\\/product-91.jpg\",\"mime_type\":\"image\\/jpeg\",\"size\":9730,\"modified\":\"2024-11-20 09:45:45\",\"name\":\"product-91\",\"extension\":\"jpg\"}','2024-11-20 02:45:45','2024-11-20 02:45:45'),(25,89,'ecommerce/digital-product-files/product-44.jpg','{\"filename\":\"product-44.jpg\",\"url\":\"ecommerce\\/digital-product-files\\/product-44.jpg\",\"mime_type\":\"image\\/jpeg\",\"size\":9730,\"modified\":\"2024-11-20 09:45:45\",\"name\":\"product-44\",\"extension\":\"jpg\"}','2024-11-20 02:45:45','2024-11-20 02:45:45'),(26,89,'ecommerce/digital-product-files/product-29.jpg','{\"filename\":\"product-29.jpg\",\"url\":\"ecommerce\\/digital-product-files\\/product-29.jpg\",\"mime_type\":\"image\\/jpeg\",\"size\":9730,\"modified\":\"2024-11-20 09:45:45\",\"name\":\"product-29\",\"extension\":\"jpg\"}','2024-11-20 02:45:45','2024-11-20 02:45:45'),(27,89,'ecommerce/digital-product-files/product-9.jpg','{\"filename\":\"product-9.jpg\",\"url\":\"ecommerce\\/digital-product-files\\/product-9.jpg\",\"mime_type\":\"image\\/jpeg\",\"size\":9730,\"modified\":\"2024-11-20 09:45:45\",\"name\":\"product-9\",\"extension\":\"jpg\"}','2024-11-20 02:45:45','2024-11-20 02:45:45'),(28,89,'ecommerce/digital-product-files/product-52.jpg','{\"filename\":\"product-52.jpg\",\"url\":\"ecommerce\\/digital-product-files\\/product-52.jpg\",\"mime_type\":\"image\\/jpeg\",\"size\":9730,\"modified\":\"2024-11-20 09:45:45\",\"name\":\"product-52\",\"extension\":\"jpg\"}','2024-11-20 02:45:45','2024-11-20 02:45:45'),(29,90,'ecommerce/digital-product-files/product-91.jpg','{\"filename\":\"product-91.jpg\",\"url\":\"ecommerce\\/digital-product-files\\/product-91.jpg\",\"mime_type\":\"image\\/jpeg\",\"size\":9730,\"modified\":\"2024-11-20 09:45:45\",\"name\":\"product-91\",\"extension\":\"jpg\"}','2024-11-20 02:45:45','2024-11-20 02:45:45'),(30,90,'ecommerce/digital-product-files/product-44.jpg','{\"filename\":\"product-44.jpg\",\"url\":\"ecommerce\\/digital-product-files\\/product-44.jpg\",\"mime_type\":\"image\\/jpeg\",\"size\":9730,\"modified\":\"2024-11-20 09:45:45\",\"name\":\"product-44\",\"extension\":\"jpg\"}','2024-11-20 02:45:45','2024-11-20 02:45:45'),(31,90,'ecommerce/digital-product-files/product-29.jpg','{\"filename\":\"product-29.jpg\",\"url\":\"ecommerce\\/digital-product-files\\/product-29.jpg\",\"mime_type\":\"image\\/jpeg\",\"size\":9730,\"modified\":\"2024-11-20 09:45:45\",\"name\":\"product-29\",\"extension\":\"jpg\"}','2024-11-20 02:45:45','2024-11-20 02:45:45'),(32,90,'ecommerce/digital-product-files/product-9.jpg','{\"filename\":\"product-9.jpg\",\"url\":\"ecommerce\\/digital-product-files\\/product-9.jpg\",\"mime_type\":\"image\\/jpeg\",\"size\":9730,\"modified\":\"2024-11-20 09:45:45\",\"name\":\"product-9\",\"extension\":\"jpg\"}','2024-11-20 02:45:45','2024-11-20 02:45:45'),(33,90,'ecommerce/digital-product-files/product-52.jpg','{\"filename\":\"product-52.jpg\",\"url\":\"ecommerce\\/digital-product-files\\/product-52.jpg\",\"mime_type\":\"image\\/jpeg\",\"size\":9730,\"modified\":\"2024-11-20 09:45:45\",\"name\":\"product-52\",\"extension\":\"jpg\"}','2024-11-20 02:45:45','2024-11-20 02:45:45'),(34,102,'ecommerce/digital-product-files/product-50.jpg','{\"filename\":\"product-50.jpg\",\"url\":\"ecommerce\\/digital-product-files\\/product-50.jpg\",\"mime_type\":\"image\\/jpeg\",\"size\":9730,\"modified\":\"2024-11-20 09:45:45\",\"name\":\"product-50\",\"extension\":\"jpg\"}','2024-11-20 02:45:45','2024-11-20 02:45:45'),(35,102,'ecommerce/digital-product-files/product-66.jpg','{\"filename\":\"product-66.jpg\",\"url\":\"ecommerce\\/digital-product-files\\/product-66.jpg\",\"mime_type\":\"image\\/jpeg\",\"size\":9730,\"modified\":\"2024-11-20 09:45:45\",\"name\":\"product-66\",\"extension\":\"jpg\"}','2024-11-20 02:45:45','2024-11-20 02:45:45'),(36,102,'ecommerce/digital-product-files/product-29.jpg','{\"filename\":\"product-29.jpg\",\"url\":\"ecommerce\\/digital-product-files\\/product-29.jpg\",\"mime_type\":\"image\\/jpeg\",\"size\":9730,\"modified\":\"2024-11-20 09:45:45\",\"name\":\"product-29\",\"extension\":\"jpg\"}','2024-11-20 02:45:45','2024-11-20 02:45:45'),(37,102,'ecommerce/digital-product-files/product-60.jpg','{\"filename\":\"product-60.jpg\",\"url\":\"ecommerce\\/digital-product-files\\/product-60.jpg\",\"mime_type\":\"image\\/jpeg\",\"size\":9730,\"modified\":\"2024-11-20 09:45:45\",\"name\":\"product-60\",\"extension\":\"jpg\"}','2024-11-20 02:45:45','2024-11-20 02:45:45'),(38,102,'ecommerce/digital-product-files/product-70.jpg','{\"filename\":\"product-70.jpg\",\"url\":\"ecommerce\\/digital-product-files\\/product-70.jpg\",\"mime_type\":\"image\\/jpeg\",\"size\":9730,\"modified\":\"2024-11-20 09:45:45\",\"name\":\"product-70\",\"extension\":\"jpg\"}','2024-11-20 02:45:45','2024-11-20 02:45:45'),(39,102,'ecommerce/digital-product-files/product-34.jpg','{\"filename\":\"product-34.jpg\",\"url\":\"ecommerce\\/digital-product-files\\/product-34.jpg\",\"mime_type\":\"image\\/jpeg\",\"size\":9730,\"modified\":\"2024-11-20 09:45:45\",\"name\":\"product-34\",\"extension\":\"jpg\"}','2024-11-20 02:45:45','2024-11-20 02:45:45'),(40,102,'ecommerce/digital-product-files/product-46.jpg','{\"filename\":\"product-46.jpg\",\"url\":\"ecommerce\\/digital-product-files\\/product-46.jpg\",\"mime_type\":\"image\\/jpeg\",\"size\":9730,\"modified\":\"2024-11-20 09:45:45\",\"name\":\"product-46\",\"extension\":\"jpg\"}','2024-11-20 02:45:45','2024-11-20 02:45:45'),(41,102,'ecommerce/digital-product-files/product-78.jpg','{\"filename\":\"product-78.jpg\",\"url\":\"ecommerce\\/digital-product-files\\/product-78.jpg\",\"mime_type\":\"image\\/jpeg\",\"size\":9730,\"modified\":\"2024-11-20 09:45:45\",\"name\":\"product-78\",\"extension\":\"jpg\"}','2024-11-20 02:45:45','2024-11-20 02:45:45'),(42,103,'ecommerce/digital-product-files/product-50.jpg','{\"filename\":\"product-50.jpg\",\"url\":\"ecommerce\\/digital-product-files\\/product-50.jpg\",\"mime_type\":\"image\\/jpeg\",\"size\":9730,\"modified\":\"2024-11-20 09:45:45\",\"name\":\"product-50\",\"extension\":\"jpg\"}','2024-11-20 02:45:45','2024-11-20 02:45:45'),(43,103,'ecommerce/digital-product-files/product-66.jpg','{\"filename\":\"product-66.jpg\",\"url\":\"ecommerce\\/digital-product-files\\/product-66.jpg\",\"mime_type\":\"image\\/jpeg\",\"size\":9730,\"modified\":\"2024-11-20 09:45:45\",\"name\":\"product-66\",\"extension\":\"jpg\"}','2024-11-20 02:45:45','2024-11-20 02:45:45'),(44,103,'ecommerce/digital-product-files/product-29.jpg','{\"filename\":\"product-29.jpg\",\"url\":\"ecommerce\\/digital-product-files\\/product-29.jpg\",\"mime_type\":\"image\\/jpeg\",\"size\":9730,\"modified\":\"2024-11-20 09:45:45\",\"name\":\"product-29\",\"extension\":\"jpg\"}','2024-11-20 02:45:45','2024-11-20 02:45:45'),(45,103,'ecommerce/digital-product-files/product-60.jpg','{\"filename\":\"product-60.jpg\",\"url\":\"ecommerce\\/digital-product-files\\/product-60.jpg\",\"mime_type\":\"image\\/jpeg\",\"size\":9730,\"modified\":\"2024-11-20 09:45:45\",\"name\":\"product-60\",\"extension\":\"jpg\"}','2024-11-20 02:45:45','2024-11-20 02:45:45'),(46,103,'ecommerce/digital-product-files/product-70.jpg','{\"filename\":\"product-70.jpg\",\"url\":\"ecommerce\\/digital-product-files\\/product-70.jpg\",\"mime_type\":\"image\\/jpeg\",\"size\":9730,\"modified\":\"2024-11-20 09:45:45\",\"name\":\"product-70\",\"extension\":\"jpg\"}','2024-11-20 02:45:45','2024-11-20 02:45:45'),(47,103,'ecommerce/digital-product-files/product-34.jpg','{\"filename\":\"product-34.jpg\",\"url\":\"ecommerce\\/digital-product-files\\/product-34.jpg\",\"mime_type\":\"image\\/jpeg\",\"size\":9730,\"modified\":\"2024-11-20 09:45:45\",\"name\":\"product-34\",\"extension\":\"jpg\"}','2024-11-20 02:45:45','2024-11-20 02:45:45'),(48,103,'ecommerce/digital-product-files/product-46.jpg','{\"filename\":\"product-46.jpg\",\"url\":\"ecommerce\\/digital-product-files\\/product-46.jpg\",\"mime_type\":\"image\\/jpeg\",\"size\":9730,\"modified\":\"2024-11-20 09:45:45\",\"name\":\"product-46\",\"extension\":\"jpg\"}','2024-11-20 02:45:45','2024-11-20 02:45:45'),(49,103,'ecommerce/digital-product-files/product-78.jpg','{\"filename\":\"product-78.jpg\",\"url\":\"ecommerce\\/digital-product-files\\/product-78.jpg\",\"mime_type\":\"image\\/jpeg\",\"size\":9730,\"modified\":\"2024-11-20 09:45:45\",\"name\":\"product-78\",\"extension\":\"jpg\"}','2024-11-20 02:45:45','2024-11-20 02:45:45'),(50,104,'ecommerce/digital-product-files/product-50.jpg','{\"filename\":\"product-50.jpg\",\"url\":\"ecommerce\\/digital-product-files\\/product-50.jpg\",\"mime_type\":\"image\\/jpeg\",\"size\":9730,\"modified\":\"2024-11-20 09:45:45\",\"name\":\"product-50\",\"extension\":\"jpg\"}','2024-11-20 02:45:45','2024-11-20 02:45:45'),(51,104,'ecommerce/digital-product-files/product-66.jpg','{\"filename\":\"product-66.jpg\",\"url\":\"ecommerce\\/digital-product-files\\/product-66.jpg\",\"mime_type\":\"image\\/jpeg\",\"size\":9730,\"modified\":\"2024-11-20 09:45:45\",\"name\":\"product-66\",\"extension\":\"jpg\"}','2024-11-20 02:45:45','2024-11-20 02:45:45'),(52,104,'ecommerce/digital-product-files/product-29.jpg','{\"filename\":\"product-29.jpg\",\"url\":\"ecommerce\\/digital-product-files\\/product-29.jpg\",\"mime_type\":\"image\\/jpeg\",\"size\":9730,\"modified\":\"2024-11-20 09:45:45\",\"name\":\"product-29\",\"extension\":\"jpg\"}','2024-11-20 02:45:45','2024-11-20 02:45:45'),(53,104,'ecommerce/digital-product-files/product-60.jpg','{\"filename\":\"product-60.jpg\",\"url\":\"ecommerce\\/digital-product-files\\/product-60.jpg\",\"mime_type\":\"image\\/jpeg\",\"size\":9730,\"modified\":\"2024-11-20 09:45:45\",\"name\":\"product-60\",\"extension\":\"jpg\"}','2024-11-20 02:45:45','2024-11-20 02:45:45'),(54,104,'ecommerce/digital-product-files/product-70.jpg','{\"filename\":\"product-70.jpg\",\"url\":\"ecommerce\\/digital-product-files\\/product-70.jpg\",\"mime_type\":\"image\\/jpeg\",\"size\":9730,\"modified\":\"2024-11-20 09:45:45\",\"name\":\"product-70\",\"extension\":\"jpg\"}','2024-11-20 02:45:45','2024-11-20 02:45:45'),(55,104,'ecommerce/digital-product-files/product-34.jpg','{\"filename\":\"product-34.jpg\",\"url\":\"ecommerce\\/digital-product-files\\/product-34.jpg\",\"mime_type\":\"image\\/jpeg\",\"size\":9730,\"modified\":\"2024-11-20 09:45:45\",\"name\":\"product-34\",\"extension\":\"jpg\"}','2024-11-20 02:45:45','2024-11-20 02:45:45'),(56,104,'ecommerce/digital-product-files/product-46.jpg','{\"filename\":\"product-46.jpg\",\"url\":\"ecommerce\\/digital-product-files\\/product-46.jpg\",\"mime_type\":\"image\\/jpeg\",\"size\":9730,\"modified\":\"2024-11-20 09:45:45\",\"name\":\"product-46\",\"extension\":\"jpg\"}','2024-11-20 02:45:45','2024-11-20 02:45:45'),(57,104,'ecommerce/digital-product-files/product-78.jpg','{\"filename\":\"product-78.jpg\",\"url\":\"ecommerce\\/digital-product-files\\/product-78.jpg\",\"mime_type\":\"image\\/jpeg\",\"size\":9730,\"modified\":\"2024-11-20 09:45:45\",\"name\":\"product-78\",\"extension\":\"jpg\"}','2024-11-20 02:45:45','2024-11-20 02:45:45'),(58,112,'ecommerce/digital-product-files/product-90.jpg','{\"filename\":\"product-90.jpg\",\"url\":\"ecommerce\\/digital-product-files\\/product-90.jpg\",\"mime_type\":\"image\\/jpeg\",\"size\":9730,\"modified\":\"2024-11-20 09:45:45\",\"name\":\"product-90\",\"extension\":\"jpg\"}','2024-11-20 02:45:45','2024-11-20 02:45:45'),(59,112,'ecommerce/digital-product-files/product-39.jpg','{\"filename\":\"product-39.jpg\",\"url\":\"ecommerce\\/digital-product-files\\/product-39.jpg\",\"mime_type\":\"image\\/jpeg\",\"size\":9730,\"modified\":\"2024-11-20 09:45:45\",\"name\":\"product-39\",\"extension\":\"jpg\"}','2024-11-20 02:45:45','2024-11-20 02:45:45'),(60,112,'ecommerce/digital-product-files/product-52.jpg','{\"filename\":\"product-52.jpg\",\"url\":\"ecommerce\\/digital-product-files\\/product-52.jpg\",\"mime_type\":\"image\\/jpeg\",\"size\":9730,\"modified\":\"2024-11-20 09:45:45\",\"name\":\"product-52\",\"extension\":\"jpg\"}','2024-11-20 02:45:45','2024-11-20 02:45:45'),(61,112,'ecommerce/digital-product-files/product-84.jpg','{\"filename\":\"product-84.jpg\",\"url\":\"ecommerce\\/digital-product-files\\/product-84.jpg\",\"mime_type\":\"image\\/jpeg\",\"size\":9730,\"modified\":\"2024-11-20 09:45:45\",\"name\":\"product-84\",\"extension\":\"jpg\"}','2024-11-20 02:45:45','2024-11-20 02:45:45'),(62,112,'ecommerce/digital-product-files/product-50.jpg','{\"filename\":\"product-50.jpg\",\"url\":\"ecommerce\\/digital-product-files\\/product-50.jpg\",\"mime_type\":\"image\\/jpeg\",\"size\":9730,\"modified\":\"2024-11-20 09:45:45\",\"name\":\"product-50\",\"extension\":\"jpg\"}','2024-11-20 02:45:45','2024-11-20 02:45:45'),(63,112,'ecommerce/digital-product-files/product-38.jpg','{\"filename\":\"product-38.jpg\",\"url\":\"ecommerce\\/digital-product-files\\/product-38.jpg\",\"mime_type\":\"image\\/jpeg\",\"size\":9730,\"modified\":\"2024-11-20 09:45:45\",\"name\":\"product-38\",\"extension\":\"jpg\"}','2024-11-20 02:45:45','2024-11-20 02:45:45'),(64,112,'ecommerce/digital-product-files/product-14.jpg','{\"filename\":\"product-14.jpg\",\"url\":\"ecommerce\\/digital-product-files\\/product-14.jpg\",\"mime_type\":\"image\\/jpeg\",\"size\":9730,\"modified\":\"2024-11-20 09:45:45\",\"name\":\"product-14\",\"extension\":\"jpg\"}','2024-11-20 02:45:45','2024-11-20 02:45:45'),(65,112,'ecommerce/digital-product-files/product-45.jpg','{\"filename\":\"product-45.jpg\",\"url\":\"ecommerce\\/digital-product-files\\/product-45.jpg\",\"mime_type\":\"image\\/jpeg\",\"size\":9730,\"modified\":\"2024-11-20 09:45:45\",\"name\":\"product-45\",\"extension\":\"jpg\"}','2024-11-20 02:45:45','2024-11-20 02:45:45'),(66,120,'ecommerce/digital-product-files/product-49.jpg','{\"filename\":\"product-49.jpg\",\"url\":\"ecommerce\\/digital-product-files\\/product-49.jpg\",\"mime_type\":\"image\\/jpeg\",\"size\":9730,\"modified\":\"2024-11-20 09:45:45\",\"name\":\"product-49\",\"extension\":\"jpg\"}','2024-11-20 02:45:45','2024-11-20 02:45:45'),(67,120,'ecommerce/digital-product-files/product-31.jpg','{\"filename\":\"product-31.jpg\",\"url\":\"ecommerce\\/digital-product-files\\/product-31.jpg\",\"mime_type\":\"image\\/jpeg\",\"size\":9730,\"modified\":\"2024-11-20 09:45:45\",\"name\":\"product-31\",\"extension\":\"jpg\"}','2024-11-20 02:45:45','2024-11-20 02:45:45'),(68,120,'ecommerce/digital-product-files/product-8.jpg','{\"filename\":\"product-8.jpg\",\"url\":\"ecommerce\\/digital-product-files\\/product-8.jpg\",\"mime_type\":\"image\\/jpeg\",\"size\":9730,\"modified\":\"2024-11-20 09:45:45\",\"name\":\"product-8\",\"extension\":\"jpg\"}','2024-11-20 02:45:45','2024-11-20 02:45:45'),(69,120,'ecommerce/digital-product-files/product-82.jpg','{\"filename\":\"product-82.jpg\",\"url\":\"ecommerce\\/digital-product-files\\/product-82.jpg\",\"mime_type\":\"image\\/jpeg\",\"size\":9730,\"modified\":\"2024-11-20 09:45:45\",\"name\":\"product-82\",\"extension\":\"jpg\"}','2024-11-20 02:45:45','2024-11-20 02:45:45'),(70,120,'ecommerce/digital-product-files/product-34.jpg','{\"filename\":\"product-34.jpg\",\"url\":\"ecommerce\\/digital-product-files\\/product-34.jpg\",\"mime_type\":\"image\\/jpeg\",\"size\":9730,\"modified\":\"2024-11-20 09:45:45\",\"name\":\"product-34\",\"extension\":\"jpg\"}','2024-11-20 02:45:45','2024-11-20 02:45:45'),(71,120,'ecommerce/digital-product-files/product-54.jpg','{\"filename\":\"product-54.jpg\",\"url\":\"ecommerce\\/digital-product-files\\/product-54.jpg\",\"mime_type\":\"image\\/jpeg\",\"size\":9730,\"modified\":\"2024-11-20 09:45:45\",\"name\":\"product-54\",\"extension\":\"jpg\"}','2024-11-20 02:45:45','2024-11-20 02:45:45'),(72,120,'ecommerce/digital-product-files/product-43.jpg','{\"filename\":\"product-43.jpg\",\"url\":\"ecommerce\\/digital-product-files\\/product-43.jpg\",\"mime_type\":\"image\\/jpeg\",\"size\":9730,\"modified\":\"2024-11-20 09:45:45\",\"name\":\"product-43\",\"extension\":\"jpg\"}','2024-11-20 02:45:45','2024-11-20 02:45:45'),(73,120,'ecommerce/digital-product-files/product-72.jpg','{\"filename\":\"product-72.jpg\",\"url\":\"ecommerce\\/digital-product-files\\/product-72.jpg\",\"mime_type\":\"image\\/jpeg\",\"size\":9730,\"modified\":\"2024-11-20 09:45:45\",\"name\":\"product-72\",\"extension\":\"jpg\"}','2024-11-20 02:45:45','2024-11-20 02:45:45'),(74,120,'ecommerce/digital-product-files/product-77.jpg','{\"filename\":\"product-77.jpg\",\"url\":\"ecommerce\\/digital-product-files\\/product-77.jpg\",\"mime_type\":\"image\\/jpeg\",\"size\":9730,\"modified\":\"2024-11-20 09:45:45\",\"name\":\"product-77\",\"extension\":\"jpg\"}','2024-11-20 02:45:45','2024-11-20 02:45:45'),(75,120,'ecommerce/digital-product-files/product-39.jpg','{\"filename\":\"product-39.jpg\",\"url\":\"ecommerce\\/digital-product-files\\/product-39.jpg\",\"mime_type\":\"image\\/jpeg\",\"size\":9730,\"modified\":\"2024-11-20 09:45:45\",\"name\":\"product-39\",\"extension\":\"jpg\"}','2024-11-20 02:45:45','2024-11-20 02:45:45'),(76,120,'ecommerce/digital-product-files/product-52.jpg','{\"filename\":\"product-52.jpg\",\"url\":\"ecommerce\\/digital-product-files\\/product-52.jpg\",\"mime_type\":\"image\\/jpeg\",\"size\":9730,\"modified\":\"2024-11-20 09:45:45\",\"name\":\"product-52\",\"extension\":\"jpg\"}','2024-11-20 02:45:45','2024-11-20 02:45:45'),(77,120,'ecommerce/digital-product-files/product-93.jpg','{\"filename\":\"product-93.jpg\",\"url\":\"ecommerce\\/digital-product-files\\/product-93.jpg\",\"mime_type\":\"image\\/jpeg\",\"size\":9730,\"modified\":\"2024-11-20 09:45:45\",\"name\":\"product-93\",\"extension\":\"jpg\"}','2024-11-20 02:45:45','2024-11-20 02:45:45'),(78,121,'ecommerce/digital-product-files/product-49.jpg','{\"filename\":\"product-49.jpg\",\"url\":\"ecommerce\\/digital-product-files\\/product-49.jpg\",\"mime_type\":\"image\\/jpeg\",\"size\":9730,\"modified\":\"2024-11-20 09:45:45\",\"name\":\"product-49\",\"extension\":\"jpg\"}','2024-11-20 02:45:45','2024-11-20 02:45:45'),(79,121,'ecommerce/digital-product-files/product-31.jpg','{\"filename\":\"product-31.jpg\",\"url\":\"ecommerce\\/digital-product-files\\/product-31.jpg\",\"mime_type\":\"image\\/jpeg\",\"size\":9730,\"modified\":\"2024-11-20 09:45:45\",\"name\":\"product-31\",\"extension\":\"jpg\"}','2024-11-20 02:45:45','2024-11-20 02:45:45'),(80,121,'ecommerce/digital-product-files/product-8.jpg','{\"filename\":\"product-8.jpg\",\"url\":\"ecommerce\\/digital-product-files\\/product-8.jpg\",\"mime_type\":\"image\\/jpeg\",\"size\":9730,\"modified\":\"2024-11-20 09:45:45\",\"name\":\"product-8\",\"extension\":\"jpg\"}','2024-11-20 02:45:45','2024-11-20 02:45:45'),(81,121,'ecommerce/digital-product-files/product-82.jpg','{\"filename\":\"product-82.jpg\",\"url\":\"ecommerce\\/digital-product-files\\/product-82.jpg\",\"mime_type\":\"image\\/jpeg\",\"size\":9730,\"modified\":\"2024-11-20 09:45:45\",\"name\":\"product-82\",\"extension\":\"jpg\"}','2024-11-20 02:45:45','2024-11-20 02:45:45'),(82,121,'ecommerce/digital-product-files/product-34.jpg','{\"filename\":\"product-34.jpg\",\"url\":\"ecommerce\\/digital-product-files\\/product-34.jpg\",\"mime_type\":\"image\\/jpeg\",\"size\":9730,\"modified\":\"2024-11-20 09:45:45\",\"name\":\"product-34\",\"extension\":\"jpg\"}','2024-11-20 02:45:45','2024-11-20 02:45:45'),(83,121,'ecommerce/digital-product-files/product-54.jpg','{\"filename\":\"product-54.jpg\",\"url\":\"ecommerce\\/digital-product-files\\/product-54.jpg\",\"mime_type\":\"image\\/jpeg\",\"size\":9730,\"modified\":\"2024-11-20 09:45:45\",\"name\":\"product-54\",\"extension\":\"jpg\"}','2024-11-20 02:45:45','2024-11-20 02:45:45'),(84,121,'ecommerce/digital-product-files/product-43.jpg','{\"filename\":\"product-43.jpg\",\"url\":\"ecommerce\\/digital-product-files\\/product-43.jpg\",\"mime_type\":\"image\\/jpeg\",\"size\":9730,\"modified\":\"2024-11-20 09:45:45\",\"name\":\"product-43\",\"extension\":\"jpg\"}','2024-11-20 02:45:45','2024-11-20 02:45:45'),(85,121,'ecommerce/digital-product-files/product-72.jpg','{\"filename\":\"product-72.jpg\",\"url\":\"ecommerce\\/digital-product-files\\/product-72.jpg\",\"mime_type\":\"image\\/jpeg\",\"size\":9730,\"modified\":\"2024-11-20 09:45:45\",\"name\":\"product-72\",\"extension\":\"jpg\"}','2024-11-20 02:45:45','2024-11-20 02:45:45'),(86,121,'ecommerce/digital-product-files/product-77.jpg','{\"filename\":\"product-77.jpg\",\"url\":\"ecommerce\\/digital-product-files\\/product-77.jpg\",\"mime_type\":\"image\\/jpeg\",\"size\":9730,\"modified\":\"2024-11-20 09:45:45\",\"name\":\"product-77\",\"extension\":\"jpg\"}','2024-11-20 02:45:45','2024-11-20 02:45:45'),(87,121,'ecommerce/digital-product-files/product-39.jpg','{\"filename\":\"product-39.jpg\",\"url\":\"ecommerce\\/digital-product-files\\/product-39.jpg\",\"mime_type\":\"image\\/jpeg\",\"size\":9730,\"modified\":\"2024-11-20 09:45:45\",\"name\":\"product-39\",\"extension\":\"jpg\"}','2024-11-20 02:45:45','2024-11-20 02:45:45'),(88,121,'ecommerce/digital-product-files/product-52.jpg','{\"filename\":\"product-52.jpg\",\"url\":\"ecommerce\\/digital-product-files\\/product-52.jpg\",\"mime_type\":\"image\\/jpeg\",\"size\":9730,\"modified\":\"2024-11-20 09:45:45\",\"name\":\"product-52\",\"extension\":\"jpg\"}','2024-11-20 02:45:45','2024-11-20 02:45:45'),(89,121,'ecommerce/digital-product-files/product-93.jpg','{\"filename\":\"product-93.jpg\",\"url\":\"ecommerce\\/digital-product-files\\/product-93.jpg\",\"mime_type\":\"image\\/jpeg\",\"size\":9730,\"modified\":\"2024-11-20 09:45:45\",\"name\":\"product-93\",\"extension\":\"jpg\"}','2024-11-20 02:45:45','2024-11-20 02:45:45'),(90,122,'ecommerce/digital-product-files/product-49.jpg','{\"filename\":\"product-49.jpg\",\"url\":\"ecommerce\\/digital-product-files\\/product-49.jpg\",\"mime_type\":\"image\\/jpeg\",\"size\":9730,\"modified\":\"2024-11-20 09:45:45\",\"name\":\"product-49\",\"extension\":\"jpg\"}','2024-11-20 02:45:45','2024-11-20 02:45:45'),(91,122,'ecommerce/digital-product-files/product-31.jpg','{\"filename\":\"product-31.jpg\",\"url\":\"ecommerce\\/digital-product-files\\/product-31.jpg\",\"mime_type\":\"image\\/jpeg\",\"size\":9730,\"modified\":\"2024-11-20 09:45:45\",\"name\":\"product-31\",\"extension\":\"jpg\"}','2024-11-20 02:45:45','2024-11-20 02:45:45'),(92,122,'ecommerce/digital-product-files/product-8.jpg','{\"filename\":\"product-8.jpg\",\"url\":\"ecommerce\\/digital-product-files\\/product-8.jpg\",\"mime_type\":\"image\\/jpeg\",\"size\":9730,\"modified\":\"2024-11-20 09:45:45\",\"name\":\"product-8\",\"extension\":\"jpg\"}','2024-11-20 02:45:45','2024-11-20 02:45:45'),(93,122,'ecommerce/digital-product-files/product-82.jpg','{\"filename\":\"product-82.jpg\",\"url\":\"ecommerce\\/digital-product-files\\/product-82.jpg\",\"mime_type\":\"image\\/jpeg\",\"size\":9730,\"modified\":\"2024-11-20 09:45:45\",\"name\":\"product-82\",\"extension\":\"jpg\"}','2024-11-20 02:45:45','2024-11-20 02:45:45'),(94,122,'ecommerce/digital-product-files/product-34.jpg','{\"filename\":\"product-34.jpg\",\"url\":\"ecommerce\\/digital-product-files\\/product-34.jpg\",\"mime_type\":\"image\\/jpeg\",\"size\":9730,\"modified\":\"2024-11-20 09:45:45\",\"name\":\"product-34\",\"extension\":\"jpg\"}','2024-11-20 02:45:45','2024-11-20 02:45:45'),(95,122,'ecommerce/digital-product-files/product-54.jpg','{\"filename\":\"product-54.jpg\",\"url\":\"ecommerce\\/digital-product-files\\/product-54.jpg\",\"mime_type\":\"image\\/jpeg\",\"size\":9730,\"modified\":\"2024-11-20 09:45:45\",\"name\":\"product-54\",\"extension\":\"jpg\"}','2024-11-20 02:45:45','2024-11-20 02:45:45'),(96,122,'ecommerce/digital-product-files/product-43.jpg','{\"filename\":\"product-43.jpg\",\"url\":\"ecommerce\\/digital-product-files\\/product-43.jpg\",\"mime_type\":\"image\\/jpeg\",\"size\":9730,\"modified\":\"2024-11-20 09:45:45\",\"name\":\"product-43\",\"extension\":\"jpg\"}','2024-11-20 02:45:45','2024-11-20 02:45:45'),(97,122,'ecommerce/digital-product-files/product-72.jpg','{\"filename\":\"product-72.jpg\",\"url\":\"ecommerce\\/digital-product-files\\/product-72.jpg\",\"mime_type\":\"image\\/jpeg\",\"size\":9730,\"modified\":\"2024-11-20 09:45:45\",\"name\":\"product-72\",\"extension\":\"jpg\"}','2024-11-20 02:45:45','2024-11-20 02:45:45'),(98,122,'ecommerce/digital-product-files/product-77.jpg','{\"filename\":\"product-77.jpg\",\"url\":\"ecommerce\\/digital-product-files\\/product-77.jpg\",\"mime_type\":\"image\\/jpeg\",\"size\":9730,\"modified\":\"2024-11-20 09:45:45\",\"name\":\"product-77\",\"extension\":\"jpg\"}','2024-11-20 02:45:45','2024-11-20 02:45:45'),(99,122,'ecommerce/digital-product-files/product-39.jpg','{\"filename\":\"product-39.jpg\",\"url\":\"ecommerce\\/digital-product-files\\/product-39.jpg\",\"mime_type\":\"image\\/jpeg\",\"size\":9730,\"modified\":\"2024-11-20 09:45:45\",\"name\":\"product-39\",\"extension\":\"jpg\"}','2024-11-20 02:45:45','2024-11-20 02:45:45'),(100,122,'ecommerce/digital-product-files/product-52.jpg','{\"filename\":\"product-52.jpg\",\"url\":\"ecommerce\\/digital-product-files\\/product-52.jpg\",\"mime_type\":\"image\\/jpeg\",\"size\":9730,\"modified\":\"2024-11-20 09:45:45\",\"name\":\"product-52\",\"extension\":\"jpg\"}','2024-11-20 02:45:45','2024-11-20 02:45:45'),(101,122,'ecommerce/digital-product-files/product-93.jpg','{\"filename\":\"product-93.jpg\",\"url\":\"ecommerce\\/digital-product-files\\/product-93.jpg\",\"mime_type\":\"image\\/jpeg\",\"size\":9730,\"modified\":\"2024-11-20 09:45:45\",\"name\":\"product-93\",\"extension\":\"jpg\"}','2024-11-20 02:45:45','2024-11-20 02:45:45'),(102,130,'ecommerce/digital-product-files/product-49.jpg','{\"filename\":\"product-49.jpg\",\"url\":\"ecommerce\\/digital-product-files\\/product-49.jpg\",\"mime_type\":\"image\\/jpeg\",\"size\":9730,\"modified\":\"2024-11-20 09:45:45\",\"name\":\"product-49\",\"extension\":\"jpg\"}','2024-11-20 02:45:45','2024-11-20 02:45:45'),(103,130,'ecommerce/digital-product-files/product-60.jpg','{\"filename\":\"product-60.jpg\",\"url\":\"ecommerce\\/digital-product-files\\/product-60.jpg\",\"mime_type\":\"image\\/jpeg\",\"size\":9730,\"modified\":\"2024-11-20 09:45:45\",\"name\":\"product-60\",\"extension\":\"jpg\"}','2024-11-20 02:45:45','2024-11-20 02:45:45'),(104,130,'ecommerce/digital-product-files/product-34.jpg','{\"filename\":\"product-34.jpg\",\"url\":\"ecommerce\\/digital-product-files\\/product-34.jpg\",\"mime_type\":\"image\\/jpeg\",\"size\":9730,\"modified\":\"2024-11-20 09:45:45\",\"name\":\"product-34\",\"extension\":\"jpg\"}','2024-11-20 02:45:45','2024-11-20 02:45:45'),(105,130,'ecommerce/digital-product-files/product-56.jpg','{\"filename\":\"product-56.jpg\",\"url\":\"ecommerce\\/digital-product-files\\/product-56.jpg\",\"mime_type\":\"image\\/jpeg\",\"size\":9730,\"modified\":\"2024-11-20 09:45:45\",\"name\":\"product-56\",\"extension\":\"jpg\"}','2024-11-20 02:45:45','2024-11-20 02:45:45'),(106,130,'ecommerce/digital-product-files/product-38.jpg','{\"filename\":\"product-38.jpg\",\"url\":\"ecommerce\\/digital-product-files\\/product-38.jpg\",\"mime_type\":\"image\\/jpeg\",\"size\":9730,\"modified\":\"2024-11-20 09:45:45\",\"name\":\"product-38\",\"extension\":\"jpg\"}','2024-11-20 02:45:45','2024-11-20 02:45:45'),(107,130,'ecommerce/digital-product-files/product-48.jpg','{\"filename\":\"product-48.jpg\",\"url\":\"ecommerce\\/digital-product-files\\/product-48.jpg\",\"mime_type\":\"image\\/jpeg\",\"size\":9730,\"modified\":\"2024-11-20 09:45:45\",\"name\":\"product-48\",\"extension\":\"jpg\"}','2024-11-20 02:45:45','2024-11-20 02:45:45'),(108,130,'ecommerce/digital-product-files/product-29.jpg','{\"filename\":\"product-29.jpg\",\"url\":\"ecommerce\\/digital-product-files\\/product-29.jpg\",\"mime_type\":\"image\\/jpeg\",\"size\":9730,\"modified\":\"2024-11-20 09:45:45\",\"name\":\"product-29\",\"extension\":\"jpg\"}','2024-11-20 02:45:45','2024-11-20 02:45:45'),(109,130,'ecommerce/digital-product-files/product-66.jpg','{\"filename\":\"product-66.jpg\",\"url\":\"ecommerce\\/digital-product-files\\/product-66.jpg\",\"mime_type\":\"image\\/jpeg\",\"size\":9730,\"modified\":\"2024-11-20 09:45:45\",\"name\":\"product-66\",\"extension\":\"jpg\"}','2024-11-20 02:45:45','2024-11-20 02:45:45'),(110,130,'ecommerce/digital-product-files/product-70.jpg','{\"filename\":\"product-70.jpg\",\"url\":\"ecommerce\\/digital-product-files\\/product-70.jpg\",\"mime_type\":\"image\\/jpeg\",\"size\":9730,\"modified\":\"2024-11-20 09:45:45\",\"name\":\"product-70\",\"extension\":\"jpg\"}','2024-11-20 02:45:45','2024-11-20 02:45:45'),(111,130,'ecommerce/digital-product-files/product-23.jpg','{\"filename\":\"product-23.jpg\",\"url\":\"ecommerce\\/digital-product-files\\/product-23.jpg\",\"mime_type\":\"image\\/jpeg\",\"size\":9730,\"modified\":\"2024-11-20 09:45:45\",\"name\":\"product-23\",\"extension\":\"jpg\"}','2024-11-20 02:45:45','2024-11-20 02:45:45'),(112,131,'ecommerce/digital-product-files/product-49.jpg','{\"filename\":\"product-49.jpg\",\"url\":\"ecommerce\\/digital-product-files\\/product-49.jpg\",\"mime_type\":\"image\\/jpeg\",\"size\":9730,\"modified\":\"2024-11-20 09:45:45\",\"name\":\"product-49\",\"extension\":\"jpg\"}','2024-11-20 02:45:45','2024-11-20 02:45:45'),(113,131,'ecommerce/digital-product-files/product-60.jpg','{\"filename\":\"product-60.jpg\",\"url\":\"ecommerce\\/digital-product-files\\/product-60.jpg\",\"mime_type\":\"image\\/jpeg\",\"size\":9730,\"modified\":\"2024-11-20 09:45:45\",\"name\":\"product-60\",\"extension\":\"jpg\"}','2024-11-20 02:45:45','2024-11-20 02:45:45'),(114,131,'ecommerce/digital-product-files/product-34.jpg','{\"filename\":\"product-34.jpg\",\"url\":\"ecommerce\\/digital-product-files\\/product-34.jpg\",\"mime_type\":\"image\\/jpeg\",\"size\":9730,\"modified\":\"2024-11-20 09:45:45\",\"name\":\"product-34\",\"extension\":\"jpg\"}','2024-11-20 02:45:45','2024-11-20 02:45:45'),(115,131,'ecommerce/digital-product-files/product-56.jpg','{\"filename\":\"product-56.jpg\",\"url\":\"ecommerce\\/digital-product-files\\/product-56.jpg\",\"mime_type\":\"image\\/jpeg\",\"size\":9730,\"modified\":\"2024-11-20 09:45:45\",\"name\":\"product-56\",\"extension\":\"jpg\"}','2024-11-20 02:45:45','2024-11-20 02:45:45'),(116,131,'ecommerce/digital-product-files/product-38.jpg','{\"filename\":\"product-38.jpg\",\"url\":\"ecommerce\\/digital-product-files\\/product-38.jpg\",\"mime_type\":\"image\\/jpeg\",\"size\":9730,\"modified\":\"2024-11-20 09:45:45\",\"name\":\"product-38\",\"extension\":\"jpg\"}','2024-11-20 02:45:45','2024-11-20 02:45:45'),(117,131,'ecommerce/digital-product-files/product-48.jpg','{\"filename\":\"product-48.jpg\",\"url\":\"ecommerce\\/digital-product-files\\/product-48.jpg\",\"mime_type\":\"image\\/jpeg\",\"size\":9730,\"modified\":\"2024-11-20 09:45:45\",\"name\":\"product-48\",\"extension\":\"jpg\"}','2024-11-20 02:45:45','2024-11-20 02:45:45'),(118,131,'ecommerce/digital-product-files/product-29.jpg','{\"filename\":\"product-29.jpg\",\"url\":\"ecommerce\\/digital-product-files\\/product-29.jpg\",\"mime_type\":\"image\\/jpeg\",\"size\":9730,\"modified\":\"2024-11-20 09:45:45\",\"name\":\"product-29\",\"extension\":\"jpg\"}','2024-11-20 02:45:45','2024-11-20 02:45:45'),(119,131,'ecommerce/digital-product-files/product-66.jpg','{\"filename\":\"product-66.jpg\",\"url\":\"ecommerce\\/digital-product-files\\/product-66.jpg\",\"mime_type\":\"image\\/jpeg\",\"size\":9730,\"modified\":\"2024-11-20 09:45:45\",\"name\":\"product-66\",\"extension\":\"jpg\"}','2024-11-20 02:45:45','2024-11-20 02:45:45'),(120,131,'ecommerce/digital-product-files/product-70.jpg','{\"filename\":\"product-70.jpg\",\"url\":\"ecommerce\\/digital-product-files\\/product-70.jpg\",\"mime_type\":\"image\\/jpeg\",\"size\":9730,\"modified\":\"2024-11-20 09:45:45\",\"name\":\"product-70\",\"extension\":\"jpg\"}','2024-11-20 02:45:45','2024-11-20 02:45:45'),(121,131,'ecommerce/digital-product-files/product-23.jpg','{\"filename\":\"product-23.jpg\",\"url\":\"ecommerce\\/digital-product-files\\/product-23.jpg\",\"mime_type\":\"image\\/jpeg\",\"size\":9730,\"modified\":\"2024-11-20 09:45:45\",\"name\":\"product-23\",\"extension\":\"jpg\"}','2024-11-20 02:45:45','2024-11-20 02:45:45'),(122,132,'ecommerce/digital-product-files/product-49.jpg','{\"filename\":\"product-49.jpg\",\"url\":\"ecommerce\\/digital-product-files\\/product-49.jpg\",\"mime_type\":\"image\\/jpeg\",\"size\":9730,\"modified\":\"2024-11-20 09:45:45\",\"name\":\"product-49\",\"extension\":\"jpg\"}','2024-11-20 02:45:45','2024-11-20 02:45:45'),(123,132,'ecommerce/digital-product-files/product-60.jpg','{\"filename\":\"product-60.jpg\",\"url\":\"ecommerce\\/digital-product-files\\/product-60.jpg\",\"mime_type\":\"image\\/jpeg\",\"size\":9730,\"modified\":\"2024-11-20 09:45:45\",\"name\":\"product-60\",\"extension\":\"jpg\"}','2024-11-20 02:45:45','2024-11-20 02:45:45'),(124,132,'ecommerce/digital-product-files/product-34.jpg','{\"filename\":\"product-34.jpg\",\"url\":\"ecommerce\\/digital-product-files\\/product-34.jpg\",\"mime_type\":\"image\\/jpeg\",\"size\":9730,\"modified\":\"2024-11-20 09:45:45\",\"name\":\"product-34\",\"extension\":\"jpg\"}','2024-11-20 02:45:45','2024-11-20 02:45:45'),(125,132,'ecommerce/digital-product-files/product-56.jpg','{\"filename\":\"product-56.jpg\",\"url\":\"ecommerce\\/digital-product-files\\/product-56.jpg\",\"mime_type\":\"image\\/jpeg\",\"size\":9730,\"modified\":\"2024-11-20 09:45:45\",\"name\":\"product-56\",\"extension\":\"jpg\"}','2024-11-20 02:45:45','2024-11-20 02:45:45'),(126,132,'ecommerce/digital-product-files/product-38.jpg','{\"filename\":\"product-38.jpg\",\"url\":\"ecommerce\\/digital-product-files\\/product-38.jpg\",\"mime_type\":\"image\\/jpeg\",\"size\":9730,\"modified\":\"2024-11-20 09:45:45\",\"name\":\"product-38\",\"extension\":\"jpg\"}','2024-11-20 02:45:45','2024-11-20 02:45:45'),(127,132,'ecommerce/digital-product-files/product-48.jpg','{\"filename\":\"product-48.jpg\",\"url\":\"ecommerce\\/digital-product-files\\/product-48.jpg\",\"mime_type\":\"image\\/jpeg\",\"size\":9730,\"modified\":\"2024-11-20 09:45:45\",\"name\":\"product-48\",\"extension\":\"jpg\"}','2024-11-20 02:45:45','2024-11-20 02:45:45'),(128,132,'ecommerce/digital-product-files/product-29.jpg','{\"filename\":\"product-29.jpg\",\"url\":\"ecommerce\\/digital-product-files\\/product-29.jpg\",\"mime_type\":\"image\\/jpeg\",\"size\":9730,\"modified\":\"2024-11-20 09:45:45\",\"name\":\"product-29\",\"extension\":\"jpg\"}','2024-11-20 02:45:45','2024-11-20 02:45:45'),(129,132,'ecommerce/digital-product-files/product-66.jpg','{\"filename\":\"product-66.jpg\",\"url\":\"ecommerce\\/digital-product-files\\/product-66.jpg\",\"mime_type\":\"image\\/jpeg\",\"size\":9730,\"modified\":\"2024-11-20 09:45:45\",\"name\":\"product-66\",\"extension\":\"jpg\"}','2024-11-20 02:45:45','2024-11-20 02:45:45'),(130,132,'ecommerce/digital-product-files/product-70.jpg','{\"filename\":\"product-70.jpg\",\"url\":\"ecommerce\\/digital-product-files\\/product-70.jpg\",\"mime_type\":\"image\\/jpeg\",\"size\":9730,\"modified\":\"2024-11-20 09:45:45\",\"name\":\"product-70\",\"extension\":\"jpg\"}','2024-11-20 02:45:45','2024-11-20 02:45:45'),(131,132,'ecommerce/digital-product-files/product-23.jpg','{\"filename\":\"product-23.jpg\",\"url\":\"ecommerce\\/digital-product-files\\/product-23.jpg\",\"mime_type\":\"image\\/jpeg\",\"size\":9730,\"modified\":\"2024-11-20 09:45:45\",\"name\":\"product-23\",\"extension\":\"jpg\"}','2024-11-20 02:45:45','2024-11-20 02:45:45'),(132,133,'ecommerce/digital-product-files/product-49.jpg','{\"filename\":\"product-49.jpg\",\"url\":\"ecommerce\\/digital-product-files\\/product-49.jpg\",\"mime_type\":\"image\\/jpeg\",\"size\":9730,\"modified\":\"2024-11-20 09:45:45\",\"name\":\"product-49\",\"extension\":\"jpg\"}','2024-11-20 02:45:45','2024-11-20 02:45:45'),(133,133,'ecommerce/digital-product-files/product-60.jpg','{\"filename\":\"product-60.jpg\",\"url\":\"ecommerce\\/digital-product-files\\/product-60.jpg\",\"mime_type\":\"image\\/jpeg\",\"size\":9730,\"modified\":\"2024-11-20 09:45:45\",\"name\":\"product-60\",\"extension\":\"jpg\"}','2024-11-20 02:45:45','2024-11-20 02:45:45'),(134,133,'ecommerce/digital-product-files/product-34.jpg','{\"filename\":\"product-34.jpg\",\"url\":\"ecommerce\\/digital-product-files\\/product-34.jpg\",\"mime_type\":\"image\\/jpeg\",\"size\":9730,\"modified\":\"2024-11-20 09:45:45\",\"name\":\"product-34\",\"extension\":\"jpg\"}','2024-11-20 02:45:45','2024-11-20 02:45:45'),(135,133,'ecommerce/digital-product-files/product-56.jpg','{\"filename\":\"product-56.jpg\",\"url\":\"ecommerce\\/digital-product-files\\/product-56.jpg\",\"mime_type\":\"image\\/jpeg\",\"size\":9730,\"modified\":\"2024-11-20 09:45:45\",\"name\":\"product-56\",\"extension\":\"jpg\"}','2024-11-20 02:45:45','2024-11-20 02:45:45'),(136,133,'ecommerce/digital-product-files/product-38.jpg','{\"filename\":\"product-38.jpg\",\"url\":\"ecommerce\\/digital-product-files\\/product-38.jpg\",\"mime_type\":\"image\\/jpeg\",\"size\":9730,\"modified\":\"2024-11-20 09:45:45\",\"name\":\"product-38\",\"extension\":\"jpg\"}','2024-11-20 02:45:45','2024-11-20 02:45:45'),(137,133,'ecommerce/digital-product-files/product-48.jpg','{\"filename\":\"product-48.jpg\",\"url\":\"ecommerce\\/digital-product-files\\/product-48.jpg\",\"mime_type\":\"image\\/jpeg\",\"size\":9730,\"modified\":\"2024-11-20 09:45:45\",\"name\":\"product-48\",\"extension\":\"jpg\"}','2024-11-20 02:45:45','2024-11-20 02:45:45'),(138,133,'ecommerce/digital-product-files/product-29.jpg','{\"filename\":\"product-29.jpg\",\"url\":\"ecommerce\\/digital-product-files\\/product-29.jpg\",\"mime_type\":\"image\\/jpeg\",\"size\":9730,\"modified\":\"2024-11-20 09:45:46\",\"name\":\"product-29\",\"extension\":\"jpg\"}','2024-11-20 02:45:46','2024-11-20 02:45:46'),(139,133,'ecommerce/digital-product-files/product-66.jpg','{\"filename\":\"product-66.jpg\",\"url\":\"ecommerce\\/digital-product-files\\/product-66.jpg\",\"mime_type\":\"image\\/jpeg\",\"size\":9730,\"modified\":\"2024-11-20 09:45:46\",\"name\":\"product-66\",\"extension\":\"jpg\"}','2024-11-20 02:45:46','2024-11-20 02:45:46'),(140,133,'ecommerce/digital-product-files/product-70.jpg','{\"filename\":\"product-70.jpg\",\"url\":\"ecommerce\\/digital-product-files\\/product-70.jpg\",\"mime_type\":\"image\\/jpeg\",\"size\":9730,\"modified\":\"2024-11-20 09:45:46\",\"name\":\"product-70\",\"extension\":\"jpg\"}','2024-11-20 02:45:46','2024-11-20 02:45:46'),(141,133,'ecommerce/digital-product-files/product-23.jpg','{\"filename\":\"product-23.jpg\",\"url\":\"ecommerce\\/digital-product-files\\/product-23.jpg\",\"mime_type\":\"image\\/jpeg\",\"size\":9730,\"modified\":\"2024-11-20 09:45:46\",\"name\":\"product-23\",\"extension\":\"jpg\"}','2024-11-20 02:45:46','2024-11-20 02:45:46'),(142,141,'ecommerce/digital-product-files/product-72.jpg','{\"filename\":\"product-72.jpg\",\"url\":\"ecommerce\\/digital-product-files\\/product-72.jpg\",\"mime_type\":\"image\\/jpeg\",\"size\":9730,\"modified\":\"2024-11-20 09:45:46\",\"name\":\"product-72\",\"extension\":\"jpg\"}','2024-11-20 02:45:46','2024-11-20 02:45:46'),(143,141,'ecommerce/digital-product-files/product-74.jpg','{\"filename\":\"product-74.jpg\",\"url\":\"ecommerce\\/digital-product-files\\/product-74.jpg\",\"mime_type\":\"image\\/jpeg\",\"size\":9730,\"modified\":\"2024-11-20 09:45:46\",\"name\":\"product-74\",\"extension\":\"jpg\"}','2024-11-20 02:45:46','2024-11-20 02:45:46'),(144,141,'ecommerce/digital-product-files/product-61.jpg','{\"filename\":\"product-61.jpg\",\"url\":\"ecommerce\\/digital-product-files\\/product-61.jpg\",\"mime_type\":\"image\\/jpeg\",\"size\":9730,\"modified\":\"2024-11-20 09:45:46\",\"name\":\"product-61\",\"extension\":\"jpg\"}','2024-11-20 02:45:46','2024-11-20 02:45:46'),(145,141,'ecommerce/digital-product-files/product-82.jpg','{\"filename\":\"product-82.jpg\",\"url\":\"ecommerce\\/digital-product-files\\/product-82.jpg\",\"mime_type\":\"image\\/jpeg\",\"size\":9730,\"modified\":\"2024-11-20 09:45:46\",\"name\":\"product-82\",\"extension\":\"jpg\"}','2024-11-20 02:45:46','2024-11-20 02:45:46'),(146,141,'ecommerce/digital-product-files/product-28.jpg','{\"filename\":\"product-28.jpg\",\"url\":\"ecommerce\\/digital-product-files\\/product-28.jpg\",\"mime_type\":\"image\\/jpeg\",\"size\":9730,\"modified\":\"2024-11-20 09:45:46\",\"name\":\"product-28\",\"extension\":\"jpg\"}','2024-11-20 02:45:46','2024-11-20 02:45:46'),(147,141,'ecommerce/digital-product-files/product-49.jpg','{\"filename\":\"product-49.jpg\",\"url\":\"ecommerce\\/digital-product-files\\/product-49.jpg\",\"mime_type\":\"image\\/jpeg\",\"size\":9730,\"modified\":\"2024-11-20 09:45:46\",\"name\":\"product-49\",\"extension\":\"jpg\"}','2024-11-20 02:45:46','2024-11-20 02:45:46'),(148,141,'ecommerce/digital-product-files/product-38.jpg','{\"filename\":\"product-38.jpg\",\"url\":\"ecommerce\\/digital-product-files\\/product-38.jpg\",\"mime_type\":\"image\\/jpeg\",\"size\":9730,\"modified\":\"2024-11-20 09:45:46\",\"name\":\"product-38\",\"extension\":\"jpg\"}','2024-11-20 02:45:46','2024-11-20 02:45:46'),(149,141,'ecommerce/digital-product-files/product-86.jpg','{\"filename\":\"product-86.jpg\",\"url\":\"ecommerce\\/digital-product-files\\/product-86.jpg\",\"mime_type\":\"image\\/jpeg\",\"size\":9730,\"modified\":\"2024-11-20 09:45:46\",\"name\":\"product-86\",\"extension\":\"jpg\"}','2024-11-20 02:45:46','2024-11-20 02:45:46'),(150,141,'ecommerce/digital-product-files/product-92.jpg','{\"filename\":\"product-92.jpg\",\"url\":\"ecommerce\\/digital-product-files\\/product-92.jpg\",\"mime_type\":\"image\\/jpeg\",\"size\":9730,\"modified\":\"2024-11-20 09:45:46\",\"name\":\"product-92\",\"extension\":\"jpg\"}','2024-11-20 02:45:46','2024-11-20 02:45:46'),(151,141,'ecommerce/digital-product-files/product-32.jpg','{\"filename\":\"product-32.jpg\",\"url\":\"ecommerce\\/digital-product-files\\/product-32.jpg\",\"mime_type\":\"image\\/jpeg\",\"size\":9730,\"modified\":\"2024-11-20 09:45:46\",\"name\":\"product-32\",\"extension\":\"jpg\"}','2024-11-20 02:45:46','2024-11-20 02:45:46'),(152,141,'ecommerce/digital-product-files/product-56.jpg','{\"filename\":\"product-56.jpg\",\"url\":\"ecommerce\\/digital-product-files\\/product-56.jpg\",\"mime_type\":\"image\\/jpeg\",\"size\":9730,\"modified\":\"2024-11-20 09:45:46\",\"name\":\"product-56\",\"extension\":\"jpg\"}','2024-11-20 02:45:46','2024-11-20 02:45:46'),(153,141,'ecommerce/digital-product-files/product-57.jpg','{\"filename\":\"product-57.jpg\",\"url\":\"ecommerce\\/digital-product-files\\/product-57.jpg\",\"mime_type\":\"image\\/jpeg\",\"size\":9730,\"modified\":\"2024-11-20 09:45:46\",\"name\":\"product-57\",\"extension\":\"jpg\"}','2024-11-20 02:45:46','2024-11-20 02:45:46'),(154,142,'ecommerce/digital-product-files/product-72.jpg','{\"filename\":\"product-72.jpg\",\"url\":\"ecommerce\\/digital-product-files\\/product-72.jpg\",\"mime_type\":\"image\\/jpeg\",\"size\":9730,\"modified\":\"2024-11-20 09:45:46\",\"name\":\"product-72\",\"extension\":\"jpg\"}','2024-11-20 02:45:46','2024-11-20 02:45:46'),(155,142,'ecommerce/digital-product-files/product-74.jpg','{\"filename\":\"product-74.jpg\",\"url\":\"ecommerce\\/digital-product-files\\/product-74.jpg\",\"mime_type\":\"image\\/jpeg\",\"size\":9730,\"modified\":\"2024-11-20 09:45:46\",\"name\":\"product-74\",\"extension\":\"jpg\"}','2024-11-20 02:45:46','2024-11-20 02:45:46'),(156,142,'ecommerce/digital-product-files/product-61.jpg','{\"filename\":\"product-61.jpg\",\"url\":\"ecommerce\\/digital-product-files\\/product-61.jpg\",\"mime_type\":\"image\\/jpeg\",\"size\":9730,\"modified\":\"2024-11-20 09:45:46\",\"name\":\"product-61\",\"extension\":\"jpg\"}','2024-11-20 02:45:46','2024-11-20 02:45:46'),(157,142,'ecommerce/digital-product-files/product-82.jpg','{\"filename\":\"product-82.jpg\",\"url\":\"ecommerce\\/digital-product-files\\/product-82.jpg\",\"mime_type\":\"image\\/jpeg\",\"size\":9730,\"modified\":\"2024-11-20 09:45:46\",\"name\":\"product-82\",\"extension\":\"jpg\"}','2024-11-20 02:45:46','2024-11-20 02:45:46'),(158,142,'ecommerce/digital-product-files/product-28.jpg','{\"filename\":\"product-28.jpg\",\"url\":\"ecommerce\\/digital-product-files\\/product-28.jpg\",\"mime_type\":\"image\\/jpeg\",\"size\":9730,\"modified\":\"2024-11-20 09:45:46\",\"name\":\"product-28\",\"extension\":\"jpg\"}','2024-11-20 02:45:46','2024-11-20 02:45:46'),(159,142,'ecommerce/digital-product-files/product-49.jpg','{\"filename\":\"product-49.jpg\",\"url\":\"ecommerce\\/digital-product-files\\/product-49.jpg\",\"mime_type\":\"image\\/jpeg\",\"size\":9730,\"modified\":\"2024-11-20 09:45:46\",\"name\":\"product-49\",\"extension\":\"jpg\"}','2024-11-20 02:45:46','2024-11-20 02:45:46'),(160,142,'ecommerce/digital-product-files/product-38.jpg','{\"filename\":\"product-38.jpg\",\"url\":\"ecommerce\\/digital-product-files\\/product-38.jpg\",\"mime_type\":\"image\\/jpeg\",\"size\":9730,\"modified\":\"2024-11-20 09:45:46\",\"name\":\"product-38\",\"extension\":\"jpg\"}','2024-11-20 02:45:46','2024-11-20 02:45:46'),(161,142,'ecommerce/digital-product-files/product-86.jpg','{\"filename\":\"product-86.jpg\",\"url\":\"ecommerce\\/digital-product-files\\/product-86.jpg\",\"mime_type\":\"image\\/jpeg\",\"size\":9730,\"modified\":\"2024-11-20 09:45:46\",\"name\":\"product-86\",\"extension\":\"jpg\"}','2024-11-20 02:45:46','2024-11-20 02:45:46'),(162,142,'ecommerce/digital-product-files/product-92.jpg','{\"filename\":\"product-92.jpg\",\"url\":\"ecommerce\\/digital-product-files\\/product-92.jpg\",\"mime_type\":\"image\\/jpeg\",\"size\":9730,\"modified\":\"2024-11-20 09:45:46\",\"name\":\"product-92\",\"extension\":\"jpg\"}','2024-11-20 02:45:46','2024-11-20 02:45:46'),(163,142,'ecommerce/digital-product-files/product-32.jpg','{\"filename\":\"product-32.jpg\",\"url\":\"ecommerce\\/digital-product-files\\/product-32.jpg\",\"mime_type\":\"image\\/jpeg\",\"size\":9730,\"modified\":\"2024-11-20 09:45:46\",\"name\":\"product-32\",\"extension\":\"jpg\"}','2024-11-20 02:45:46','2024-11-20 02:45:46'),(164,142,'ecommerce/digital-product-files/product-56.jpg','{\"filename\":\"product-56.jpg\",\"url\":\"ecommerce\\/digital-product-files\\/product-56.jpg\",\"mime_type\":\"image\\/jpeg\",\"size\":9730,\"modified\":\"2024-11-20 09:45:46\",\"name\":\"product-56\",\"extension\":\"jpg\"}','2024-11-20 02:45:46','2024-11-20 02:45:46'),(165,142,'ecommerce/digital-product-files/product-57.jpg','{\"filename\":\"product-57.jpg\",\"url\":\"ecommerce\\/digital-product-files\\/product-57.jpg\",\"mime_type\":\"image\\/jpeg\",\"size\":9730,\"modified\":\"2024-11-20 09:45:46\",\"name\":\"product-57\",\"extension\":\"jpg\"}','2024-11-20 02:45:46','2024-11-20 02:45:46'),(166,143,'ecommerce/digital-product-files/product-72.jpg','{\"filename\":\"product-72.jpg\",\"url\":\"ecommerce\\/digital-product-files\\/product-72.jpg\",\"mime_type\":\"image\\/jpeg\",\"size\":9730,\"modified\":\"2024-11-20 09:45:46\",\"name\":\"product-72\",\"extension\":\"jpg\"}','2024-11-20 02:45:46','2024-11-20 02:45:46'),(167,143,'ecommerce/digital-product-files/product-74.jpg','{\"filename\":\"product-74.jpg\",\"url\":\"ecommerce\\/digital-product-files\\/product-74.jpg\",\"mime_type\":\"image\\/jpeg\",\"size\":9730,\"modified\":\"2024-11-20 09:45:46\",\"name\":\"product-74\",\"extension\":\"jpg\"}','2024-11-20 02:45:46','2024-11-20 02:45:46'),(168,143,'ecommerce/digital-product-files/product-61.jpg','{\"filename\":\"product-61.jpg\",\"url\":\"ecommerce\\/digital-product-files\\/product-61.jpg\",\"mime_type\":\"image\\/jpeg\",\"size\":9730,\"modified\":\"2024-11-20 09:45:46\",\"name\":\"product-61\",\"extension\":\"jpg\"}','2024-11-20 02:45:46','2024-11-20 02:45:46'),(169,143,'ecommerce/digital-product-files/product-82.jpg','{\"filename\":\"product-82.jpg\",\"url\":\"ecommerce\\/digital-product-files\\/product-82.jpg\",\"mime_type\":\"image\\/jpeg\",\"size\":9730,\"modified\":\"2024-11-20 09:45:46\",\"name\":\"product-82\",\"extension\":\"jpg\"}','2024-11-20 02:45:46','2024-11-20 02:45:46'),(170,143,'ecommerce/digital-product-files/product-28.jpg','{\"filename\":\"product-28.jpg\",\"url\":\"ecommerce\\/digital-product-files\\/product-28.jpg\",\"mime_type\":\"image\\/jpeg\",\"size\":9730,\"modified\":\"2024-11-20 09:45:46\",\"name\":\"product-28\",\"extension\":\"jpg\"}','2024-11-20 02:45:46','2024-11-20 02:45:46'),(171,143,'ecommerce/digital-product-files/product-49.jpg','{\"filename\":\"product-49.jpg\",\"url\":\"ecommerce\\/digital-product-files\\/product-49.jpg\",\"mime_type\":\"image\\/jpeg\",\"size\":9730,\"modified\":\"2024-11-20 09:45:46\",\"name\":\"product-49\",\"extension\":\"jpg\"}','2024-11-20 02:45:46','2024-11-20 02:45:46'),(172,143,'ecommerce/digital-product-files/product-38.jpg','{\"filename\":\"product-38.jpg\",\"url\":\"ecommerce\\/digital-product-files\\/product-38.jpg\",\"mime_type\":\"image\\/jpeg\",\"size\":9730,\"modified\":\"2024-11-20 09:45:46\",\"name\":\"product-38\",\"extension\":\"jpg\"}','2024-11-20 02:45:46','2024-11-20 02:45:46'),(173,143,'ecommerce/digital-product-files/product-86.jpg','{\"filename\":\"product-86.jpg\",\"url\":\"ecommerce\\/digital-product-files\\/product-86.jpg\",\"mime_type\":\"image\\/jpeg\",\"size\":9730,\"modified\":\"2024-11-20 09:45:46\",\"name\":\"product-86\",\"extension\":\"jpg\"}','2024-11-20 02:45:46','2024-11-20 02:45:46'),(174,143,'ecommerce/digital-product-files/product-92.jpg','{\"filename\":\"product-92.jpg\",\"url\":\"ecommerce\\/digital-product-files\\/product-92.jpg\",\"mime_type\":\"image\\/jpeg\",\"size\":9730,\"modified\":\"2024-11-20 09:45:46\",\"name\":\"product-92\",\"extension\":\"jpg\"}','2024-11-20 02:45:46','2024-11-20 02:45:46'),(175,143,'ecommerce/digital-product-files/product-32.jpg','{\"filename\":\"product-32.jpg\",\"url\":\"ecommerce\\/digital-product-files\\/product-32.jpg\",\"mime_type\":\"image\\/jpeg\",\"size\":9730,\"modified\":\"2024-11-20 09:45:46\",\"name\":\"product-32\",\"extension\":\"jpg\"}','2024-11-20 02:45:46','2024-11-20 02:45:46'),(176,143,'ecommerce/digital-product-files/product-56.jpg','{\"filename\":\"product-56.jpg\",\"url\":\"ecommerce\\/digital-product-files\\/product-56.jpg\",\"mime_type\":\"image\\/jpeg\",\"size\":9730,\"modified\":\"2024-11-20 09:45:46\",\"name\":\"product-56\",\"extension\":\"jpg\"}','2024-11-20 02:45:46','2024-11-20 02:45:46'),(177,143,'ecommerce/digital-product-files/product-57.jpg','{\"filename\":\"product-57.jpg\",\"url\":\"ecommerce\\/digital-product-files\\/product-57.jpg\",\"mime_type\":\"image\\/jpeg\",\"size\":9730,\"modified\":\"2024-11-20 09:45:46\",\"name\":\"product-57\",\"extension\":\"jpg\"}','2024-11-20 02:45:46','2024-11-20 02:45:46'),(178,154,'ecommerce/digital-product-files/product-69.jpg','{\"filename\":\"product-69.jpg\",\"url\":\"ecommerce\\/digital-product-files\\/product-69.jpg\",\"mime_type\":\"image\\/jpeg\",\"size\":9730,\"modified\":\"2024-11-20 09:45:46\",\"name\":\"product-69\",\"extension\":\"jpg\"}','2024-11-20 02:45:46','2024-11-20 02:45:46'),(179,154,'ecommerce/digital-product-files/product-82.jpg','{\"filename\":\"product-82.jpg\",\"url\":\"ecommerce\\/digital-product-files\\/product-82.jpg\",\"mime_type\":\"image\\/jpeg\",\"size\":9730,\"modified\":\"2024-11-20 09:45:46\",\"name\":\"product-82\",\"extension\":\"jpg\"}','2024-11-20 02:45:46','2024-11-20 02:45:46'),(180,154,'ecommerce/digital-product-files/product-65.jpg','{\"filename\":\"product-65.jpg\",\"url\":\"ecommerce\\/digital-product-files\\/product-65.jpg\",\"mime_type\":\"image\\/jpeg\",\"size\":9730,\"modified\":\"2024-11-20 09:45:46\",\"name\":\"product-65\",\"extension\":\"jpg\"}','2024-11-20 02:45:46','2024-11-20 02:45:46'),(181,154,'ecommerce/digital-product-files/product-80.jpg','{\"filename\":\"product-80.jpg\",\"url\":\"ecommerce\\/digital-product-files\\/product-80.jpg\",\"mime_type\":\"image\\/jpeg\",\"size\":9730,\"modified\":\"2024-11-20 09:45:46\",\"name\":\"product-80\",\"extension\":\"jpg\"}','2024-11-20 02:45:46','2024-11-20 02:45:46'),(182,154,'ecommerce/digital-product-files/product-14.jpg','{\"filename\":\"product-14.jpg\",\"url\":\"ecommerce\\/digital-product-files\\/product-14.jpg\",\"mime_type\":\"image\\/jpeg\",\"size\":9730,\"modified\":\"2024-11-20 09:45:46\",\"name\":\"product-14\",\"extension\":\"jpg\"}','2024-11-20 02:45:46','2024-11-20 02:45:46'),(183,154,'ecommerce/digital-product-files/product-88.jpg','{\"filename\":\"product-88.jpg\",\"url\":\"ecommerce\\/digital-product-files\\/product-88.jpg\",\"mime_type\":\"image\\/jpeg\",\"size\":9730,\"modified\":\"2024-11-20 09:45:46\",\"name\":\"product-88\",\"extension\":\"jpg\"}','2024-11-20 02:45:46','2024-11-20 02:45:46'),(184,154,'ecommerce/digital-product-files/product-58.jpg','{\"filename\":\"product-58.jpg\",\"url\":\"ecommerce\\/digital-product-files\\/product-58.jpg\",\"mime_type\":\"image\\/jpeg\",\"size\":9730,\"modified\":\"2024-11-20 09:45:46\",\"name\":\"product-58\",\"extension\":\"jpg\"}','2024-11-20 02:45:46','2024-11-20 02:45:46'),(185,154,'ecommerce/digital-product-files/product-3.jpg','{\"filename\":\"product-3.jpg\",\"url\":\"ecommerce\\/digital-product-files\\/product-3.jpg\",\"mime_type\":\"image\\/jpeg\",\"size\":9730,\"modified\":\"2024-11-20 09:45:46\",\"name\":\"product-3\",\"extension\":\"jpg\"}','2024-11-20 02:45:46','2024-11-20 02:45:46'),(186,154,'ecommerce/digital-product-files/product-72.jpg','{\"filename\":\"product-72.jpg\",\"url\":\"ecommerce\\/digital-product-files\\/product-72.jpg\",\"mime_type\":\"image\\/jpeg\",\"size\":9730,\"modified\":\"2024-11-20 09:45:46\",\"name\":\"product-72\",\"extension\":\"jpg\"}','2024-11-20 02:45:46','2024-11-20 02:45:46'),(187,154,'ecommerce/digital-product-files/product-68.jpg','{\"filename\":\"product-68.jpg\",\"url\":\"ecommerce\\/digital-product-files\\/product-68.jpg\",\"mime_type\":\"image\\/jpeg\",\"size\":9730,\"modified\":\"2024-11-20 09:45:46\",\"name\":\"product-68\",\"extension\":\"jpg\"}','2024-11-20 02:45:46','2024-11-20 02:45:46'),(188,155,'ecommerce/digital-product-files/product-69.jpg','{\"filename\":\"product-69.jpg\",\"url\":\"ecommerce\\/digital-product-files\\/product-69.jpg\",\"mime_type\":\"image\\/jpeg\",\"size\":9730,\"modified\":\"2024-11-20 09:45:46\",\"name\":\"product-69\",\"extension\":\"jpg\"}','2024-11-20 02:45:46','2024-11-20 02:45:46'),(189,155,'ecommerce/digital-product-files/product-82.jpg','{\"filename\":\"product-82.jpg\",\"url\":\"ecommerce\\/digital-product-files\\/product-82.jpg\",\"mime_type\":\"image\\/jpeg\",\"size\":9730,\"modified\":\"2024-11-20 09:45:46\",\"name\":\"product-82\",\"extension\":\"jpg\"}','2024-11-20 02:45:46','2024-11-20 02:45:46'),(190,155,'ecommerce/digital-product-files/product-65.jpg','{\"filename\":\"product-65.jpg\",\"url\":\"ecommerce\\/digital-product-files\\/product-65.jpg\",\"mime_type\":\"image\\/jpeg\",\"size\":9730,\"modified\":\"2024-11-20 09:45:46\",\"name\":\"product-65\",\"extension\":\"jpg\"}','2024-11-20 02:45:46','2024-11-20 02:45:46'),(191,155,'ecommerce/digital-product-files/product-80.jpg','{\"filename\":\"product-80.jpg\",\"url\":\"ecommerce\\/digital-product-files\\/product-80.jpg\",\"mime_type\":\"image\\/jpeg\",\"size\":9730,\"modified\":\"2024-11-20 09:45:46\",\"name\":\"product-80\",\"extension\":\"jpg\"}','2024-11-20 02:45:46','2024-11-20 02:45:46'),(192,155,'ecommerce/digital-product-files/product-14.jpg','{\"filename\":\"product-14.jpg\",\"url\":\"ecommerce\\/digital-product-files\\/product-14.jpg\",\"mime_type\":\"image\\/jpeg\",\"size\":9730,\"modified\":\"2024-11-20 09:45:46\",\"name\":\"product-14\",\"extension\":\"jpg\"}','2024-11-20 02:45:46','2024-11-20 02:45:46'),(193,155,'ecommerce/digital-product-files/product-88.jpg','{\"filename\":\"product-88.jpg\",\"url\":\"ecommerce\\/digital-product-files\\/product-88.jpg\",\"mime_type\":\"image\\/jpeg\",\"size\":9730,\"modified\":\"2024-11-20 09:45:46\",\"name\":\"product-88\",\"extension\":\"jpg\"}','2024-11-20 02:45:46','2024-11-20 02:45:46'),(194,155,'ecommerce/digital-product-files/product-58.jpg','{\"filename\":\"product-58.jpg\",\"url\":\"ecommerce\\/digital-product-files\\/product-58.jpg\",\"mime_type\":\"image\\/jpeg\",\"size\":9730,\"modified\":\"2024-11-20 09:45:46\",\"name\":\"product-58\",\"extension\":\"jpg\"}','2024-11-20 02:45:46','2024-11-20 02:45:46'),(195,155,'ecommerce/digital-product-files/product-3.jpg','{\"filename\":\"product-3.jpg\",\"url\":\"ecommerce\\/digital-product-files\\/product-3.jpg\",\"mime_type\":\"image\\/jpeg\",\"size\":9730,\"modified\":\"2024-11-20 09:45:46\",\"name\":\"product-3\",\"extension\":\"jpg\"}','2024-11-20 02:45:46','2024-11-20 02:45:46'),(196,155,'ecommerce/digital-product-files/product-72.jpg','{\"filename\":\"product-72.jpg\",\"url\":\"ecommerce\\/digital-product-files\\/product-72.jpg\",\"mime_type\":\"image\\/jpeg\",\"size\":9730,\"modified\":\"2024-11-20 09:45:46\",\"name\":\"product-72\",\"extension\":\"jpg\"}','2024-11-20 02:45:46','2024-11-20 02:45:46'),(197,155,'ecommerce/digital-product-files/product-68.jpg','{\"filename\":\"product-68.jpg\",\"url\":\"ecommerce\\/digital-product-files\\/product-68.jpg\",\"mime_type\":\"image\\/jpeg\",\"size\":9730,\"modified\":\"2024-11-20 09:45:46\",\"name\":\"product-68\",\"extension\":\"jpg\"}','2024-11-20 02:45:46','2024-11-20 02:45:46'),(198,163,'ecommerce/digital-product-files/product-28.jpg','{\"filename\":\"product-28.jpg\",\"url\":\"ecommerce\\/digital-product-files\\/product-28.jpg\",\"mime_type\":\"image\\/jpeg\",\"size\":9730,\"modified\":\"2024-11-20 09:45:46\",\"name\":\"product-28\",\"extension\":\"jpg\"}','2024-11-20 02:45:46','2024-11-20 02:45:46'),(199,163,'ecommerce/digital-product-files/product-82.jpg','{\"filename\":\"product-82.jpg\",\"url\":\"ecommerce\\/digital-product-files\\/product-82.jpg\",\"mime_type\":\"image\\/jpeg\",\"size\":9730,\"modified\":\"2024-11-20 09:45:46\",\"name\":\"product-82\",\"extension\":\"jpg\"}','2024-11-20 02:45:46','2024-11-20 02:45:46'),(200,163,'ecommerce/digital-product-files/product-7.jpg','{\"filename\":\"product-7.jpg\",\"url\":\"ecommerce\\/digital-product-files\\/product-7.jpg\",\"mime_type\":\"image\\/jpeg\",\"size\":9730,\"modified\":\"2024-11-20 09:45:46\",\"name\":\"product-7\",\"extension\":\"jpg\"}','2024-11-20 02:45:46','2024-11-20 02:45:46'),(201,163,'ecommerce/digital-product-files/product-84.jpg','{\"filename\":\"product-84.jpg\",\"url\":\"ecommerce\\/digital-product-files\\/product-84.jpg\",\"mime_type\":\"image\\/jpeg\",\"size\":9730,\"modified\":\"2024-11-20 09:45:46\",\"name\":\"product-84\",\"extension\":\"jpg\"}','2024-11-20 02:45:46','2024-11-20 02:45:46'),(202,163,'ecommerce/digital-product-files/product-79.jpg','{\"filename\":\"product-79.jpg\",\"url\":\"ecommerce\\/digital-product-files\\/product-79.jpg\",\"mime_type\":\"image\\/jpeg\",\"size\":9730,\"modified\":\"2024-11-20 09:45:46\",\"name\":\"product-79\",\"extension\":\"jpg\"}','2024-11-20 02:45:46','2024-11-20 02:45:46'),(203,163,'ecommerce/digital-product-files/product-51.jpg','{\"filename\":\"product-51.jpg\",\"url\":\"ecommerce\\/digital-product-files\\/product-51.jpg\",\"mime_type\":\"image\\/jpeg\",\"size\":9730,\"modified\":\"2024-11-20 09:45:46\",\"name\":\"product-51\",\"extension\":\"jpg\"}','2024-11-20 02:45:46','2024-11-20 02:45:46'),(204,163,'ecommerce/digital-product-files/product-54.jpg','{\"filename\":\"product-54.jpg\",\"url\":\"ecommerce\\/digital-product-files\\/product-54.jpg\",\"mime_type\":\"image\\/jpeg\",\"size\":9730,\"modified\":\"2024-11-20 09:45:46\",\"name\":\"product-54\",\"extension\":\"jpg\"}','2024-11-20 02:45:46','2024-11-20 02:45:46'),(205,163,'ecommerce/digital-product-files/product-11.jpg','{\"filename\":\"product-11.jpg\",\"url\":\"ecommerce\\/digital-product-files\\/product-11.jpg\",\"mime_type\":\"image\\/jpeg\",\"size\":9730,\"modified\":\"2024-11-20 09:45:46\",\"name\":\"product-11\",\"extension\":\"jpg\"}','2024-11-20 02:45:46','2024-11-20 02:45:46'),(206,164,'ecommerce/digital-product-files/product-28.jpg','{\"filename\":\"product-28.jpg\",\"url\":\"ecommerce\\/digital-product-files\\/product-28.jpg\",\"mime_type\":\"image\\/jpeg\",\"size\":9730,\"modified\":\"2024-11-20 09:45:46\",\"name\":\"product-28\",\"extension\":\"jpg\"}','2024-11-20 02:45:46','2024-11-20 02:45:46'),(207,164,'ecommerce/digital-product-files/product-82.jpg','{\"filename\":\"product-82.jpg\",\"url\":\"ecommerce\\/digital-product-files\\/product-82.jpg\",\"mime_type\":\"image\\/jpeg\",\"size\":9730,\"modified\":\"2024-11-20 09:45:46\",\"name\":\"product-82\",\"extension\":\"jpg\"}','2024-11-20 02:45:46','2024-11-20 02:45:46'),(208,164,'ecommerce/digital-product-files/product-7.jpg','{\"filename\":\"product-7.jpg\",\"url\":\"ecommerce\\/digital-product-files\\/product-7.jpg\",\"mime_type\":\"image\\/jpeg\",\"size\":9730,\"modified\":\"2024-11-20 09:45:46\",\"name\":\"product-7\",\"extension\":\"jpg\"}','2024-11-20 02:45:46','2024-11-20 02:45:46'),(209,164,'ecommerce/digital-product-files/product-84.jpg','{\"filename\":\"product-84.jpg\",\"url\":\"ecommerce\\/digital-product-files\\/product-84.jpg\",\"mime_type\":\"image\\/jpeg\",\"size\":9730,\"modified\":\"2024-11-20 09:45:46\",\"name\":\"product-84\",\"extension\":\"jpg\"}','2024-11-20 02:45:46','2024-11-20 02:45:46'),(210,164,'ecommerce/digital-product-files/product-79.jpg','{\"filename\":\"product-79.jpg\",\"url\":\"ecommerce\\/digital-product-files\\/product-79.jpg\",\"mime_type\":\"image\\/jpeg\",\"size\":9730,\"modified\":\"2024-11-20 09:45:46\",\"name\":\"product-79\",\"extension\":\"jpg\"}','2024-11-20 02:45:46','2024-11-20 02:45:46'),(211,164,'ecommerce/digital-product-files/product-51.jpg','{\"filename\":\"product-51.jpg\",\"url\":\"ecommerce\\/digital-product-files\\/product-51.jpg\",\"mime_type\":\"image\\/jpeg\",\"size\":9730,\"modified\":\"2024-11-20 09:45:46\",\"name\":\"product-51\",\"extension\":\"jpg\"}','2024-11-20 02:45:46','2024-11-20 02:45:46'),(212,164,'ecommerce/digital-product-files/product-54.jpg','{\"filename\":\"product-54.jpg\",\"url\":\"ecommerce\\/digital-product-files\\/product-54.jpg\",\"mime_type\":\"image\\/jpeg\",\"size\":9730,\"modified\":\"2024-11-20 09:45:46\",\"name\":\"product-54\",\"extension\":\"jpg\"}','2024-11-20 02:45:46','2024-11-20 02:45:46'),(213,164,'ecommerce/digital-product-files/product-11.jpg','{\"filename\":\"product-11.jpg\",\"url\":\"ecommerce\\/digital-product-files\\/product-11.jpg\",\"mime_type\":\"image\\/jpeg\",\"size\":9730,\"modified\":\"2024-11-20 09:45:46\",\"name\":\"product-11\",\"extension\":\"jpg\"}','2024-11-20 02:45:46','2024-11-20 02:45:46'),(214,165,'ecommerce/digital-product-files/product-28.jpg','{\"filename\":\"product-28.jpg\",\"url\":\"ecommerce\\/digital-product-files\\/product-28.jpg\",\"mime_type\":\"image\\/jpeg\",\"size\":9730,\"modified\":\"2024-11-20 09:45:46\",\"name\":\"product-28\",\"extension\":\"jpg\"}','2024-11-20 02:45:46','2024-11-20 02:45:46'),(215,165,'ecommerce/digital-product-files/product-82.jpg','{\"filename\":\"product-82.jpg\",\"url\":\"ecommerce\\/digital-product-files\\/product-82.jpg\",\"mime_type\":\"image\\/jpeg\",\"size\":9730,\"modified\":\"2024-11-20 09:45:46\",\"name\":\"product-82\",\"extension\":\"jpg\"}','2024-11-20 02:45:46','2024-11-20 02:45:46'),(216,165,'ecommerce/digital-product-files/product-7.jpg','{\"filename\":\"product-7.jpg\",\"url\":\"ecommerce\\/digital-product-files\\/product-7.jpg\",\"mime_type\":\"image\\/jpeg\",\"size\":9730,\"modified\":\"2024-11-20 09:45:46\",\"name\":\"product-7\",\"extension\":\"jpg\"}','2024-11-20 02:45:46','2024-11-20 02:45:46'),(217,165,'ecommerce/digital-product-files/product-84.jpg','{\"filename\":\"product-84.jpg\",\"url\":\"ecommerce\\/digital-product-files\\/product-84.jpg\",\"mime_type\":\"image\\/jpeg\",\"size\":9730,\"modified\":\"2024-11-20 09:45:46\",\"name\":\"product-84\",\"extension\":\"jpg\"}','2024-11-20 02:45:46','2024-11-20 02:45:46'),(218,165,'ecommerce/digital-product-files/product-79.jpg','{\"filename\":\"product-79.jpg\",\"url\":\"ecommerce\\/digital-product-files\\/product-79.jpg\",\"mime_type\":\"image\\/jpeg\",\"size\":9730,\"modified\":\"2024-11-20 09:45:46\",\"name\":\"product-79\",\"extension\":\"jpg\"}','2024-11-20 02:45:46','2024-11-20 02:45:46'),(219,165,'ecommerce/digital-product-files/product-51.jpg','{\"filename\":\"product-51.jpg\",\"url\":\"ecommerce\\/digital-product-files\\/product-51.jpg\",\"mime_type\":\"image\\/jpeg\",\"size\":9730,\"modified\":\"2024-11-20 09:45:46\",\"name\":\"product-51\",\"extension\":\"jpg\"}','2024-11-20 02:45:46','2024-11-20 02:45:46'),(220,165,'ecommerce/digital-product-files/product-54.jpg','{\"filename\":\"product-54.jpg\",\"url\":\"ecommerce\\/digital-product-files\\/product-54.jpg\",\"mime_type\":\"image\\/jpeg\",\"size\":9730,\"modified\":\"2024-11-20 09:45:46\",\"name\":\"product-54\",\"extension\":\"jpg\"}','2024-11-20 02:45:46','2024-11-20 02:45:46'),(221,165,'ecommerce/digital-product-files/product-11.jpg','{\"filename\":\"product-11.jpg\",\"url\":\"ecommerce\\/digital-product-files\\/product-11.jpg\",\"mime_type\":\"image\\/jpeg\",\"size\":9730,\"modified\":\"2024-11-20 09:45:46\",\"name\":\"product-11\",\"extension\":\"jpg\"}','2024-11-20 02:45:46','2024-11-20 02:45:46'),(222,171,'ecommerce/digital-product-files/product-52.jpg','{\"filename\":\"product-52.jpg\",\"url\":\"ecommerce\\/digital-product-files\\/product-52.jpg\",\"mime_type\":\"image\\/jpeg\",\"size\":9730,\"modified\":\"2024-11-20 09:45:46\",\"name\":\"product-52\",\"extension\":\"jpg\"}','2024-11-20 02:45:46','2024-11-20 02:45:46'),(223,171,'ecommerce/digital-product-files/product-63.jpg','{\"filename\":\"product-63.jpg\",\"url\":\"ecommerce\\/digital-product-files\\/product-63.jpg\",\"mime_type\":\"image\\/jpeg\",\"size\":9730,\"modified\":\"2024-11-20 09:45:46\",\"name\":\"product-63\",\"extension\":\"jpg\"}','2024-11-20 02:45:46','2024-11-20 02:45:46'),(224,171,'ecommerce/digital-product-files/product-47.jpg','{\"filename\":\"product-47.jpg\",\"url\":\"ecommerce\\/digital-product-files\\/product-47.jpg\",\"mime_type\":\"image\\/jpeg\",\"size\":9730,\"modified\":\"2024-11-20 09:45:46\",\"name\":\"product-47\",\"extension\":\"jpg\"}','2024-11-20 02:45:46','2024-11-20 02:45:46'),(225,171,'ecommerce/digital-product-files/product-60.jpg','{\"filename\":\"product-60.jpg\",\"url\":\"ecommerce\\/digital-product-files\\/product-60.jpg\",\"mime_type\":\"image\\/jpeg\",\"size\":9730,\"modified\":\"2024-11-20 09:45:46\",\"name\":\"product-60\",\"extension\":\"jpg\"}','2024-11-20 02:45:46','2024-11-20 02:45:46'),(226,171,'ecommerce/digital-product-files/product-76.jpg','{\"filename\":\"product-76.jpg\",\"url\":\"ecommerce\\/digital-product-files\\/product-76.jpg\",\"mime_type\":\"image\\/jpeg\",\"size\":9730,\"modified\":\"2024-11-20 09:45:46\",\"name\":\"product-76\",\"extension\":\"jpg\"}','2024-11-20 02:45:46','2024-11-20 02:45:46'),(227,171,'ecommerce/digital-product-files/product-81.jpg','{\"filename\":\"product-81.jpg\",\"url\":\"ecommerce\\/digital-product-files\\/product-81.jpg\",\"mime_type\":\"image\\/jpeg\",\"size\":9730,\"modified\":\"2024-11-20 09:45:46\",\"name\":\"product-81\",\"extension\":\"jpg\"}','2024-11-20 02:45:46','2024-11-20 02:45:46'),(228,171,'ecommerce/digital-product-files/product-37.jpg','{\"filename\":\"product-37.jpg\",\"url\":\"ecommerce\\/digital-product-files\\/product-37.jpg\",\"mime_type\":\"image\\/jpeg\",\"size\":9730,\"modified\":\"2024-11-20 09:45:46\",\"name\":\"product-37\",\"extension\":\"jpg\"}','2024-11-20 02:45:46','2024-11-20 02:45:46'),(229,171,'ecommerce/digital-product-files/product-30.jpg','{\"filename\":\"product-30.jpg\",\"url\":\"ecommerce\\/digital-product-files\\/product-30.jpg\",\"mime_type\":\"image\\/jpeg\",\"size\":9730,\"modified\":\"2024-11-20 09:45:46\",\"name\":\"product-30\",\"extension\":\"jpg\"}','2024-11-20 02:45:46','2024-11-20 02:45:46'),(230,171,'ecommerce/digital-product-files/product-14.jpg','{\"filename\":\"product-14.jpg\",\"url\":\"ecommerce\\/digital-product-files\\/product-14.jpg\",\"mime_type\":\"image\\/jpeg\",\"size\":9730,\"modified\":\"2024-11-20 09:45:46\",\"name\":\"product-14\",\"extension\":\"jpg\"}','2024-11-20 02:45:46','2024-11-20 02:45:46'),(231,171,'ecommerce/digital-product-files/product-59.jpg','{\"filename\":\"product-59.jpg\",\"url\":\"ecommerce\\/digital-product-files\\/product-59.jpg\",\"mime_type\":\"image\\/jpeg\",\"size\":9730,\"modified\":\"2024-11-20 09:45:46\",\"name\":\"product-59\",\"extension\":\"jpg\"}','2024-11-20 02:45:46','2024-11-20 02:45:46'),(232,171,'ecommerce/digital-product-files/product-84.jpg','{\"filename\":\"product-84.jpg\",\"url\":\"ecommerce\\/digital-product-files\\/product-84.jpg\",\"mime_type\":\"image\\/jpeg\",\"size\":9730,\"modified\":\"2024-11-20 09:45:46\",\"name\":\"product-84\",\"extension\":\"jpg\"}','2024-11-20 02:45:46','2024-11-20 02:45:46'),(233,172,'ecommerce/digital-product-files/product-52.jpg','{\"filename\":\"product-52.jpg\",\"url\":\"ecommerce\\/digital-product-files\\/product-52.jpg\",\"mime_type\":\"image\\/jpeg\",\"size\":9730,\"modified\":\"2024-11-20 09:45:46\",\"name\":\"product-52\",\"extension\":\"jpg\"}','2024-11-20 02:45:46','2024-11-20 02:45:46'),(234,172,'ecommerce/digital-product-files/product-63.jpg','{\"filename\":\"product-63.jpg\",\"url\":\"ecommerce\\/digital-product-files\\/product-63.jpg\",\"mime_type\":\"image\\/jpeg\",\"size\":9730,\"modified\":\"2024-11-20 09:45:46\",\"name\":\"product-63\",\"extension\":\"jpg\"}','2024-11-20 02:45:46','2024-11-20 02:45:46'),(235,172,'ecommerce/digital-product-files/product-47.jpg','{\"filename\":\"product-47.jpg\",\"url\":\"ecommerce\\/digital-product-files\\/product-47.jpg\",\"mime_type\":\"image\\/jpeg\",\"size\":9730,\"modified\":\"2024-11-20 09:45:46\",\"name\":\"product-47\",\"extension\":\"jpg\"}','2024-11-20 02:45:46','2024-11-20 02:45:46'),(236,172,'ecommerce/digital-product-files/product-60.jpg','{\"filename\":\"product-60.jpg\",\"url\":\"ecommerce\\/digital-product-files\\/product-60.jpg\",\"mime_type\":\"image\\/jpeg\",\"size\":9730,\"modified\":\"2024-11-20 09:45:46\",\"name\":\"product-60\",\"extension\":\"jpg\"}','2024-11-20 02:45:46','2024-11-20 02:45:46'),(237,172,'ecommerce/digital-product-files/product-76.jpg','{\"filename\":\"product-76.jpg\",\"url\":\"ecommerce\\/digital-product-files\\/product-76.jpg\",\"mime_type\":\"image\\/jpeg\",\"size\":9730,\"modified\":\"2024-11-20 09:45:46\",\"name\":\"product-76\",\"extension\":\"jpg\"}','2024-11-20 02:45:46','2024-11-20 02:45:46'),(238,172,'ecommerce/digital-product-files/product-81.jpg','{\"filename\":\"product-81.jpg\",\"url\":\"ecommerce\\/digital-product-files\\/product-81.jpg\",\"mime_type\":\"image\\/jpeg\",\"size\":9730,\"modified\":\"2024-11-20 09:45:46\",\"name\":\"product-81\",\"extension\":\"jpg\"}','2024-11-20 02:45:46','2024-11-20 02:45:46'),(239,172,'ecommerce/digital-product-files/product-37.jpg','{\"filename\":\"product-37.jpg\",\"url\":\"ecommerce\\/digital-product-files\\/product-37.jpg\",\"mime_type\":\"image\\/jpeg\",\"size\":9730,\"modified\":\"2024-11-20 09:45:46\",\"name\":\"product-37\",\"extension\":\"jpg\"}','2024-11-20 02:45:46','2024-11-20 02:45:46'),(240,172,'ecommerce/digital-product-files/product-30.jpg','{\"filename\":\"product-30.jpg\",\"url\":\"ecommerce\\/digital-product-files\\/product-30.jpg\",\"mime_type\":\"image\\/jpeg\",\"size\":9730,\"modified\":\"2024-11-20 09:45:46\",\"name\":\"product-30\",\"extension\":\"jpg\"}','2024-11-20 02:45:46','2024-11-20 02:45:46'),(241,172,'ecommerce/digital-product-files/product-14.jpg','{\"filename\":\"product-14.jpg\",\"url\":\"ecommerce\\/digital-product-files\\/product-14.jpg\",\"mime_type\":\"image\\/jpeg\",\"size\":9730,\"modified\":\"2024-11-20 09:45:46\",\"name\":\"product-14\",\"extension\":\"jpg\"}','2024-11-20 02:45:46','2024-11-20 02:45:46'),(242,172,'ecommerce/digital-product-files/product-59.jpg','{\"filename\":\"product-59.jpg\",\"url\":\"ecommerce\\/digital-product-files\\/product-59.jpg\",\"mime_type\":\"image\\/jpeg\",\"size\":9730,\"modified\":\"2024-11-20 09:45:46\",\"name\":\"product-59\",\"extension\":\"jpg\"}','2024-11-20 02:45:46','2024-11-20 02:45:46'),(243,172,'ecommerce/digital-product-files/product-84.jpg','{\"filename\":\"product-84.jpg\",\"url\":\"ecommerce\\/digital-product-files\\/product-84.jpg\",\"mime_type\":\"image\\/jpeg\",\"size\":9730,\"modified\":\"2024-11-20 09:45:46\",\"name\":\"product-84\",\"extension\":\"jpg\"}','2024-11-20 02:45:46','2024-11-20 02:45:46'),(244,173,'ecommerce/digital-product-files/product-52.jpg','{\"filename\":\"product-52.jpg\",\"url\":\"ecommerce\\/digital-product-files\\/product-52.jpg\",\"mime_type\":\"image\\/jpeg\",\"size\":9730,\"modified\":\"2024-11-20 09:45:46\",\"name\":\"product-52\",\"extension\":\"jpg\"}','2024-11-20 02:45:46','2024-11-20 02:45:46'),(245,173,'ecommerce/digital-product-files/product-63.jpg','{\"filename\":\"product-63.jpg\",\"url\":\"ecommerce\\/digital-product-files\\/product-63.jpg\",\"mime_type\":\"image\\/jpeg\",\"size\":9730,\"modified\":\"2024-11-20 09:45:46\",\"name\":\"product-63\",\"extension\":\"jpg\"}','2024-11-20 02:45:46','2024-11-20 02:45:46'),(246,173,'ecommerce/digital-product-files/product-47.jpg','{\"filename\":\"product-47.jpg\",\"url\":\"ecommerce\\/digital-product-files\\/product-47.jpg\",\"mime_type\":\"image\\/jpeg\",\"size\":9730,\"modified\":\"2024-11-20 09:45:46\",\"name\":\"product-47\",\"extension\":\"jpg\"}','2024-11-20 02:45:46','2024-11-20 02:45:46'),(247,173,'ecommerce/digital-product-files/product-60.jpg','{\"filename\":\"product-60.jpg\",\"url\":\"ecommerce\\/digital-product-files\\/product-60.jpg\",\"mime_type\":\"image\\/jpeg\",\"size\":9730,\"modified\":\"2024-11-20 09:45:46\",\"name\":\"product-60\",\"extension\":\"jpg\"}','2024-11-20 02:45:46','2024-11-20 02:45:46'),(248,173,'ecommerce/digital-product-files/product-76.jpg','{\"filename\":\"product-76.jpg\",\"url\":\"ecommerce\\/digital-product-files\\/product-76.jpg\",\"mime_type\":\"image\\/jpeg\",\"size\":9730,\"modified\":\"2024-11-20 09:45:46\",\"name\":\"product-76\",\"extension\":\"jpg\"}','2024-11-20 02:45:46','2024-11-20 02:45:46'),(249,173,'ecommerce/digital-product-files/product-81.jpg','{\"filename\":\"product-81.jpg\",\"url\":\"ecommerce\\/digital-product-files\\/product-81.jpg\",\"mime_type\":\"image\\/jpeg\",\"size\":9730,\"modified\":\"2024-11-20 09:45:46\",\"name\":\"product-81\",\"extension\":\"jpg\"}','2024-11-20 02:45:46','2024-11-20 02:45:46'),(250,173,'ecommerce/digital-product-files/product-37.jpg','{\"filename\":\"product-37.jpg\",\"url\":\"ecommerce\\/digital-product-files\\/product-37.jpg\",\"mime_type\":\"image\\/jpeg\",\"size\":9730,\"modified\":\"2024-11-20 09:45:46\",\"name\":\"product-37\",\"extension\":\"jpg\"}','2024-11-20 02:45:46','2024-11-20 02:45:46'),(251,173,'ecommerce/digital-product-files/product-30.jpg','{\"filename\":\"product-30.jpg\",\"url\":\"ecommerce\\/digital-product-files\\/product-30.jpg\",\"mime_type\":\"image\\/jpeg\",\"size\":9730,\"modified\":\"2024-11-20 09:45:46\",\"name\":\"product-30\",\"extension\":\"jpg\"}','2024-11-20 02:45:46','2024-11-20 02:45:46'),(252,173,'ecommerce/digital-product-files/product-14.jpg','{\"filename\":\"product-14.jpg\",\"url\":\"ecommerce\\/digital-product-files\\/product-14.jpg\",\"mime_type\":\"image\\/jpeg\",\"size\":9730,\"modified\":\"2024-11-20 09:45:46\",\"name\":\"product-14\",\"extension\":\"jpg\"}','2024-11-20 02:45:46','2024-11-20 02:45:46'),(253,173,'ecommerce/digital-product-files/product-59.jpg','{\"filename\":\"product-59.jpg\",\"url\":\"ecommerce\\/digital-product-files\\/product-59.jpg\",\"mime_type\":\"image\\/jpeg\",\"size\":9730,\"modified\":\"2024-11-20 09:45:46\",\"name\":\"product-59\",\"extension\":\"jpg\"}','2024-11-20 02:45:46','2024-11-20 02:45:46'),(254,173,'ecommerce/digital-product-files/product-84.jpg','{\"filename\":\"product-84.jpg\",\"url\":\"ecommerce\\/digital-product-files\\/product-84.jpg\",\"mime_type\":\"image\\/jpeg\",\"size\":9730,\"modified\":\"2024-11-20 09:45:46\",\"name\":\"product-84\",\"extension\":\"jpg\"}','2024-11-20 02:45:46','2024-11-20 02:45:46'),(255,174,'ecommerce/digital-product-files/product-52.jpg','{\"filename\":\"product-52.jpg\",\"url\":\"ecommerce\\/digital-product-files\\/product-52.jpg\",\"mime_type\":\"image\\/jpeg\",\"size\":9730,\"modified\":\"2024-11-20 09:45:46\",\"name\":\"product-52\",\"extension\":\"jpg\"}','2024-11-20 02:45:46','2024-11-20 02:45:46'),(256,174,'ecommerce/digital-product-files/product-63.jpg','{\"filename\":\"product-63.jpg\",\"url\":\"ecommerce\\/digital-product-files\\/product-63.jpg\",\"mime_type\":\"image\\/jpeg\",\"size\":9730,\"modified\":\"2024-11-20 09:45:46\",\"name\":\"product-63\",\"extension\":\"jpg\"}','2024-11-20 02:45:46','2024-11-20 02:45:46'),(257,174,'ecommerce/digital-product-files/product-47.jpg','{\"filename\":\"product-47.jpg\",\"url\":\"ecommerce\\/digital-product-files\\/product-47.jpg\",\"mime_type\":\"image\\/jpeg\",\"size\":9730,\"modified\":\"2024-11-20 09:45:46\",\"name\":\"product-47\",\"extension\":\"jpg\"}','2024-11-20 02:45:46','2024-11-20 02:45:46'),(258,174,'ecommerce/digital-product-files/product-60.jpg','{\"filename\":\"product-60.jpg\",\"url\":\"ecommerce\\/digital-product-files\\/product-60.jpg\",\"mime_type\":\"image\\/jpeg\",\"size\":9730,\"modified\":\"2024-11-20 09:45:46\",\"name\":\"product-60\",\"extension\":\"jpg\"}','2024-11-20 02:45:46','2024-11-20 02:45:46'),(259,174,'ecommerce/digital-product-files/product-76.jpg','{\"filename\":\"product-76.jpg\",\"url\":\"ecommerce\\/digital-product-files\\/product-76.jpg\",\"mime_type\":\"image\\/jpeg\",\"size\":9730,\"modified\":\"2024-11-20 09:45:46\",\"name\":\"product-76\",\"extension\":\"jpg\"}','2024-11-20 02:45:46','2024-11-20 02:45:46'),(260,174,'ecommerce/digital-product-files/product-81.jpg','{\"filename\":\"product-81.jpg\",\"url\":\"ecommerce\\/digital-product-files\\/product-81.jpg\",\"mime_type\":\"image\\/jpeg\",\"size\":9730,\"modified\":\"2024-11-20 09:45:46\",\"name\":\"product-81\",\"extension\":\"jpg\"}','2024-11-20 02:45:46','2024-11-20 02:45:46'),(261,174,'ecommerce/digital-product-files/product-37.jpg','{\"filename\":\"product-37.jpg\",\"url\":\"ecommerce\\/digital-product-files\\/product-37.jpg\",\"mime_type\":\"image\\/jpeg\",\"size\":9730,\"modified\":\"2024-11-20 09:45:46\",\"name\":\"product-37\",\"extension\":\"jpg\"}','2024-11-20 02:45:46','2024-11-20 02:45:46'),(262,174,'ecommerce/digital-product-files/product-30.jpg','{\"filename\":\"product-30.jpg\",\"url\":\"ecommerce\\/digital-product-files\\/product-30.jpg\",\"mime_type\":\"image\\/jpeg\",\"size\":9730,\"modified\":\"2024-11-20 09:45:46\",\"name\":\"product-30\",\"extension\":\"jpg\"}','2024-11-20 02:45:46','2024-11-20 02:45:46'),(263,174,'ecommerce/digital-product-files/product-14.jpg','{\"filename\":\"product-14.jpg\",\"url\":\"ecommerce\\/digital-product-files\\/product-14.jpg\",\"mime_type\":\"image\\/jpeg\",\"size\":9730,\"modified\":\"2024-11-20 09:45:46\",\"name\":\"product-14\",\"extension\":\"jpg\"}','2024-11-20 02:45:46','2024-11-20 02:45:46'),(264,174,'ecommerce/digital-product-files/product-59.jpg','{\"filename\":\"product-59.jpg\",\"url\":\"ecommerce\\/digital-product-files\\/product-59.jpg\",\"mime_type\":\"image\\/jpeg\",\"size\":9730,\"modified\":\"2024-11-20 09:45:46\",\"name\":\"product-59\",\"extension\":\"jpg\"}','2024-11-20 02:45:46','2024-11-20 02:45:46'),(265,174,'ecommerce/digital-product-files/product-84.jpg','{\"filename\":\"product-84.jpg\",\"url\":\"ecommerce\\/digital-product-files\\/product-84.jpg\",\"mime_type\":\"image\\/jpeg\",\"size\":9730,\"modified\":\"2024-11-20 09:45:46\",\"name\":\"product-84\",\"extension\":\"jpg\"}','2024-11-20 02:45:46','2024-11-20 02:45:46'),(266,186,'ecommerce/digital-product-files/product-9.jpg','{\"filename\":\"product-9.jpg\",\"url\":\"ecommerce\\/digital-product-files\\/product-9.jpg\",\"mime_type\":\"image\\/jpeg\",\"size\":9730,\"modified\":\"2024-11-20 09:45:46\",\"name\":\"product-9\",\"extension\":\"jpg\"}','2024-11-20 02:45:46','2024-11-20 02:45:46'),(267,186,'ecommerce/digital-product-files/product-89.jpg','{\"filename\":\"product-89.jpg\",\"url\":\"ecommerce\\/digital-product-files\\/product-89.jpg\",\"mime_type\":\"image\\/jpeg\",\"size\":9730,\"modified\":\"2024-11-20 09:45:46\",\"name\":\"product-89\",\"extension\":\"jpg\"}','2024-11-20 02:45:46','2024-11-20 02:45:46'),(268,186,'ecommerce/digital-product-files/product-84.jpg','{\"filename\":\"product-84.jpg\",\"url\":\"ecommerce\\/digital-product-files\\/product-84.jpg\",\"mime_type\":\"image\\/jpeg\",\"size\":9730,\"modified\":\"2024-11-20 09:45:46\",\"name\":\"product-84\",\"extension\":\"jpg\"}','2024-11-20 02:45:46','2024-11-20 02:45:46'),(269,186,'ecommerce/digital-product-files/product-61.jpg','{\"filename\":\"product-61.jpg\",\"url\":\"ecommerce\\/digital-product-files\\/product-61.jpg\",\"mime_type\":\"image\\/jpeg\",\"size\":9730,\"modified\":\"2024-11-20 09:45:46\",\"name\":\"product-61\",\"extension\":\"jpg\"}','2024-11-20 02:45:46','2024-11-20 02:45:46'),(270,186,'ecommerce/digital-product-files/product-80.jpg','{\"filename\":\"product-80.jpg\",\"url\":\"ecommerce\\/digital-product-files\\/product-80.jpg\",\"mime_type\":\"image\\/jpeg\",\"size\":9730,\"modified\":\"2024-11-20 09:45:46\",\"name\":\"product-80\",\"extension\":\"jpg\"}','2024-11-20 02:45:46','2024-11-20 02:45:46'),(271,187,'ecommerce/digital-product-files/product-9.jpg','{\"filename\":\"product-9.jpg\",\"url\":\"ecommerce\\/digital-product-files\\/product-9.jpg\",\"mime_type\":\"image\\/jpeg\",\"size\":9730,\"modified\":\"2024-11-20 09:45:46\",\"name\":\"product-9\",\"extension\":\"jpg\"}','2024-11-20 02:45:46','2024-11-20 02:45:46'),(272,187,'ecommerce/digital-product-files/product-89.jpg','{\"filename\":\"product-89.jpg\",\"url\":\"ecommerce\\/digital-product-files\\/product-89.jpg\",\"mime_type\":\"image\\/jpeg\",\"size\":9730,\"modified\":\"2024-11-20 09:45:46\",\"name\":\"product-89\",\"extension\":\"jpg\"}','2024-11-20 02:45:46','2024-11-20 02:45:46'),(273,187,'ecommerce/digital-product-files/product-84.jpg','{\"filename\":\"product-84.jpg\",\"url\":\"ecommerce\\/digital-product-files\\/product-84.jpg\",\"mime_type\":\"image\\/jpeg\",\"size\":9730,\"modified\":\"2024-11-20 09:45:46\",\"name\":\"product-84\",\"extension\":\"jpg\"}','2024-11-20 02:45:46','2024-11-20 02:45:46'),(274,187,'ecommerce/digital-product-files/product-61.jpg','{\"filename\":\"product-61.jpg\",\"url\":\"ecommerce\\/digital-product-files\\/product-61.jpg\",\"mime_type\":\"image\\/jpeg\",\"size\":9730,\"modified\":\"2024-11-20 09:45:46\",\"name\":\"product-61\",\"extension\":\"jpg\"}','2024-11-20 02:45:46','2024-11-20 02:45:46'),(275,187,'ecommerce/digital-product-files/product-80.jpg','{\"filename\":\"product-80.jpg\",\"url\":\"ecommerce\\/digital-product-files\\/product-80.jpg\",\"mime_type\":\"image\\/jpeg\",\"size\":9730,\"modified\":\"2024-11-20 09:45:46\",\"name\":\"product-80\",\"extension\":\"jpg\"}','2024-11-20 02:45:46','2024-11-20 02:45:46'),(276,193,'ecommerce/digital-product-files/product-5.jpg','{\"filename\":\"product-5.jpg\",\"url\":\"ecommerce\\/digital-product-files\\/product-5.jpg\",\"mime_type\":\"image\\/jpeg\",\"size\":9730,\"modified\":\"2024-11-20 09:45:46\",\"name\":\"product-5\",\"extension\":\"jpg\"}','2024-11-20 02:45:46','2024-11-20 02:45:46'),(277,193,'ecommerce/digital-product-files/product-2.jpg','{\"filename\":\"product-2.jpg\",\"url\":\"ecommerce\\/digital-product-files\\/product-2.jpg\",\"mime_type\":\"image\\/jpeg\",\"size\":9730,\"modified\":\"2024-11-20 09:45:46\",\"name\":\"product-2\",\"extension\":\"jpg\"}','2024-11-20 02:45:46','2024-11-20 02:45:46'),(278,193,'ecommerce/digital-product-files/product-15.jpg','{\"filename\":\"product-15.jpg\",\"url\":\"ecommerce\\/digital-product-files\\/product-15.jpg\",\"mime_type\":\"image\\/jpeg\",\"size\":9730,\"modified\":\"2024-11-20 09:45:46\",\"name\":\"product-15\",\"extension\":\"jpg\"}','2024-11-20 02:45:46','2024-11-20 02:45:46'),(279,193,'ecommerce/digital-product-files/product-80.jpg','{\"filename\":\"product-80.jpg\",\"url\":\"ecommerce\\/digital-product-files\\/product-80.jpg\",\"mime_type\":\"image\\/jpeg\",\"size\":9730,\"modified\":\"2024-11-20 09:45:46\",\"name\":\"product-80\",\"extension\":\"jpg\"}','2024-11-20 02:45:46','2024-11-20 02:45:46'),(280,193,'ecommerce/digital-product-files/product-86.jpg','{\"filename\":\"product-86.jpg\",\"url\":\"ecommerce\\/digital-product-files\\/product-86.jpg\",\"mime_type\":\"image\\/jpeg\",\"size\":9730,\"modified\":\"2024-11-20 09:45:46\",\"name\":\"product-86\",\"extension\":\"jpg\"}','2024-11-20 02:45:46','2024-11-20 02:45:46'),(281,193,'ecommerce/digital-product-files/product-92.jpg','{\"filename\":\"product-92.jpg\",\"url\":\"ecommerce\\/digital-product-files\\/product-92.jpg\",\"mime_type\":\"image\\/jpeg\",\"size\":9730,\"modified\":\"2024-11-20 09:45:46\",\"name\":\"product-92\",\"extension\":\"jpg\"}','2024-11-20 02:45:46','2024-11-20 02:45:46'),(282,194,'ecommerce/digital-product-files/product-5.jpg','{\"filename\":\"product-5.jpg\",\"url\":\"ecommerce\\/digital-product-files\\/product-5.jpg\",\"mime_type\":\"image\\/jpeg\",\"size\":9730,\"modified\":\"2024-11-20 09:45:46\",\"name\":\"product-5\",\"extension\":\"jpg\"}','2024-11-20 02:45:46','2024-11-20 02:45:46'),(283,194,'ecommerce/digital-product-files/product-2.jpg','{\"filename\":\"product-2.jpg\",\"url\":\"ecommerce\\/digital-product-files\\/product-2.jpg\",\"mime_type\":\"image\\/jpeg\",\"size\":9730,\"modified\":\"2024-11-20 09:45:46\",\"name\":\"product-2\",\"extension\":\"jpg\"}','2024-11-20 02:45:46','2024-11-20 02:45:46'),(284,194,'ecommerce/digital-product-files/product-15.jpg','{\"filename\":\"product-15.jpg\",\"url\":\"ecommerce\\/digital-product-files\\/product-15.jpg\",\"mime_type\":\"image\\/jpeg\",\"size\":9730,\"modified\":\"2024-11-20 09:45:46\",\"name\":\"product-15\",\"extension\":\"jpg\"}','2024-11-20 02:45:46','2024-11-20 02:45:46'),(285,194,'ecommerce/digital-product-files/product-80.jpg','{\"filename\":\"product-80.jpg\",\"url\":\"ecommerce\\/digital-product-files\\/product-80.jpg\",\"mime_type\":\"image\\/jpeg\",\"size\":9730,\"modified\":\"2024-11-20 09:45:46\",\"name\":\"product-80\",\"extension\":\"jpg\"}','2024-11-20 02:45:46','2024-11-20 02:45:46'),(286,194,'ecommerce/digital-product-files/product-86.jpg','{\"filename\":\"product-86.jpg\",\"url\":\"ecommerce\\/digital-product-files\\/product-86.jpg\",\"mime_type\":\"image\\/jpeg\",\"size\":9730,\"modified\":\"2024-11-20 09:45:46\",\"name\":\"product-86\",\"extension\":\"jpg\"}','2024-11-20 02:45:46','2024-11-20 02:45:46'),(287,194,'ecommerce/digital-product-files/product-92.jpg','{\"filename\":\"product-92.jpg\",\"url\":\"ecommerce\\/digital-product-files\\/product-92.jpg\",\"mime_type\":\"image\\/jpeg\",\"size\":9730,\"modified\":\"2024-11-20 09:45:46\",\"name\":\"product-92\",\"extension\":\"jpg\"}','2024-11-20 02:45:46','2024-11-20 02:45:46'),(288,195,'ecommerce/digital-product-files/product-5.jpg','{\"filename\":\"product-5.jpg\",\"url\":\"ecommerce\\/digital-product-files\\/product-5.jpg\",\"mime_type\":\"image\\/jpeg\",\"size\":9730,\"modified\":\"2024-11-20 09:45:46\",\"name\":\"product-5\",\"extension\":\"jpg\"}','2024-11-20 02:45:46','2024-11-20 02:45:46'),(289,195,'ecommerce/digital-product-files/product-2.jpg','{\"filename\":\"product-2.jpg\",\"url\":\"ecommerce\\/digital-product-files\\/product-2.jpg\",\"mime_type\":\"image\\/jpeg\",\"size\":9730,\"modified\":\"2024-11-20 09:45:46\",\"name\":\"product-2\",\"extension\":\"jpg\"}','2024-11-20 02:45:46','2024-11-20 02:45:46'),(290,195,'ecommerce/digital-product-files/product-15.jpg','{\"filename\":\"product-15.jpg\",\"url\":\"ecommerce\\/digital-product-files\\/product-15.jpg\",\"mime_type\":\"image\\/jpeg\",\"size\":9730,\"modified\":\"2024-11-20 09:45:46\",\"name\":\"product-15\",\"extension\":\"jpg\"}','2024-11-20 02:45:46','2024-11-20 02:45:46'),(291,195,'ecommerce/digital-product-files/product-80.jpg','{\"filename\":\"product-80.jpg\",\"url\":\"ecommerce\\/digital-product-files\\/product-80.jpg\",\"mime_type\":\"image\\/jpeg\",\"size\":9730,\"modified\":\"2024-11-20 09:45:46\",\"name\":\"product-80\",\"extension\":\"jpg\"}','2024-11-20 02:45:46','2024-11-20 02:45:46'),(292,195,'ecommerce/digital-product-files/product-86.jpg','{\"filename\":\"product-86.jpg\",\"url\":\"ecommerce\\/digital-product-files\\/product-86.jpg\",\"mime_type\":\"image\\/jpeg\",\"size\":9730,\"modified\":\"2024-11-20 09:45:46\",\"name\":\"product-86\",\"extension\":\"jpg\"}','2024-11-20 02:45:46','2024-11-20 02:45:46'),(293,195,'ecommerce/digital-product-files/product-92.jpg','{\"filename\":\"product-92.jpg\",\"url\":\"ecommerce\\/digital-product-files\\/product-92.jpg\",\"mime_type\":\"image\\/jpeg\",\"size\":9730,\"modified\":\"2024-11-20 09:45:46\",\"name\":\"product-92\",\"extension\":\"jpg\"}','2024-11-20 02:45:46','2024-11-20 02:45:46'),(294,196,'ecommerce/digital-product-files/product-5.jpg','{\"filename\":\"product-5.jpg\",\"url\":\"ecommerce\\/digital-product-files\\/product-5.jpg\",\"mime_type\":\"image\\/jpeg\",\"size\":9730,\"modified\":\"2024-11-20 09:45:46\",\"name\":\"product-5\",\"extension\":\"jpg\"}','2024-11-20 02:45:46','2024-11-20 02:45:46'),(295,196,'ecommerce/digital-product-files/product-2.jpg','{\"filename\":\"product-2.jpg\",\"url\":\"ecommerce\\/digital-product-files\\/product-2.jpg\",\"mime_type\":\"image\\/jpeg\",\"size\":9730,\"modified\":\"2024-11-20 09:45:46\",\"name\":\"product-2\",\"extension\":\"jpg\"}','2024-11-20 02:45:46','2024-11-20 02:45:46'),(296,196,'ecommerce/digital-product-files/product-15.jpg','{\"filename\":\"product-15.jpg\",\"url\":\"ecommerce\\/digital-product-files\\/product-15.jpg\",\"mime_type\":\"image\\/jpeg\",\"size\":9730,\"modified\":\"2024-11-20 09:45:46\",\"name\":\"product-15\",\"extension\":\"jpg\"}','2024-11-20 02:45:46','2024-11-20 02:45:46'),(297,196,'ecommerce/digital-product-files/product-80.jpg','{\"filename\":\"product-80.jpg\",\"url\":\"ecommerce\\/digital-product-files\\/product-80.jpg\",\"mime_type\":\"image\\/jpeg\",\"size\":9730,\"modified\":\"2024-11-20 09:45:46\",\"name\":\"product-80\",\"extension\":\"jpg\"}','2024-11-20 02:45:46','2024-11-20 02:45:46'),(298,196,'ecommerce/digital-product-files/product-86.jpg','{\"filename\":\"product-86.jpg\",\"url\":\"ecommerce\\/digital-product-files\\/product-86.jpg\",\"mime_type\":\"image\\/jpeg\",\"size\":9730,\"modified\":\"2024-11-20 09:45:46\",\"name\":\"product-86\",\"extension\":\"jpg\"}','2024-11-20 02:45:46','2024-11-20 02:45:46'),(299,196,'ecommerce/digital-product-files/product-92.jpg','{\"filename\":\"product-92.jpg\",\"url\":\"ecommerce\\/digital-product-files\\/product-92.jpg\",\"mime_type\":\"image\\/jpeg\",\"size\":9730,\"modified\":\"2024-11-20 09:45:46\",\"name\":\"product-92\",\"extension\":\"jpg\"}','2024-11-20 02:45:46','2024-11-20 02:45:46'),(300,201,'ecommerce/digital-product-files/product-60.jpg','{\"filename\":\"product-60.jpg\",\"url\":\"ecommerce\\/digital-product-files\\/product-60.jpg\",\"mime_type\":\"image\\/jpeg\",\"size\":9730,\"modified\":\"2024-11-20 09:45:46\",\"name\":\"product-60\",\"extension\":\"jpg\"}','2024-11-20 02:45:46','2024-11-20 02:45:46'),(301,201,'ecommerce/digital-product-files/product-89.jpg','{\"filename\":\"product-89.jpg\",\"url\":\"ecommerce\\/digital-product-files\\/product-89.jpg\",\"mime_type\":\"image\\/jpeg\",\"size\":9730,\"modified\":\"2024-11-20 09:45:46\",\"name\":\"product-89\",\"extension\":\"jpg\"}','2024-11-20 02:45:46','2024-11-20 02:45:46'),(302,201,'ecommerce/digital-product-files/product-86.jpg','{\"filename\":\"product-86.jpg\",\"url\":\"ecommerce\\/digital-product-files\\/product-86.jpg\",\"mime_type\":\"image\\/jpeg\",\"size\":9730,\"modified\":\"2024-11-20 09:45:46\",\"name\":\"product-86\",\"extension\":\"jpg\"}','2024-11-20 02:45:46','2024-11-20 02:45:46'),(303,201,'ecommerce/digital-product-files/product-47.jpg','{\"filename\":\"product-47.jpg\",\"url\":\"ecommerce\\/digital-product-files\\/product-47.jpg\",\"mime_type\":\"image\\/jpeg\",\"size\":9730,\"modified\":\"2024-11-20 09:45:46\",\"name\":\"product-47\",\"extension\":\"jpg\"}','2024-11-20 02:45:46','2024-11-20 02:45:46'),(304,201,'ecommerce/digital-product-files/product-32.jpg','{\"filename\":\"product-32.jpg\",\"url\":\"ecommerce\\/digital-product-files\\/product-32.jpg\",\"mime_type\":\"image\\/jpeg\",\"size\":9730,\"modified\":\"2024-11-20 09:45:46\",\"name\":\"product-32\",\"extension\":\"jpg\"}','2024-11-20 02:45:46','2024-11-20 02:45:46'),(305,201,'ecommerce/digital-product-files/product-50.jpg','{\"filename\":\"product-50.jpg\",\"url\":\"ecommerce\\/digital-product-files\\/product-50.jpg\",\"mime_type\":\"image\\/jpeg\",\"size\":9730,\"modified\":\"2024-11-20 09:45:46\",\"name\":\"product-50\",\"extension\":\"jpg\"}','2024-11-20 02:45:46','2024-11-20 02:45:46'),(306,201,'ecommerce/digital-product-files/product-25.jpg','{\"filename\":\"product-25.jpg\",\"url\":\"ecommerce\\/digital-product-files\\/product-25.jpg\",\"mime_type\":\"image\\/jpeg\",\"size\":9730,\"modified\":\"2024-11-20 09:45:46\",\"name\":\"product-25\",\"extension\":\"jpg\"}','2024-11-20 02:45:46','2024-11-20 02:45:46'),(307,201,'ecommerce/digital-product-files/product-37.jpg','{\"filename\":\"product-37.jpg\",\"url\":\"ecommerce\\/digital-product-files\\/product-37.jpg\",\"mime_type\":\"image\\/jpeg\",\"size\":9730,\"modified\":\"2024-11-20 09:45:46\",\"name\":\"product-37\",\"extension\":\"jpg\"}','2024-11-20 02:45:46','2024-11-20 02:45:46'),(308,201,'ecommerce/digital-product-files/product-75.jpg','{\"filename\":\"product-75.jpg\",\"url\":\"ecommerce\\/digital-product-files\\/product-75.jpg\",\"mime_type\":\"image\\/jpeg\",\"size\":9730,\"modified\":\"2024-11-20 09:45:46\",\"name\":\"product-75\",\"extension\":\"jpg\"}','2024-11-20 02:45:46','2024-11-20 02:45:46'),(309,201,'ecommerce/digital-product-files/product-94.jpg','{\"filename\":\"product-94.jpg\",\"url\":\"ecommerce\\/digital-product-files\\/product-94.jpg\",\"mime_type\":\"image\\/jpeg\",\"size\":9730,\"modified\":\"2024-11-20 09:45:46\",\"name\":\"product-94\",\"extension\":\"jpg\"}','2024-11-20 02:45:46','2024-11-20 02:45:46'),(310,201,'ecommerce/digital-product-files/product-6.jpg','{\"filename\":\"product-6.jpg\",\"url\":\"ecommerce\\/digital-product-files\\/product-6.jpg\",\"mime_type\":\"image\\/jpeg\",\"size\":9730,\"modified\":\"2024-11-20 09:45:46\",\"name\":\"product-6\",\"extension\":\"jpg\"}','2024-11-20 02:45:46','2024-11-20 02:45:46'),(311,209,'ecommerce/digital-product-files/product-36.jpg','{\"filename\":\"product-36.jpg\",\"url\":\"ecommerce\\/digital-product-files\\/product-36.jpg\",\"mime_type\":\"image\\/jpeg\",\"size\":9730,\"modified\":\"2024-11-20 09:45:46\",\"name\":\"product-36\",\"extension\":\"jpg\"}','2024-11-20 02:45:46','2024-11-20 02:45:46'),(312,209,'ecommerce/digital-product-files/product-4.jpg','{\"filename\":\"product-4.jpg\",\"url\":\"ecommerce\\/digital-product-files\\/product-4.jpg\",\"mime_type\":\"image\\/jpeg\",\"size\":9730,\"modified\":\"2024-11-20 09:45:46\",\"name\":\"product-4\",\"extension\":\"jpg\"}','2024-11-20 02:45:46','2024-11-20 02:45:46'),(313,209,'ecommerce/digital-product-files/product-94.jpg','{\"filename\":\"product-94.jpg\",\"url\":\"ecommerce\\/digital-product-files\\/product-94.jpg\",\"mime_type\":\"image\\/jpeg\",\"size\":9730,\"modified\":\"2024-11-20 09:45:46\",\"name\":\"product-94\",\"extension\":\"jpg\"}','2024-11-20 02:45:46','2024-11-20 02:45:46'),(314,209,'ecommerce/digital-product-files/product-39.jpg','{\"filename\":\"product-39.jpg\",\"url\":\"ecommerce\\/digital-product-files\\/product-39.jpg\",\"mime_type\":\"image\\/jpeg\",\"size\":9730,\"modified\":\"2024-11-20 09:45:46\",\"name\":\"product-39\",\"extension\":\"jpg\"}','2024-11-20 02:45:46','2024-11-20 02:45:46'),(315,209,'ecommerce/digital-product-files/product-27.jpg','{\"filename\":\"product-27.jpg\",\"url\":\"ecommerce\\/digital-product-files\\/product-27.jpg\",\"mime_type\":\"image\\/jpeg\",\"size\":9730,\"modified\":\"2024-11-20 09:45:46\",\"name\":\"product-27\",\"extension\":\"jpg\"}','2024-11-20 02:45:46','2024-11-20 02:45:46'),(316,209,'ecommerce/digital-product-files/product-66.jpg','{\"filename\":\"product-66.jpg\",\"url\":\"ecommerce\\/digital-product-files\\/product-66.jpg\",\"mime_type\":\"image\\/jpeg\",\"size\":9730,\"modified\":\"2024-11-20 09:45:46\",\"name\":\"product-66\",\"extension\":\"jpg\"}','2024-11-20 02:45:46','2024-11-20 02:45:46'),(317,209,'ecommerce/digital-product-files/product-41.jpg','{\"filename\":\"product-41.jpg\",\"url\":\"ecommerce\\/digital-product-files\\/product-41.jpg\",\"mime_type\":\"image\\/jpeg\",\"size\":9730,\"modified\":\"2024-11-20 09:45:46\",\"name\":\"product-41\",\"extension\":\"jpg\"}','2024-11-20 02:45:46','2024-11-20 02:45:46'),(318,210,'ecommerce/digital-product-files/product-36.jpg','{\"filename\":\"product-36.jpg\",\"url\":\"ecommerce\\/digital-product-files\\/product-36.jpg\",\"mime_type\":\"image\\/jpeg\",\"size\":9730,\"modified\":\"2024-11-20 09:45:46\",\"name\":\"product-36\",\"extension\":\"jpg\"}','2024-11-20 02:45:46','2024-11-20 02:45:46'),(319,210,'ecommerce/digital-product-files/product-4.jpg','{\"filename\":\"product-4.jpg\",\"url\":\"ecommerce\\/digital-product-files\\/product-4.jpg\",\"mime_type\":\"image\\/jpeg\",\"size\":9730,\"modified\":\"2024-11-20 09:45:46\",\"name\":\"product-4\",\"extension\":\"jpg\"}','2024-11-20 02:45:46','2024-11-20 02:45:46'),(320,210,'ecommerce/digital-product-files/product-94.jpg','{\"filename\":\"product-94.jpg\",\"url\":\"ecommerce\\/digital-product-files\\/product-94.jpg\",\"mime_type\":\"image\\/jpeg\",\"size\":9730,\"modified\":\"2024-11-20 09:45:46\",\"name\":\"product-94\",\"extension\":\"jpg\"}','2024-11-20 02:45:46','2024-11-20 02:45:46'),(321,210,'ecommerce/digital-product-files/product-39.jpg','{\"filename\":\"product-39.jpg\",\"url\":\"ecommerce\\/digital-product-files\\/product-39.jpg\",\"mime_type\":\"image\\/jpeg\",\"size\":9730,\"modified\":\"2024-11-20 09:45:46\",\"name\":\"product-39\",\"extension\":\"jpg\"}','2024-11-20 02:45:46','2024-11-20 02:45:46'),(322,210,'ecommerce/digital-product-files/product-27.jpg','{\"filename\":\"product-27.jpg\",\"url\":\"ecommerce\\/digital-product-files\\/product-27.jpg\",\"mime_type\":\"image\\/jpeg\",\"size\":9730,\"modified\":\"2024-11-20 09:45:46\",\"name\":\"product-27\",\"extension\":\"jpg\"}','2024-11-20 02:45:46','2024-11-20 02:45:46'),(323,210,'ecommerce/digital-product-files/product-66.jpg','{\"filename\":\"product-66.jpg\",\"url\":\"ecommerce\\/digital-product-files\\/product-66.jpg\",\"mime_type\":\"image\\/jpeg\",\"size\":9730,\"modified\":\"2024-11-20 09:45:46\",\"name\":\"product-66\",\"extension\":\"jpg\"}','2024-11-20 02:45:46','2024-11-20 02:45:46'),(324,210,'ecommerce/digital-product-files/product-41.jpg','{\"filename\":\"product-41.jpg\",\"url\":\"ecommerce\\/digital-product-files\\/product-41.jpg\",\"mime_type\":\"image\\/jpeg\",\"size\":9730,\"modified\":\"2024-11-20 09:45:46\",\"name\":\"product-41\",\"extension\":\"jpg\"}','2024-11-20 02:45:46','2024-11-20 02:45:46'),(325,211,'ecommerce/digital-product-files/product-36.jpg','{\"filename\":\"product-36.jpg\",\"url\":\"ecommerce\\/digital-product-files\\/product-36.jpg\",\"mime_type\":\"image\\/jpeg\",\"size\":9730,\"modified\":\"2024-11-20 09:45:46\",\"name\":\"product-36\",\"extension\":\"jpg\"}','2024-11-20 02:45:46','2024-11-20 02:45:46'),(326,211,'ecommerce/digital-product-files/product-4.jpg','{\"filename\":\"product-4.jpg\",\"url\":\"ecommerce\\/digital-product-files\\/product-4.jpg\",\"mime_type\":\"image\\/jpeg\",\"size\":9730,\"modified\":\"2024-11-20 09:45:46\",\"name\":\"product-4\",\"extension\":\"jpg\"}','2024-11-20 02:45:46','2024-11-20 02:45:46'),(327,211,'ecommerce/digital-product-files/product-94.jpg','{\"filename\":\"product-94.jpg\",\"url\":\"ecommerce\\/digital-product-files\\/product-94.jpg\",\"mime_type\":\"image\\/jpeg\",\"size\":9730,\"modified\":\"2024-11-20 09:45:46\",\"name\":\"product-94\",\"extension\":\"jpg\"}','2024-11-20 02:45:46','2024-11-20 02:45:46'),(328,211,'ecommerce/digital-product-files/product-39.jpg','{\"filename\":\"product-39.jpg\",\"url\":\"ecommerce\\/digital-product-files\\/product-39.jpg\",\"mime_type\":\"image\\/jpeg\",\"size\":9730,\"modified\":\"2024-11-20 09:45:46\",\"name\":\"product-39\",\"extension\":\"jpg\"}','2024-11-20 02:45:46','2024-11-20 02:45:46'),(329,211,'ecommerce/digital-product-files/product-27.jpg','{\"filename\":\"product-27.jpg\",\"url\":\"ecommerce\\/digital-product-files\\/product-27.jpg\",\"mime_type\":\"image\\/jpeg\",\"size\":9730,\"modified\":\"2024-11-20 09:45:46\",\"name\":\"product-27\",\"extension\":\"jpg\"}','2024-11-20 02:45:46','2024-11-20 02:45:46'),(330,211,'ecommerce/digital-product-files/product-66.jpg','{\"filename\":\"product-66.jpg\",\"url\":\"ecommerce\\/digital-product-files\\/product-66.jpg\",\"mime_type\":\"image\\/jpeg\",\"size\":9730,\"modified\":\"2024-11-20 09:45:46\",\"name\":\"product-66\",\"extension\":\"jpg\"}','2024-11-20 02:45:46','2024-11-20 02:45:46'),(331,211,'ecommerce/digital-product-files/product-41.jpg','{\"filename\":\"product-41.jpg\",\"url\":\"ecommerce\\/digital-product-files\\/product-41.jpg\",\"mime_type\":\"image\\/jpeg\",\"size\":9730,\"modified\":\"2024-11-20 09:45:46\",\"name\":\"product-41\",\"extension\":\"jpg\"}','2024-11-20 02:45:46','2024-11-20 02:45:46'),(332,212,'ecommerce/digital-product-files/product-36.jpg','{\"filename\":\"product-36.jpg\",\"url\":\"ecommerce\\/digital-product-files\\/product-36.jpg\",\"mime_type\":\"image\\/jpeg\",\"size\":9730,\"modified\":\"2024-11-20 09:45:46\",\"name\":\"product-36\",\"extension\":\"jpg\"}','2024-11-20 02:45:46','2024-11-20 02:45:46'),(333,212,'ecommerce/digital-product-files/product-4.jpg','{\"filename\":\"product-4.jpg\",\"url\":\"ecommerce\\/digital-product-files\\/product-4.jpg\",\"mime_type\":\"image\\/jpeg\",\"size\":9730,\"modified\":\"2024-11-20 09:45:46\",\"name\":\"product-4\",\"extension\":\"jpg\"}','2024-11-20 02:45:46','2024-11-20 02:45:46'),(334,212,'ecommerce/digital-product-files/product-94.jpg','{\"filename\":\"product-94.jpg\",\"url\":\"ecommerce\\/digital-product-files\\/product-94.jpg\",\"mime_type\":\"image\\/jpeg\",\"size\":9730,\"modified\":\"2024-11-20 09:45:46\",\"name\":\"product-94\",\"extension\":\"jpg\"}','2024-11-20 02:45:46','2024-11-20 02:45:46'),(335,212,'ecommerce/digital-product-files/product-39.jpg','{\"filename\":\"product-39.jpg\",\"url\":\"ecommerce\\/digital-product-files\\/product-39.jpg\",\"mime_type\":\"image\\/jpeg\",\"size\":9730,\"modified\":\"2024-11-20 09:45:46\",\"name\":\"product-39\",\"extension\":\"jpg\"}','2024-11-20 02:45:46','2024-11-20 02:45:46'),(336,212,'ecommerce/digital-product-files/product-27.jpg','{\"filename\":\"product-27.jpg\",\"url\":\"ecommerce\\/digital-product-files\\/product-27.jpg\",\"mime_type\":\"image\\/jpeg\",\"size\":9730,\"modified\":\"2024-11-20 09:45:46\",\"name\":\"product-27\",\"extension\":\"jpg\"}','2024-11-20 02:45:46','2024-11-20 02:45:46'),(337,212,'ecommerce/digital-product-files/product-66.jpg','{\"filename\":\"product-66.jpg\",\"url\":\"ecommerce\\/digital-product-files\\/product-66.jpg\",\"mime_type\":\"image\\/jpeg\",\"size\":9730,\"modified\":\"2024-11-20 09:45:46\",\"name\":\"product-66\",\"extension\":\"jpg\"}','2024-11-20 02:45:46','2024-11-20 02:45:46'),(338,212,'ecommerce/digital-product-files/product-41.jpg','{\"filename\":\"product-41.jpg\",\"url\":\"ecommerce\\/digital-product-files\\/product-41.jpg\",\"mime_type\":\"image\\/jpeg\",\"size\":9730,\"modified\":\"2024-11-20 09:45:46\",\"name\":\"product-41\",\"extension\":\"jpg\"}','2024-11-20 02:45:46','2024-11-20 02:45:46'),(339,213,'ecommerce/digital-product-files/product-36.jpg','{\"filename\":\"product-36.jpg\",\"url\":\"ecommerce\\/digital-product-files\\/product-36.jpg\",\"mime_type\":\"image\\/jpeg\",\"size\":9730,\"modified\":\"2024-11-20 09:45:46\",\"name\":\"product-36\",\"extension\":\"jpg\"}','2024-11-20 02:45:46','2024-11-20 02:45:46'),(340,213,'ecommerce/digital-product-files/product-4.jpg','{\"filename\":\"product-4.jpg\",\"url\":\"ecommerce\\/digital-product-files\\/product-4.jpg\",\"mime_type\":\"image\\/jpeg\",\"size\":9730,\"modified\":\"2024-11-20 09:45:46\",\"name\":\"product-4\",\"extension\":\"jpg\"}','2024-11-20 02:45:46','2024-11-20 02:45:46'),(341,213,'ecommerce/digital-product-files/product-94.jpg','{\"filename\":\"product-94.jpg\",\"url\":\"ecommerce\\/digital-product-files\\/product-94.jpg\",\"mime_type\":\"image\\/jpeg\",\"size\":9730,\"modified\":\"2024-11-20 09:45:46\",\"name\":\"product-94\",\"extension\":\"jpg\"}','2024-11-20 02:45:46','2024-11-20 02:45:46'),(342,213,'ecommerce/digital-product-files/product-39.jpg','{\"filename\":\"product-39.jpg\",\"url\":\"ecommerce\\/digital-product-files\\/product-39.jpg\",\"mime_type\":\"image\\/jpeg\",\"size\":9730,\"modified\":\"2024-11-20 09:45:46\",\"name\":\"product-39\",\"extension\":\"jpg\"}','2024-11-20 02:45:46','2024-11-20 02:45:46'),(343,213,'ecommerce/digital-product-files/product-27.jpg','{\"filename\":\"product-27.jpg\",\"url\":\"ecommerce\\/digital-product-files\\/product-27.jpg\",\"mime_type\":\"image\\/jpeg\",\"size\":9730,\"modified\":\"2024-11-20 09:45:46\",\"name\":\"product-27\",\"extension\":\"jpg\"}','2024-11-20 02:45:46','2024-11-20 02:45:46'),(344,213,'ecommerce/digital-product-files/product-66.jpg','{\"filename\":\"product-66.jpg\",\"url\":\"ecommerce\\/digital-product-files\\/product-66.jpg\",\"mime_type\":\"image\\/jpeg\",\"size\":9730,\"modified\":\"2024-11-20 09:45:46\",\"name\":\"product-66\",\"extension\":\"jpg\"}','2024-11-20 02:45:46','2024-11-20 02:45:46'),(345,213,'ecommerce/digital-product-files/product-41.jpg','{\"filename\":\"product-41.jpg\",\"url\":\"ecommerce\\/digital-product-files\\/product-41.jpg\",\"mime_type\":\"image\\/jpeg\",\"size\":9730,\"modified\":\"2024-11-20 09:45:46\",\"name\":\"product-41\",\"extension\":\"jpg\"}','2024-11-20 02:45:46','2024-11-20 02:45:46'),(346,222,'ecommerce/digital-product-files/product-1.jpg','{\"filename\":\"product-1.jpg\",\"url\":\"ecommerce\\/digital-product-files\\/product-1.jpg\",\"mime_type\":\"image\\/jpeg\",\"size\":9730,\"modified\":\"2024-11-20 09:45:46\",\"name\":\"product-1\",\"extension\":\"jpg\"}','2024-11-20 02:45:46','2024-11-20 02:45:46'),(347,222,'ecommerce/digital-product-files/product-94.jpg','{\"filename\":\"product-94.jpg\",\"url\":\"ecommerce\\/digital-product-files\\/product-94.jpg\",\"mime_type\":\"image\\/jpeg\",\"size\":9730,\"modified\":\"2024-11-20 09:45:46\",\"name\":\"product-94\",\"extension\":\"jpg\"}','2024-11-20 02:45:46','2024-11-20 02:45:46'),(348,222,'ecommerce/digital-product-files/product-58.jpg','{\"filename\":\"product-58.jpg\",\"url\":\"ecommerce\\/digital-product-files\\/product-58.jpg\",\"mime_type\":\"image\\/jpeg\",\"size\":9730,\"modified\":\"2024-11-20 09:45:46\",\"name\":\"product-58\",\"extension\":\"jpg\"}','2024-11-20 02:45:46','2024-11-20 02:45:46'),(349,222,'ecommerce/digital-product-files/product-34.jpg','{\"filename\":\"product-34.jpg\",\"url\":\"ecommerce\\/digital-product-files\\/product-34.jpg\",\"mime_type\":\"image\\/jpeg\",\"size\":9730,\"modified\":\"2024-11-20 09:45:46\",\"name\":\"product-34\",\"extension\":\"jpg\"}','2024-11-20 02:45:46','2024-11-20 02:45:46'),(350,222,'ecommerce/digital-product-files/product-68.jpg','{\"filename\":\"product-68.jpg\",\"url\":\"ecommerce\\/digital-product-files\\/product-68.jpg\",\"mime_type\":\"image\\/jpeg\",\"size\":9730,\"modified\":\"2024-11-20 09:45:46\",\"name\":\"product-68\",\"extension\":\"jpg\"}','2024-11-20 02:45:46','2024-11-20 02:45:46'),(351,222,'ecommerce/digital-product-files/product-76.jpg','{\"filename\":\"product-76.jpg\",\"url\":\"ecommerce\\/digital-product-files\\/product-76.jpg\",\"mime_type\":\"image\\/jpeg\",\"size\":9730,\"modified\":\"2024-11-20 09:45:46\",\"name\":\"product-76\",\"extension\":\"jpg\"}','2024-11-20 02:45:46','2024-11-20 02:45:46'),(352,222,'ecommerce/digital-product-files/product-74.jpg','{\"filename\":\"product-74.jpg\",\"url\":\"ecommerce\\/digital-product-files\\/product-74.jpg\",\"mime_type\":\"image\\/jpeg\",\"size\":9730,\"modified\":\"2024-11-20 09:45:46\",\"name\":\"product-74\",\"extension\":\"jpg\"}','2024-11-20 02:45:46','2024-11-20 02:45:46'),(353,222,'ecommerce/digital-product-files/product-93.jpg','{\"filename\":\"product-93.jpg\",\"url\":\"ecommerce\\/digital-product-files\\/product-93.jpg\",\"mime_type\":\"image\\/jpeg\",\"size\":9730,\"modified\":\"2024-11-20 09:45:46\",\"name\":\"product-93\",\"extension\":\"jpg\"}','2024-11-20 02:45:46','2024-11-20 02:45:46'),(354,223,'ecommerce/digital-product-files/product-1.jpg','{\"filename\":\"product-1.jpg\",\"url\":\"ecommerce\\/digital-product-files\\/product-1.jpg\",\"mime_type\":\"image\\/jpeg\",\"size\":9730,\"modified\":\"2024-11-20 09:45:46\",\"name\":\"product-1\",\"extension\":\"jpg\"}','2024-11-20 02:45:46','2024-11-20 02:45:46'),(355,223,'ecommerce/digital-product-files/product-94.jpg','{\"filename\":\"product-94.jpg\",\"url\":\"ecommerce\\/digital-product-files\\/product-94.jpg\",\"mime_type\":\"image\\/jpeg\",\"size\":9730,\"modified\":\"2024-11-20 09:45:46\",\"name\":\"product-94\",\"extension\":\"jpg\"}','2024-11-20 02:45:46','2024-11-20 02:45:46'),(356,223,'ecommerce/digital-product-files/product-58.jpg','{\"filename\":\"product-58.jpg\",\"url\":\"ecommerce\\/digital-product-files\\/product-58.jpg\",\"mime_type\":\"image\\/jpeg\",\"size\":9730,\"modified\":\"2024-11-20 09:45:46\",\"name\":\"product-58\",\"extension\":\"jpg\"}','2024-11-20 02:45:46','2024-11-20 02:45:46'),(357,223,'ecommerce/digital-product-files/product-34.jpg','{\"filename\":\"product-34.jpg\",\"url\":\"ecommerce\\/digital-product-files\\/product-34.jpg\",\"mime_type\":\"image\\/jpeg\",\"size\":9730,\"modified\":\"2024-11-20 09:45:46\",\"name\":\"product-34\",\"extension\":\"jpg\"}','2024-11-20 02:45:46','2024-11-20 02:45:46'),(358,223,'ecommerce/digital-product-files/product-68.jpg','{\"filename\":\"product-68.jpg\",\"url\":\"ecommerce\\/digital-product-files\\/product-68.jpg\",\"mime_type\":\"image\\/jpeg\",\"size\":9730,\"modified\":\"2024-11-20 09:45:46\",\"name\":\"product-68\",\"extension\":\"jpg\"}','2024-11-20 02:45:46','2024-11-20 02:45:46'),(359,223,'ecommerce/digital-product-files/product-76.jpg','{\"filename\":\"product-76.jpg\",\"url\":\"ecommerce\\/digital-product-files\\/product-76.jpg\",\"mime_type\":\"image\\/jpeg\",\"size\":9730,\"modified\":\"2024-11-20 09:45:46\",\"name\":\"product-76\",\"extension\":\"jpg\"}','2024-11-20 02:45:46','2024-11-20 02:45:46'),(360,223,'ecommerce/digital-product-files/product-74.jpg','{\"filename\":\"product-74.jpg\",\"url\":\"ecommerce\\/digital-product-files\\/product-74.jpg\",\"mime_type\":\"image\\/jpeg\",\"size\":9730,\"modified\":\"2024-11-20 09:45:46\",\"name\":\"product-74\",\"extension\":\"jpg\"}','2024-11-20 02:45:46','2024-11-20 02:45:46'),(361,223,'ecommerce/digital-product-files/product-93.jpg','{\"filename\":\"product-93.jpg\",\"url\":\"ecommerce\\/digital-product-files\\/product-93.jpg\",\"mime_type\":\"image\\/jpeg\",\"size\":9730,\"modified\":\"2024-11-20 09:45:46\",\"name\":\"product-93\",\"extension\":\"jpg\"}','2024-11-20 02:45:46','2024-11-20 02:45:46'),(362,231,'ecommerce/digital-product-files/product-29.jpg','{\"filename\":\"product-29.jpg\",\"url\":\"ecommerce\\/digital-product-files\\/product-29.jpg\",\"mime_type\":\"image\\/jpeg\",\"size\":9730,\"modified\":\"2024-11-20 09:45:46\",\"name\":\"product-29\",\"extension\":\"jpg\"}','2024-11-20 02:45:46','2024-11-20 02:45:46'),(363,231,'ecommerce/digital-product-files/product-71.jpg','{\"filename\":\"product-71.jpg\",\"url\":\"ecommerce\\/digital-product-files\\/product-71.jpg\",\"mime_type\":\"image\\/jpeg\",\"size\":9730,\"modified\":\"2024-11-20 09:45:46\",\"name\":\"product-71\",\"extension\":\"jpg\"}','2024-11-20 02:45:46','2024-11-20 02:45:46'),(364,231,'ecommerce/digital-product-files/product-1.jpg','{\"filename\":\"product-1.jpg\",\"url\":\"ecommerce\\/digital-product-files\\/product-1.jpg\",\"mime_type\":\"image\\/jpeg\",\"size\":9730,\"modified\":\"2024-11-20 09:45:46\",\"name\":\"product-1\",\"extension\":\"jpg\"}','2024-11-20 02:45:46','2024-11-20 02:45:46'),(365,231,'ecommerce/digital-product-files/product-82.jpg','{\"filename\":\"product-82.jpg\",\"url\":\"ecommerce\\/digital-product-files\\/product-82.jpg\",\"mime_type\":\"image\\/jpeg\",\"size\":9730,\"modified\":\"2024-11-20 09:45:46\",\"name\":\"product-82\",\"extension\":\"jpg\"}','2024-11-20 02:45:46','2024-11-20 02:45:46'),(366,231,'ecommerce/digital-product-files/product-33.jpg','{\"filename\":\"product-33.jpg\",\"url\":\"ecommerce\\/digital-product-files\\/product-33.jpg\",\"mime_type\":\"image\\/jpeg\",\"size\":9730,\"modified\":\"2024-11-20 09:45:46\",\"name\":\"product-33\",\"extension\":\"jpg\"}','2024-11-20 02:45:46','2024-11-20 02:45:46'),(367,231,'ecommerce/digital-product-files/product-50.jpg','{\"filename\":\"product-50.jpg\",\"url\":\"ecommerce\\/digital-product-files\\/product-50.jpg\",\"mime_type\":\"image\\/jpeg\",\"size\":9730,\"modified\":\"2024-11-20 09:45:46\",\"name\":\"product-50\",\"extension\":\"jpg\"}','2024-11-20 02:45:46','2024-11-20 02:45:46'),(368,231,'ecommerce/digital-product-files/product-79.jpg','{\"filename\":\"product-79.jpg\",\"url\":\"ecommerce\\/digital-product-files\\/product-79.jpg\",\"mime_type\":\"image\\/jpeg\",\"size\":9730,\"modified\":\"2024-11-20 09:45:46\",\"name\":\"product-79\",\"extension\":\"jpg\"}','2024-11-20 02:45:46','2024-11-20 02:45:46'),(369,231,'ecommerce/digital-product-files/product-6.jpg','{\"filename\":\"product-6.jpg\",\"url\":\"ecommerce\\/digital-product-files\\/product-6.jpg\",\"mime_type\":\"image\\/jpeg\",\"size\":9730,\"modified\":\"2024-11-20 09:45:46\",\"name\":\"product-6\",\"extension\":\"jpg\"}','2024-11-20 02:45:46','2024-11-20 02:45:46'),(370,231,'ecommerce/digital-product-files/product-72.jpg','{\"filename\":\"product-72.jpg\",\"url\":\"ecommerce\\/digital-product-files\\/product-72.jpg\",\"mime_type\":\"image\\/jpeg\",\"size\":9730,\"modified\":\"2024-11-20 09:45:46\",\"name\":\"product-72\",\"extension\":\"jpg\"}','2024-11-20 02:45:46','2024-11-20 02:45:46'),(371,232,'ecommerce/digital-product-files/product-29.jpg','{\"filename\":\"product-29.jpg\",\"url\":\"ecommerce\\/digital-product-files\\/product-29.jpg\",\"mime_type\":\"image\\/jpeg\",\"size\":9730,\"modified\":\"2024-11-20 09:45:47\",\"name\":\"product-29\",\"extension\":\"jpg\"}','2024-11-20 02:45:47','2024-11-20 02:45:47'),(372,232,'ecommerce/digital-product-files/product-71.jpg','{\"filename\":\"product-71.jpg\",\"url\":\"ecommerce\\/digital-product-files\\/product-71.jpg\",\"mime_type\":\"image\\/jpeg\",\"size\":9730,\"modified\":\"2024-11-20 09:45:47\",\"name\":\"product-71\",\"extension\":\"jpg\"}','2024-11-20 02:45:47','2024-11-20 02:45:47'),(373,232,'ecommerce/digital-product-files/product-1.jpg','{\"filename\":\"product-1.jpg\",\"url\":\"ecommerce\\/digital-product-files\\/product-1.jpg\",\"mime_type\":\"image\\/jpeg\",\"size\":9730,\"modified\":\"2024-11-20 09:45:47\",\"name\":\"product-1\",\"extension\":\"jpg\"}','2024-11-20 02:45:47','2024-11-20 02:45:47'),(374,232,'ecommerce/digital-product-files/product-82.jpg','{\"filename\":\"product-82.jpg\",\"url\":\"ecommerce\\/digital-product-files\\/product-82.jpg\",\"mime_type\":\"image\\/jpeg\",\"size\":9730,\"modified\":\"2024-11-20 09:45:47\",\"name\":\"product-82\",\"extension\":\"jpg\"}','2024-11-20 02:45:47','2024-11-20 02:45:47'),(375,232,'ecommerce/digital-product-files/product-33.jpg','{\"filename\":\"product-33.jpg\",\"url\":\"ecommerce\\/digital-product-files\\/product-33.jpg\",\"mime_type\":\"image\\/jpeg\",\"size\":9730,\"modified\":\"2024-11-20 09:45:47\",\"name\":\"product-33\",\"extension\":\"jpg\"}','2024-11-20 02:45:47','2024-11-20 02:45:47'),(376,232,'ecommerce/digital-product-files/product-50.jpg','{\"filename\":\"product-50.jpg\",\"url\":\"ecommerce\\/digital-product-files\\/product-50.jpg\",\"mime_type\":\"image\\/jpeg\",\"size\":9730,\"modified\":\"2024-11-20 09:45:47\",\"name\":\"product-50\",\"extension\":\"jpg\"}','2024-11-20 02:45:47','2024-11-20 02:45:47'),(377,232,'ecommerce/digital-product-files/product-79.jpg','{\"filename\":\"product-79.jpg\",\"url\":\"ecommerce\\/digital-product-files\\/product-79.jpg\",\"mime_type\":\"image\\/jpeg\",\"size\":9730,\"modified\":\"2024-11-20 09:45:47\",\"name\":\"product-79\",\"extension\":\"jpg\"}','2024-11-20 02:45:47','2024-11-20 02:45:47'),(378,232,'ecommerce/digital-product-files/product-6.jpg','{\"filename\":\"product-6.jpg\",\"url\":\"ecommerce\\/digital-product-files\\/product-6.jpg\",\"mime_type\":\"image\\/jpeg\",\"size\":9730,\"modified\":\"2024-11-20 09:45:47\",\"name\":\"product-6\",\"extension\":\"jpg\"}','2024-11-20 02:45:47','2024-11-20 02:45:47'),(379,232,'ecommerce/digital-product-files/product-72.jpg','{\"filename\":\"product-72.jpg\",\"url\":\"ecommerce\\/digital-product-files\\/product-72.jpg\",\"mime_type\":\"image\\/jpeg\",\"size\":9730,\"modified\":\"2024-11-20 09:45:47\",\"name\":\"product-72\",\"extension\":\"jpg\"}','2024-11-20 02:45:47','2024-11-20 02:45:47'),(380,233,'ecommerce/digital-product-files/product-29.jpg','{\"filename\":\"product-29.jpg\",\"url\":\"ecommerce\\/digital-product-files\\/product-29.jpg\",\"mime_type\":\"image\\/jpeg\",\"size\":9730,\"modified\":\"2024-11-20 09:45:47\",\"name\":\"product-29\",\"extension\":\"jpg\"}','2024-11-20 02:45:47','2024-11-20 02:45:47'),(381,233,'ecommerce/digital-product-files/product-71.jpg','{\"filename\":\"product-71.jpg\",\"url\":\"ecommerce\\/digital-product-files\\/product-71.jpg\",\"mime_type\":\"image\\/jpeg\",\"size\":9730,\"modified\":\"2024-11-20 09:45:47\",\"name\":\"product-71\",\"extension\":\"jpg\"}','2024-11-20 02:45:47','2024-11-20 02:45:47'),(382,233,'ecommerce/digital-product-files/product-1.jpg','{\"filename\":\"product-1.jpg\",\"url\":\"ecommerce\\/digital-product-files\\/product-1.jpg\",\"mime_type\":\"image\\/jpeg\",\"size\":9730,\"modified\":\"2024-11-20 09:45:47\",\"name\":\"product-1\",\"extension\":\"jpg\"}','2024-11-20 02:45:47','2024-11-20 02:45:47'),(383,233,'ecommerce/digital-product-files/product-82.jpg','{\"filename\":\"product-82.jpg\",\"url\":\"ecommerce\\/digital-product-files\\/product-82.jpg\",\"mime_type\":\"image\\/jpeg\",\"size\":9730,\"modified\":\"2024-11-20 09:45:47\",\"name\":\"product-82\",\"extension\":\"jpg\"}','2024-11-20 02:45:47','2024-11-20 02:45:47'),(384,233,'ecommerce/digital-product-files/product-33.jpg','{\"filename\":\"product-33.jpg\",\"url\":\"ecommerce\\/digital-product-files\\/product-33.jpg\",\"mime_type\":\"image\\/jpeg\",\"size\":9730,\"modified\":\"2024-11-20 09:45:47\",\"name\":\"product-33\",\"extension\":\"jpg\"}','2024-11-20 02:45:47','2024-11-20 02:45:47'),(385,233,'ecommerce/digital-product-files/product-50.jpg','{\"filename\":\"product-50.jpg\",\"url\":\"ecommerce\\/digital-product-files\\/product-50.jpg\",\"mime_type\":\"image\\/jpeg\",\"size\":9730,\"modified\":\"2024-11-20 09:45:47\",\"name\":\"product-50\",\"extension\":\"jpg\"}','2024-11-20 02:45:47','2024-11-20 02:45:47'),(386,233,'ecommerce/digital-product-files/product-79.jpg','{\"filename\":\"product-79.jpg\",\"url\":\"ecommerce\\/digital-product-files\\/product-79.jpg\",\"mime_type\":\"image\\/jpeg\",\"size\":9730,\"modified\":\"2024-11-20 09:45:47\",\"name\":\"product-79\",\"extension\":\"jpg\"}','2024-11-20 02:45:47','2024-11-20 02:45:47'),(387,233,'ecommerce/digital-product-files/product-6.jpg','{\"filename\":\"product-6.jpg\",\"url\":\"ecommerce\\/digital-product-files\\/product-6.jpg\",\"mime_type\":\"image\\/jpeg\",\"size\":9730,\"modified\":\"2024-11-20 09:45:47\",\"name\":\"product-6\",\"extension\":\"jpg\"}','2024-11-20 02:45:47','2024-11-20 02:45:47'),(388,233,'ecommerce/digital-product-files/product-72.jpg','{\"filename\":\"product-72.jpg\",\"url\":\"ecommerce\\/digital-product-files\\/product-72.jpg\",\"mime_type\":\"image\\/jpeg\",\"size\":9730,\"modified\":\"2024-11-20 09:45:47\",\"name\":\"product-72\",\"extension\":\"jpg\"}','2024-11-20 02:45:47','2024-11-20 02:45:47'),(389,234,'ecommerce/digital-product-files/product-29.jpg','{\"filename\":\"product-29.jpg\",\"url\":\"ecommerce\\/digital-product-files\\/product-29.jpg\",\"mime_type\":\"image\\/jpeg\",\"size\":9730,\"modified\":\"2024-11-20 09:45:47\",\"name\":\"product-29\",\"extension\":\"jpg\"}','2024-11-20 02:45:47','2024-11-20 02:45:47'),(390,234,'ecommerce/digital-product-files/product-71.jpg','{\"filename\":\"product-71.jpg\",\"url\":\"ecommerce\\/digital-product-files\\/product-71.jpg\",\"mime_type\":\"image\\/jpeg\",\"size\":9730,\"modified\":\"2024-11-20 09:45:47\",\"name\":\"product-71\",\"extension\":\"jpg\"}','2024-11-20 02:45:47','2024-11-20 02:45:47'),(391,234,'ecommerce/digital-product-files/product-1.jpg','{\"filename\":\"product-1.jpg\",\"url\":\"ecommerce\\/digital-product-files\\/product-1.jpg\",\"mime_type\":\"image\\/jpeg\",\"size\":9730,\"modified\":\"2024-11-20 09:45:47\",\"name\":\"product-1\",\"extension\":\"jpg\"}','2024-11-20 02:45:47','2024-11-20 02:45:47'),(392,234,'ecommerce/digital-product-files/product-82.jpg','{\"filename\":\"product-82.jpg\",\"url\":\"ecommerce\\/digital-product-files\\/product-82.jpg\",\"mime_type\":\"image\\/jpeg\",\"size\":9730,\"modified\":\"2024-11-20 09:45:47\",\"name\":\"product-82\",\"extension\":\"jpg\"}','2024-11-20 02:45:47','2024-11-20 02:45:47'),(393,234,'ecommerce/digital-product-files/product-33.jpg','{\"filename\":\"product-33.jpg\",\"url\":\"ecommerce\\/digital-product-files\\/product-33.jpg\",\"mime_type\":\"image\\/jpeg\",\"size\":9730,\"modified\":\"2024-11-20 09:45:47\",\"name\":\"product-33\",\"extension\":\"jpg\"}','2024-11-20 02:45:47','2024-11-20 02:45:47'),(394,234,'ecommerce/digital-product-files/product-50.jpg','{\"filename\":\"product-50.jpg\",\"url\":\"ecommerce\\/digital-product-files\\/product-50.jpg\",\"mime_type\":\"image\\/jpeg\",\"size\":9730,\"modified\":\"2024-11-20 09:45:47\",\"name\":\"product-50\",\"extension\":\"jpg\"}','2024-11-20 02:45:47','2024-11-20 02:45:47'),(395,234,'ecommerce/digital-product-files/product-79.jpg','{\"filename\":\"product-79.jpg\",\"url\":\"ecommerce\\/digital-product-files\\/product-79.jpg\",\"mime_type\":\"image\\/jpeg\",\"size\":9730,\"modified\":\"2024-11-20 09:45:47\",\"name\":\"product-79\",\"extension\":\"jpg\"}','2024-11-20 02:45:47','2024-11-20 02:45:47'),(396,234,'ecommerce/digital-product-files/product-6.jpg','{\"filename\":\"product-6.jpg\",\"url\":\"ecommerce\\/digital-product-files\\/product-6.jpg\",\"mime_type\":\"image\\/jpeg\",\"size\":9730,\"modified\":\"2024-11-20 09:45:47\",\"name\":\"product-6\",\"extension\":\"jpg\"}','2024-11-20 02:45:47','2024-11-20 02:45:47'),(397,234,'ecommerce/digital-product-files/product-72.jpg','{\"filename\":\"product-72.jpg\",\"url\":\"ecommerce\\/digital-product-files\\/product-72.jpg\",\"mime_type\":\"image\\/jpeg\",\"size\":9730,\"modified\":\"2024-11-20 09:45:47\",\"name\":\"product-72\",\"extension\":\"jpg\"}','2024-11-20 02:45:47','2024-11-20 02:45:47'),(398,235,'ecommerce/digital-product-files/product-29.jpg','{\"filename\":\"product-29.jpg\",\"url\":\"ecommerce\\/digital-product-files\\/product-29.jpg\",\"mime_type\":\"image\\/jpeg\",\"size\":9730,\"modified\":\"2024-11-20 09:45:47\",\"name\":\"product-29\",\"extension\":\"jpg\"}','2024-11-20 02:45:47','2024-11-20 02:45:47'),(399,235,'ecommerce/digital-product-files/product-71.jpg','{\"filename\":\"product-71.jpg\",\"url\":\"ecommerce\\/digital-product-files\\/product-71.jpg\",\"mime_type\":\"image\\/jpeg\",\"size\":9730,\"modified\":\"2024-11-20 09:45:47\",\"name\":\"product-71\",\"extension\":\"jpg\"}','2024-11-20 02:45:47','2024-11-20 02:45:47'),(400,235,'ecommerce/digital-product-files/product-1.jpg','{\"filename\":\"product-1.jpg\",\"url\":\"ecommerce\\/digital-product-files\\/product-1.jpg\",\"mime_type\":\"image\\/jpeg\",\"size\":9730,\"modified\":\"2024-11-20 09:45:47\",\"name\":\"product-1\",\"extension\":\"jpg\"}','2024-11-20 02:45:47','2024-11-20 02:45:47'),(401,235,'ecommerce/digital-product-files/product-82.jpg','{\"filename\":\"product-82.jpg\",\"url\":\"ecommerce\\/digital-product-files\\/product-82.jpg\",\"mime_type\":\"image\\/jpeg\",\"size\":9730,\"modified\":\"2024-11-20 09:45:47\",\"name\":\"product-82\",\"extension\":\"jpg\"}','2024-11-20 02:45:47','2024-11-20 02:45:47'),(402,235,'ecommerce/digital-product-files/product-33.jpg','{\"filename\":\"product-33.jpg\",\"url\":\"ecommerce\\/digital-product-files\\/product-33.jpg\",\"mime_type\":\"image\\/jpeg\",\"size\":9730,\"modified\":\"2024-11-20 09:45:47\",\"name\":\"product-33\",\"extension\":\"jpg\"}','2024-11-20 02:45:47','2024-11-20 02:45:47'),(403,235,'ecommerce/digital-product-files/product-50.jpg','{\"filename\":\"product-50.jpg\",\"url\":\"ecommerce\\/digital-product-files\\/product-50.jpg\",\"mime_type\":\"image\\/jpeg\",\"size\":9730,\"modified\":\"2024-11-20 09:45:47\",\"name\":\"product-50\",\"extension\":\"jpg\"}','2024-11-20 02:45:47','2024-11-20 02:45:47'),(404,235,'ecommerce/digital-product-files/product-79.jpg','{\"filename\":\"product-79.jpg\",\"url\":\"ecommerce\\/digital-product-files\\/product-79.jpg\",\"mime_type\":\"image\\/jpeg\",\"size\":9730,\"modified\":\"2024-11-20 09:45:47\",\"name\":\"product-79\",\"extension\":\"jpg\"}','2024-11-20 02:45:47','2024-11-20 02:45:47'),(405,235,'ecommerce/digital-product-files/product-6.jpg','{\"filename\":\"product-6.jpg\",\"url\":\"ecommerce\\/digital-product-files\\/product-6.jpg\",\"mime_type\":\"image\\/jpeg\",\"size\":9730,\"modified\":\"2024-11-20 09:45:47\",\"name\":\"product-6\",\"extension\":\"jpg\"}','2024-11-20 02:45:47','2024-11-20 02:45:47'),(406,235,'ecommerce/digital-product-files/product-72.jpg','{\"filename\":\"product-72.jpg\",\"url\":\"ecommerce\\/digital-product-files\\/product-72.jpg\",\"mime_type\":\"image\\/jpeg\",\"size\":9730,\"modified\":\"2024-11-20 09:45:47\",\"name\":\"product-72\",\"extension\":\"jpg\"}','2024-11-20 02:45:47','2024-11-20 02:45:47'),(407,244,'ecommerce/digital-product-files/product-45.jpg','{\"filename\":\"product-45.jpg\",\"url\":\"ecommerce\\/digital-product-files\\/product-45.jpg\",\"mime_type\":\"image\\/jpeg\",\"size\":9730,\"modified\":\"2024-11-20 09:45:47\",\"name\":\"product-45\",\"extension\":\"jpg\"}','2024-11-20 02:45:47','2024-11-20 02:45:47'),(408,244,'ecommerce/digital-product-files/product-81.jpg','{\"filename\":\"product-81.jpg\",\"url\":\"ecommerce\\/digital-product-files\\/product-81.jpg\",\"mime_type\":\"image\\/jpeg\",\"size\":9730,\"modified\":\"2024-11-20 09:45:47\",\"name\":\"product-81\",\"extension\":\"jpg\"}','2024-11-20 02:45:47','2024-11-20 02:45:47'),(409,244,'ecommerce/digital-product-files/product-86.jpg','{\"filename\":\"product-86.jpg\",\"url\":\"ecommerce\\/digital-product-files\\/product-86.jpg\",\"mime_type\":\"image\\/jpeg\",\"size\":9730,\"modified\":\"2024-11-20 09:45:47\",\"name\":\"product-86\",\"extension\":\"jpg\"}','2024-11-20 02:45:47','2024-11-20 02:45:47'),(410,244,'ecommerce/digital-product-files/product-74.jpg','{\"filename\":\"product-74.jpg\",\"url\":\"ecommerce\\/digital-product-files\\/product-74.jpg\",\"mime_type\":\"image\\/jpeg\",\"size\":9730,\"modified\":\"2024-11-20 09:45:47\",\"name\":\"product-74\",\"extension\":\"jpg\"}','2024-11-20 02:45:47','2024-11-20 02:45:47'),(411,244,'ecommerce/digital-product-files/product-21.jpg','{\"filename\":\"product-21.jpg\",\"url\":\"ecommerce\\/digital-product-files\\/product-21.jpg\",\"mime_type\":\"image\\/jpeg\",\"size\":9730,\"modified\":\"2024-11-20 09:45:47\",\"name\":\"product-21\",\"extension\":\"jpg\"}','2024-11-20 02:45:47','2024-11-20 02:45:47'),(412,244,'ecommerce/digital-product-files/product-34.jpg','{\"filename\":\"product-34.jpg\",\"url\":\"ecommerce\\/digital-product-files\\/product-34.jpg\",\"mime_type\":\"image\\/jpeg\",\"size\":9730,\"modified\":\"2024-11-20 09:45:47\",\"name\":\"product-34\",\"extension\":\"jpg\"}','2024-11-20 02:45:47','2024-11-20 02:45:47'),(413,244,'ecommerce/digital-product-files/product-95.jpg','{\"filename\":\"product-95.jpg\",\"url\":\"ecommerce\\/digital-product-files\\/product-95.jpg\",\"mime_type\":\"image\\/jpeg\",\"size\":9730,\"modified\":\"2024-11-20 09:45:47\",\"name\":\"product-95\",\"extension\":\"jpg\"}','2024-11-20 02:45:47','2024-11-20 02:45:47'),(414,245,'ecommerce/digital-product-files/product-45.jpg','{\"filename\":\"product-45.jpg\",\"url\":\"ecommerce\\/digital-product-files\\/product-45.jpg\",\"mime_type\":\"image\\/jpeg\",\"size\":9730,\"modified\":\"2024-11-20 09:45:47\",\"name\":\"product-45\",\"extension\":\"jpg\"}','2024-11-20 02:45:47','2024-11-20 02:45:47'),(415,245,'ecommerce/digital-product-files/product-81.jpg','{\"filename\":\"product-81.jpg\",\"url\":\"ecommerce\\/digital-product-files\\/product-81.jpg\",\"mime_type\":\"image\\/jpeg\",\"size\":9730,\"modified\":\"2024-11-20 09:45:47\",\"name\":\"product-81\",\"extension\":\"jpg\"}','2024-11-20 02:45:47','2024-11-20 02:45:47'),(416,245,'ecommerce/digital-product-files/product-86.jpg','{\"filename\":\"product-86.jpg\",\"url\":\"ecommerce\\/digital-product-files\\/product-86.jpg\",\"mime_type\":\"image\\/jpeg\",\"size\":9730,\"modified\":\"2024-11-20 09:45:47\",\"name\":\"product-86\",\"extension\":\"jpg\"}','2024-11-20 02:45:47','2024-11-20 02:45:47'),(417,245,'ecommerce/digital-product-files/product-74.jpg','{\"filename\":\"product-74.jpg\",\"url\":\"ecommerce\\/digital-product-files\\/product-74.jpg\",\"mime_type\":\"image\\/jpeg\",\"size\":9730,\"modified\":\"2024-11-20 09:45:47\",\"name\":\"product-74\",\"extension\":\"jpg\"}','2024-11-20 02:45:47','2024-11-20 02:45:47'),(418,245,'ecommerce/digital-product-files/product-21.jpg','{\"filename\":\"product-21.jpg\",\"url\":\"ecommerce\\/digital-product-files\\/product-21.jpg\",\"mime_type\":\"image\\/jpeg\",\"size\":9730,\"modified\":\"2024-11-20 09:45:47\",\"name\":\"product-21\",\"extension\":\"jpg\"}','2024-11-20 02:45:47','2024-11-20 02:45:47'),(419,245,'ecommerce/digital-product-files/product-34.jpg','{\"filename\":\"product-34.jpg\",\"url\":\"ecommerce\\/digital-product-files\\/product-34.jpg\",\"mime_type\":\"image\\/jpeg\",\"size\":9730,\"modified\":\"2024-11-20 09:45:47\",\"name\":\"product-34\",\"extension\":\"jpg\"}','2024-11-20 02:45:47','2024-11-20 02:45:47'),(420,245,'ecommerce/digital-product-files/product-95.jpg','{\"filename\":\"product-95.jpg\",\"url\":\"ecommerce\\/digital-product-files\\/product-95.jpg\",\"mime_type\":\"image\\/jpeg\",\"size\":9730,\"modified\":\"2024-11-20 09:45:47\",\"name\":\"product-95\",\"extension\":\"jpg\"}','2024-11-20 02:45:47','2024-11-20 02:45:47'),(421,253,'ecommerce/digital-product-files/product-95.jpg','{\"filename\":\"product-95.jpg\",\"url\":\"ecommerce\\/digital-product-files\\/product-95.jpg\",\"mime_type\":\"image\\/jpeg\",\"size\":9730,\"modified\":\"2024-11-20 09:45:47\",\"name\":\"product-95\",\"extension\":\"jpg\"}','2024-11-20 02:45:47','2024-11-20 02:45:47'),(422,253,'ecommerce/digital-product-files/product-32.jpg','{\"filename\":\"product-32.jpg\",\"url\":\"ecommerce\\/digital-product-files\\/product-32.jpg\",\"mime_type\":\"image\\/jpeg\",\"size\":9730,\"modified\":\"2024-11-20 09:45:47\",\"name\":\"product-32\",\"extension\":\"jpg\"}','2024-11-20 02:45:47','2024-11-20 02:45:47'),(423,253,'ecommerce/digital-product-files/product-36.jpg','{\"filename\":\"product-36.jpg\",\"url\":\"ecommerce\\/digital-product-files\\/product-36.jpg\",\"mime_type\":\"image\\/jpeg\",\"size\":9730,\"modified\":\"2024-11-20 09:45:47\",\"name\":\"product-36\",\"extension\":\"jpg\"}','2024-11-20 02:45:47','2024-11-20 02:45:47'),(424,253,'ecommerce/digital-product-files/product-22.jpg','{\"filename\":\"product-22.jpg\",\"url\":\"ecommerce\\/digital-product-files\\/product-22.jpg\",\"mime_type\":\"image\\/jpeg\",\"size\":9730,\"modified\":\"2024-11-20 09:45:47\",\"name\":\"product-22\",\"extension\":\"jpg\"}','2024-11-20 02:45:47','2024-11-20 02:45:47'),(425,253,'ecommerce/digital-product-files/product-26.jpg','{\"filename\":\"product-26.jpg\",\"url\":\"ecommerce\\/digital-product-files\\/product-26.jpg\",\"mime_type\":\"image\\/jpeg\",\"size\":9730,\"modified\":\"2024-11-20 09:45:47\",\"name\":\"product-26\",\"extension\":\"jpg\"}','2024-11-20 02:45:47','2024-11-20 02:45:47'),(426,253,'ecommerce/digital-product-files/product-92.jpg','{\"filename\":\"product-92.jpg\",\"url\":\"ecommerce\\/digital-product-files\\/product-92.jpg\",\"mime_type\":\"image\\/jpeg\",\"size\":9730,\"modified\":\"2024-11-20 09:45:47\",\"name\":\"product-92\",\"extension\":\"jpg\"}','2024-11-20 02:45:47','2024-11-20 02:45:47'),(427,253,'ecommerce/digital-product-files/product-15.jpg','{\"filename\":\"product-15.jpg\",\"url\":\"ecommerce\\/digital-product-files\\/product-15.jpg\",\"mime_type\":\"image\\/jpeg\",\"size\":9730,\"modified\":\"2024-11-20 09:45:47\",\"name\":\"product-15\",\"extension\":\"jpg\"}','2024-11-20 02:45:47','2024-11-20 02:45:47'),(428,253,'ecommerce/digital-product-files/product-90.jpg','{\"filename\":\"product-90.jpg\",\"url\":\"ecommerce\\/digital-product-files\\/product-90.jpg\",\"mime_type\":\"image\\/jpeg\",\"size\":9730,\"modified\":\"2024-11-20 09:45:47\",\"name\":\"product-90\",\"extension\":\"jpg\"}','2024-11-20 02:45:47','2024-11-20 02:45:47'),(429,253,'ecommerce/digital-product-files/product-47.jpg','{\"filename\":\"product-47.jpg\",\"url\":\"ecommerce\\/digital-product-files\\/product-47.jpg\",\"mime_type\":\"image\\/jpeg\",\"size\":9730,\"modified\":\"2024-11-20 09:45:47\",\"name\":\"product-47\",\"extension\":\"jpg\"}','2024-11-20 02:45:47','2024-11-20 02:45:47'),(430,253,'ecommerce/digital-product-files/product-25.jpg','{\"filename\":\"product-25.jpg\",\"url\":\"ecommerce\\/digital-product-files\\/product-25.jpg\",\"mime_type\":\"image\\/jpeg\",\"size\":9730,\"modified\":\"2024-11-20 09:45:47\",\"name\":\"product-25\",\"extension\":\"jpg\"}','2024-11-20 02:45:47','2024-11-20 02:45:47'),(431,254,'ecommerce/digital-product-files/product-95.jpg','{\"filename\":\"product-95.jpg\",\"url\":\"ecommerce\\/digital-product-files\\/product-95.jpg\",\"mime_type\":\"image\\/jpeg\",\"size\":9730,\"modified\":\"2024-11-20 09:45:47\",\"name\":\"product-95\",\"extension\":\"jpg\"}','2024-11-20 02:45:47','2024-11-20 02:45:47'),(432,254,'ecommerce/digital-product-files/product-32.jpg','{\"filename\":\"product-32.jpg\",\"url\":\"ecommerce\\/digital-product-files\\/product-32.jpg\",\"mime_type\":\"image\\/jpeg\",\"size\":9730,\"modified\":\"2024-11-20 09:45:47\",\"name\":\"product-32\",\"extension\":\"jpg\"}','2024-11-20 02:45:47','2024-11-20 02:45:47'),(433,254,'ecommerce/digital-product-files/product-36.jpg','{\"filename\":\"product-36.jpg\",\"url\":\"ecommerce\\/digital-product-files\\/product-36.jpg\",\"mime_type\":\"image\\/jpeg\",\"size\":9730,\"modified\":\"2024-11-20 09:45:47\",\"name\":\"product-36\",\"extension\":\"jpg\"}','2024-11-20 02:45:47','2024-11-20 02:45:47'),(434,254,'ecommerce/digital-product-files/product-22.jpg','{\"filename\":\"product-22.jpg\",\"url\":\"ecommerce\\/digital-product-files\\/product-22.jpg\",\"mime_type\":\"image\\/jpeg\",\"size\":9730,\"modified\":\"2024-11-20 09:45:47\",\"name\":\"product-22\",\"extension\":\"jpg\"}','2024-11-20 02:45:47','2024-11-20 02:45:47'),(435,254,'ecommerce/digital-product-files/product-26.jpg','{\"filename\":\"product-26.jpg\",\"url\":\"ecommerce\\/digital-product-files\\/product-26.jpg\",\"mime_type\":\"image\\/jpeg\",\"size\":9730,\"modified\":\"2024-11-20 09:45:47\",\"name\":\"product-26\",\"extension\":\"jpg\"}','2024-11-20 02:45:47','2024-11-20 02:45:47'),(436,254,'ecommerce/digital-product-files/product-92.jpg','{\"filename\":\"product-92.jpg\",\"url\":\"ecommerce\\/digital-product-files\\/product-92.jpg\",\"mime_type\":\"image\\/jpeg\",\"size\":9730,\"modified\":\"2024-11-20 09:45:47\",\"name\":\"product-92\",\"extension\":\"jpg\"}','2024-11-20 02:45:47','2024-11-20 02:45:47'),(437,254,'ecommerce/digital-product-files/product-15.jpg','{\"filename\":\"product-15.jpg\",\"url\":\"ecommerce\\/digital-product-files\\/product-15.jpg\",\"mime_type\":\"image\\/jpeg\",\"size\":9730,\"modified\":\"2024-11-20 09:45:47\",\"name\":\"product-15\",\"extension\":\"jpg\"}','2024-11-20 02:45:47','2024-11-20 02:45:47'),(438,254,'ecommerce/digital-product-files/product-90.jpg','{\"filename\":\"product-90.jpg\",\"url\":\"ecommerce\\/digital-product-files\\/product-90.jpg\",\"mime_type\":\"image\\/jpeg\",\"size\":9730,\"modified\":\"2024-11-20 09:45:47\",\"name\":\"product-90\",\"extension\":\"jpg\"}','2024-11-20 02:45:47','2024-11-20 02:45:47'),(439,254,'ecommerce/digital-product-files/product-47.jpg','{\"filename\":\"product-47.jpg\",\"url\":\"ecommerce\\/digital-product-files\\/product-47.jpg\",\"mime_type\":\"image\\/jpeg\",\"size\":9730,\"modified\":\"2024-11-20 09:45:47\",\"name\":\"product-47\",\"extension\":\"jpg\"}','2024-11-20 02:45:47','2024-11-20 02:45:47'),(440,254,'ecommerce/digital-product-files/product-25.jpg','{\"filename\":\"product-25.jpg\",\"url\":\"ecommerce\\/digital-product-files\\/product-25.jpg\",\"mime_type\":\"image\\/jpeg\",\"size\":9730,\"modified\":\"2024-11-20 09:45:47\",\"name\":\"product-25\",\"extension\":\"jpg\"}','2024-11-20 02:45:47','2024-11-20 02:45:47'),(441,259,'ecommerce/digital-product-files/product-43.jpg','{\"filename\":\"product-43.jpg\",\"url\":\"ecommerce\\/digital-product-files\\/product-43.jpg\",\"mime_type\":\"image\\/jpeg\",\"size\":9730,\"modified\":\"2024-11-20 09:45:47\",\"name\":\"product-43\",\"extension\":\"jpg\"}','2024-11-20 02:45:47','2024-11-20 02:45:47'),(442,259,'ecommerce/digital-product-files/product-77.jpg','{\"filename\":\"product-77.jpg\",\"url\":\"ecommerce\\/digital-product-files\\/product-77.jpg\",\"mime_type\":\"image\\/jpeg\",\"size\":9730,\"modified\":\"2024-11-20 09:45:47\",\"name\":\"product-77\",\"extension\":\"jpg\"}','2024-11-20 02:45:47','2024-11-20 02:45:47'),(443,259,'ecommerce/digital-product-files/product-71.jpg','{\"filename\":\"product-71.jpg\",\"url\":\"ecommerce\\/digital-product-files\\/product-71.jpg\",\"mime_type\":\"image\\/jpeg\",\"size\":9730,\"modified\":\"2024-11-20 09:45:47\",\"name\":\"product-71\",\"extension\":\"jpg\"}','2024-11-20 02:45:47','2024-11-20 02:45:47'),(444,259,'ecommerce/digital-product-files/product-1.jpg','{\"filename\":\"product-1.jpg\",\"url\":\"ecommerce\\/digital-product-files\\/product-1.jpg\",\"mime_type\":\"image\\/jpeg\",\"size\":9730,\"modified\":\"2024-11-20 09:45:47\",\"name\":\"product-1\",\"extension\":\"jpg\"}','2024-11-20 02:45:47','2024-11-20 02:45:47'),(445,259,'ecommerce/digital-product-files/product-28.jpg','{\"filename\":\"product-28.jpg\",\"url\":\"ecommerce\\/digital-product-files\\/product-28.jpg\",\"mime_type\":\"image\\/jpeg\",\"size\":9730,\"modified\":\"2024-11-20 09:45:47\",\"name\":\"product-28\",\"extension\":\"jpg\"}','2024-11-20 02:45:47','2024-11-20 02:45:47'),(446,259,'ecommerce/digital-product-files/product-16.jpg','{\"filename\":\"product-16.jpg\",\"url\":\"ecommerce\\/digital-product-files\\/product-16.jpg\",\"mime_type\":\"image\\/jpeg\",\"size\":9730,\"modified\":\"2024-11-20 09:45:47\",\"name\":\"product-16\",\"extension\":\"jpg\"}','2024-11-20 02:45:47','2024-11-20 02:45:47'),(447,259,'ecommerce/digital-product-files/product-87.jpg','{\"filename\":\"product-87.jpg\",\"url\":\"ecommerce\\/digital-product-files\\/product-87.jpg\",\"mime_type\":\"image\\/jpeg\",\"size\":9730,\"modified\":\"2024-11-20 09:45:47\",\"name\":\"product-87\",\"extension\":\"jpg\"}','2024-11-20 02:45:47','2024-11-20 02:45:47'),(448,259,'ecommerce/digital-product-files/product-51.jpg','{\"filename\":\"product-51.jpg\",\"url\":\"ecommerce\\/digital-product-files\\/product-51.jpg\",\"mime_type\":\"image\\/jpeg\",\"size\":9730,\"modified\":\"2024-11-20 09:45:47\",\"name\":\"product-51\",\"extension\":\"jpg\"}','2024-11-20 02:45:47','2024-11-20 02:45:47'),(449,259,'ecommerce/digital-product-files/product-61.jpg','{\"filename\":\"product-61.jpg\",\"url\":\"ecommerce\\/digital-product-files\\/product-61.jpg\",\"mime_type\":\"image\\/jpeg\",\"size\":9730,\"modified\":\"2024-11-20 09:45:47\",\"name\":\"product-61\",\"extension\":\"jpg\"}','2024-11-20 02:45:47','2024-11-20 02:45:47'),(450,259,'ecommerce/digital-product-files/product-57.jpg','{\"filename\":\"product-57.jpg\",\"url\":\"ecommerce\\/digital-product-files\\/product-57.jpg\",\"mime_type\":\"image\\/jpeg\",\"size\":9730,\"modified\":\"2024-11-20 09:45:47\",\"name\":\"product-57\",\"extension\":\"jpg\"}','2024-11-20 02:45:47','2024-11-20 02:45:47'),(451,259,'ecommerce/digital-product-files/product-76.jpg','{\"filename\":\"product-76.jpg\",\"url\":\"ecommerce\\/digital-product-files\\/product-76.jpg\",\"mime_type\":\"image\\/jpeg\",\"size\":9730,\"modified\":\"2024-11-20 09:45:47\",\"name\":\"product-76\",\"extension\":\"jpg\"}','2024-11-20 02:45:47','2024-11-20 02:45:47'),(452,260,'ecommerce/digital-product-files/product-43.jpg','{\"filename\":\"product-43.jpg\",\"url\":\"ecommerce\\/digital-product-files\\/product-43.jpg\",\"mime_type\":\"image\\/jpeg\",\"size\":9730,\"modified\":\"2024-11-20 09:45:47\",\"name\":\"product-43\",\"extension\":\"jpg\"}','2024-11-20 02:45:47','2024-11-20 02:45:47'),(453,260,'ecommerce/digital-product-files/product-77.jpg','{\"filename\":\"product-77.jpg\",\"url\":\"ecommerce\\/digital-product-files\\/product-77.jpg\",\"mime_type\":\"image\\/jpeg\",\"size\":9730,\"modified\":\"2024-11-20 09:45:47\",\"name\":\"product-77\",\"extension\":\"jpg\"}','2024-11-20 02:45:47','2024-11-20 02:45:47'),(454,260,'ecommerce/digital-product-files/product-71.jpg','{\"filename\":\"product-71.jpg\",\"url\":\"ecommerce\\/digital-product-files\\/product-71.jpg\",\"mime_type\":\"image\\/jpeg\",\"size\":9730,\"modified\":\"2024-11-20 09:45:47\",\"name\":\"product-71\",\"extension\":\"jpg\"}','2024-11-20 02:45:47','2024-11-20 02:45:47'),(455,260,'ecommerce/digital-product-files/product-1.jpg','{\"filename\":\"product-1.jpg\",\"url\":\"ecommerce\\/digital-product-files\\/product-1.jpg\",\"mime_type\":\"image\\/jpeg\",\"size\":9730,\"modified\":\"2024-11-20 09:45:47\",\"name\":\"product-1\",\"extension\":\"jpg\"}','2024-11-20 02:45:47','2024-11-20 02:45:47'),(456,260,'ecommerce/digital-product-files/product-28.jpg','{\"filename\":\"product-28.jpg\",\"url\":\"ecommerce\\/digital-product-files\\/product-28.jpg\",\"mime_type\":\"image\\/jpeg\",\"size\":9730,\"modified\":\"2024-11-20 09:45:47\",\"name\":\"product-28\",\"extension\":\"jpg\"}','2024-11-20 02:45:47','2024-11-20 02:45:47'),(457,260,'ecommerce/digital-product-files/product-16.jpg','{\"filename\":\"product-16.jpg\",\"url\":\"ecommerce\\/digital-product-files\\/product-16.jpg\",\"mime_type\":\"image\\/jpeg\",\"size\":9730,\"modified\":\"2024-11-20 09:45:47\",\"name\":\"product-16\",\"extension\":\"jpg\"}','2024-11-20 02:45:47','2024-11-20 02:45:47'),(458,260,'ecommerce/digital-product-files/product-87.jpg','{\"filename\":\"product-87.jpg\",\"url\":\"ecommerce\\/digital-product-files\\/product-87.jpg\",\"mime_type\":\"image\\/jpeg\",\"size\":9730,\"modified\":\"2024-11-20 09:45:47\",\"name\":\"product-87\",\"extension\":\"jpg\"}','2024-11-20 02:45:47','2024-11-20 02:45:47'),(459,260,'ecommerce/digital-product-files/product-51.jpg','{\"filename\":\"product-51.jpg\",\"url\":\"ecommerce\\/digital-product-files\\/product-51.jpg\",\"mime_type\":\"image\\/jpeg\",\"size\":9730,\"modified\":\"2024-11-20 09:45:47\",\"name\":\"product-51\",\"extension\":\"jpg\"}','2024-11-20 02:45:47','2024-11-20 02:45:47'),(460,260,'ecommerce/digital-product-files/product-61.jpg','{\"filename\":\"product-61.jpg\",\"url\":\"ecommerce\\/digital-product-files\\/product-61.jpg\",\"mime_type\":\"image\\/jpeg\",\"size\":9730,\"modified\":\"2024-11-20 09:45:47\",\"name\":\"product-61\",\"extension\":\"jpg\"}','2024-11-20 02:45:47','2024-11-20 02:45:47'),(461,260,'ecommerce/digital-product-files/product-57.jpg','{\"filename\":\"product-57.jpg\",\"url\":\"ecommerce\\/digital-product-files\\/product-57.jpg\",\"mime_type\":\"image\\/jpeg\",\"size\":9730,\"modified\":\"2024-11-20 09:45:47\",\"name\":\"product-57\",\"extension\":\"jpg\"}','2024-11-20 02:45:47','2024-11-20 02:45:47'),(462,260,'ecommerce/digital-product-files/product-76.jpg','{\"filename\":\"product-76.jpg\",\"url\":\"ecommerce\\/digital-product-files\\/product-76.jpg\",\"mime_type\":\"image\\/jpeg\",\"size\":9730,\"modified\":\"2024-11-20 09:45:47\",\"name\":\"product-76\",\"extension\":\"jpg\"}','2024-11-20 02:45:47','2024-11-20 02:45:47');
/*!40000 ALTER TABLE `ec_product_files` ENABLE KEYS */;
UNLOCK TABLES;

--
-- Table structure for table `ec_product_label_products`
--

DROP TABLE IF EXISTS `ec_product_label_products`;
/*!40101 SET @saved_cs_client     = @@character_set_client */;
/*!40101 SET character_set_client = utf8 */;
CREATE TABLE `ec_product_label_products` (
  `product_label_id` bigint unsigned NOT NULL,
  `product_id` bigint unsigned NOT NULL,
  PRIMARY KEY (`product_label_id`,`product_id`),
  KEY `ec_product_label_products_product_label_id_index` (`product_label_id`),
  KEY `ec_product_label_products_product_id_index` (`product_id`)
) ENGINE=InnoDB DEFAULT CHARSET=utf8mb4 COLLATE=utf8mb4_unicode_ci;
/*!40101 SET character_set_client = @saved_cs_client */;

--
-- Dumping data for table `ec_product_label_products`
--

LOCK TABLES `ec_product_label_products` WRITE;
/*!40000 ALTER TABLE `ec_product_label_products` DISABLE KEYS */;
INSERT INTO `ec_product_label_products` VALUES (1,14),(1,21),(1,42),(1,63),(2,7),(2,35),(2,70),(3,28),(3,49),(3,56);
/*!40000 ALTER TABLE `ec_product_label_products` ENABLE KEYS */;
UNLOCK TABLES;

--
-- Table structure for table `ec_product_labels`
--

DROP TABLE IF EXISTS `ec_product_labels`;
/*!40101 SET @saved_cs_client     = @@character_set_client */;
/*!40101 SET character_set_client = utf8 */;
CREATE TABLE `ec_product_labels` (
  `id` bigint unsigned NOT NULL AUTO_INCREMENT,
  `name` varchar(191) COLLATE utf8mb4_unicode_ci NOT NULL,
  `color` varchar(120) COLLATE utf8mb4_unicode_ci DEFAULT NULL,
  `status` varchar(60) COLLATE utf8mb4_unicode_ci NOT NULL DEFAULT 'published',
  `created_at` timestamp NULL DEFAULT NULL,
  `updated_at` timestamp NULL DEFAULT NULL,
  PRIMARY KEY (`id`)
) ENGINE=InnoDB AUTO_INCREMENT=4 DEFAULT CHARSET=utf8mb4 COLLATE=utf8mb4_unicode_ci;
/*!40101 SET character_set_client = @saved_cs_client */;

--
-- Dumping data for table `ec_product_labels`
--

LOCK TABLES `ec_product_labels` WRITE;
/*!40000 ALTER TABLE `ec_product_labels` DISABLE KEYS */;
INSERT INTO `ec_product_labels` VALUES (1,'Hot','#d71e2d','published','2024-11-20 02:45:37','2024-11-20 02:45:37'),(2,'New','#02856e','published','2024-11-20 02:45:37','2024-11-20 02:45:37'),(3,'Sale','#fe9931','published','2024-11-20 02:45:37','2024-11-20 02:45:37');
/*!40000 ALTER TABLE `ec_product_labels` ENABLE KEYS */;
UNLOCK TABLES;

--
-- Table structure for table `ec_product_labels_translations`
--

DROP TABLE IF EXISTS `ec_product_labels_translations`;
/*!40101 SET @saved_cs_client     = @@character_set_client */;
/*!40101 SET character_set_client = utf8 */;
CREATE TABLE `ec_product_labels_translations` (
  `lang_code` varchar(191) COLLATE utf8mb4_unicode_ci NOT NULL,
  `ec_product_labels_id` bigint unsigned NOT NULL,
  `name` varchar(191) COLLATE utf8mb4_unicode_ci DEFAULT NULL,
  `description` varchar(400) COLLATE utf8mb4_unicode_ci DEFAULT NULL,
  PRIMARY KEY (`lang_code`,`ec_product_labels_id`)
) ENGINE=InnoDB DEFAULT CHARSET=utf8mb4 COLLATE=utf8mb4_unicode_ci;
/*!40101 SET character_set_client = @saved_cs_client */;

--
-- Dumping data for table `ec_product_labels_translations`
--

LOCK TABLES `ec_product_labels_translations` WRITE;
/*!40000 ALTER TABLE `ec_product_labels_translations` DISABLE KEYS */;
/*!40000 ALTER TABLE `ec_product_labels_translations` ENABLE KEYS */;
UNLOCK TABLES;

--
-- Table structure for table `ec_product_related_relations`
--

DROP TABLE IF EXISTS `ec_product_related_relations`;
/*!40101 SET @saved_cs_client     = @@character_set_client */;
/*!40101 SET character_set_client = utf8 */;
CREATE TABLE `ec_product_related_relations` (
  `from_product_id` bigint unsigned NOT NULL,
  `to_product_id` bigint unsigned NOT NULL,
  PRIMARY KEY (`from_product_id`,`to_product_id`),
  KEY `ec_product_related_relations_from_product_id_index` (`from_product_id`),
  KEY `ec_product_related_relations_to_product_id_index` (`to_product_id`)
) ENGINE=InnoDB DEFAULT CHARSET=utf8mb4 COLLATE=utf8mb4_unicode_ci;
/*!40101 SET character_set_client = @saved_cs_client */;

--
-- Dumping data for table `ec_product_related_relations`
--

LOCK TABLES `ec_product_related_relations` WRITE;
/*!40000 ALTER TABLE `ec_product_related_relations` DISABLE KEYS */;
/*!40000 ALTER TABLE `ec_product_related_relations` ENABLE KEYS */;
UNLOCK TABLES;

--
-- Table structure for table `ec_product_specification_attribute`
--

DROP TABLE IF EXISTS `ec_product_specification_attribute`;
/*!40101 SET @saved_cs_client     = @@character_set_client */;
/*!40101 SET character_set_client = utf8 */;
CREATE TABLE `ec_product_specification_attribute` (
  `product_id` bigint unsigned NOT NULL,
  `attribute_id` bigint unsigned NOT NULL,
  `value` text COLLATE utf8mb4_unicode_ci,
  `hidden` tinyint(1) NOT NULL DEFAULT '0',
  `order` tinyint NOT NULL DEFAULT '0',
  PRIMARY KEY (`product_id`,`attribute_id`)
) ENGINE=InnoDB DEFAULT CHARSET=utf8mb4 COLLATE=utf8mb4_unicode_ci;
/*!40101 SET character_set_client = @saved_cs_client */;

--
-- Dumping data for table `ec_product_specification_attribute`
--

LOCK TABLES `ec_product_specification_attribute` WRITE;
/*!40000 ALTER TABLE `ec_product_specification_attribute` DISABLE KEYS */;
INSERT INTO `ec_product_specification_attribute` VALUES (1,6,'9 cm',0,0),(1,7,'13.74 cm',0,0),(1,8,'2560x1440',0,0),(2,6,'66.96 cm',0,0),(2,7,'46.16 cm',0,0),(2,8,'2560x1440',0,0),(3,6,'59.23 cm',0,0),(3,7,'96.86 cm',0,0),(3,8,'1920x1080',0,0),(4,1,'43.29 cm',0,0),(4,2,'99.98 cm',0,0),(4,3,'99.25 cm',0,0),(4,4,'94.75 cm',0,0),(4,5,'63.16 cm',0,0),(5,1,'38.89 cm',0,0),(5,2,'57.79 cm',0,0),(5,3,'7.7 cm',0,0),(5,4,'77.51 cm',0,0),(5,5,'54.63 cm',0,0),(6,6,'47.84 cm',0,0),(6,7,'71.47 cm',0,0),(6,8,'2560x1440',0,0),(7,1,'51.98 cm',0,0),(7,2,'84.66 cm',0,0),(7,3,'65.87 cm',0,0),(7,4,'3.42 cm',0,0),(7,5,'11.06 cm',0,0),(8,6,'14.04 cm',0,0),(8,7,'98.11 cm',0,0),(8,8,'1920x1080',0,0),(9,1,'71.87 cm',0,0),(9,2,'70.82 cm',0,0),(9,3,'79.49 cm',0,0),(9,4,'61.37 cm',0,0),(9,5,'9.47 cm',0,0),(10,1,'24.24 cm',0,0),(10,2,'30.02 cm',0,0),(10,3,'66.93 cm',0,0),(10,4,'25.36 cm',0,0),(10,5,'57.62 cm',0,0),(11,1,'63.28 cm',0,0),(11,2,'30.68 cm',0,0),(11,3,'97.88 cm',0,0),(11,4,'3.89 cm',0,0),(11,5,'53.03 cm',0,0),(12,1,'56.8 cm',0,0),(12,2,'23.73 cm',0,0),(12,3,'93.99 cm',0,0),(12,4,'43.55 cm',0,0),(12,5,'80.1 cm',0,0),(13,6,'13.12 cm',0,0),(13,7,'55.33 cm',0,0),(13,8,'2560x1440',0,0),(14,1,'44.15 cm',0,0),(14,2,'37.25 cm',0,0),(14,3,'87.18 cm',0,0),(14,4,'91.63 cm',0,0),(14,5,'3.69 cm',0,0),(15,6,'53.53 cm',0,0),(15,7,'45.1 cm',0,0),(15,8,'3840x2160',0,0),(16,1,'45.02 cm',0,0),(16,2,'32.05 cm',0,0),(16,3,'71.06 cm',0,0),(16,4,'36.27 cm',0,0),(16,5,'73.55 cm',0,0),(17,6,'76.07 cm',0,0),(17,7,'30.93 cm',0,0),(17,8,'1920x1080',0,0),(18,6,'75.99 cm',0,0),(18,7,'78.87 cm',0,0),(18,8,'3840x2160',0,0),(19,1,'6.48 cm',0,0),(19,2,'75.78 cm',0,0),(19,3,'41.71 cm',0,0),(19,4,'58.18 cm',0,0),(19,5,'94.22 cm',0,0),(20,1,'11.16 cm',0,0),(20,2,'96.24 cm',0,0),(20,3,'37.34 cm',0,0),(20,4,'85.16 cm',0,0),(20,5,'45.44 cm',0,0),(21,1,'88.43 cm',0,0),(21,2,'94.05 cm',0,0),(21,3,'93.51 cm',0,0),(21,4,'51.65 cm',0,0),(21,5,'54.88 cm',0,0),(22,1,'60.82 cm',0,0),(22,2,'92.19 cm',0,0),(22,3,'16.97 cm',0,0),(22,4,'84.83 cm',0,0),(22,5,'93.33 cm',0,0),(23,1,'36.41 cm',0,0),(23,2,'10.31 cm',0,0),(23,3,'19.41 cm',0,0),(23,4,'47.22 cm',0,0),(23,5,'21.88 cm',0,0),(24,6,'96.42 cm',0,0),(24,7,'8.04 cm',0,0),(24,8,'1920x1080',0,0),(25,1,'80.96 cm',0,0),(25,2,'29.94 cm',0,0),(25,3,'82.16 cm',0,0),(25,4,'81.26 cm',0,0),(25,5,'12.98 cm',0,0),(26,1,'26.11 cm',0,0),(26,2,'45.35 cm',0,0),(26,3,'2.61 cm',0,0),(26,4,'38.93 cm',0,0),(26,5,'15.98 cm',0,0),(27,1,'10.25 cm',0,0),(27,2,'2.9 cm',0,0),(27,3,'64.78 cm',0,0),(27,4,'44.67 cm',0,0),(27,5,'81.72 cm',0,0),(28,6,'45.37 cm',0,0),(28,7,'70.17 cm',0,0),(28,8,'3840x2160',0,0),(29,6,'5.04 cm',0,0),(29,7,'99.08 cm',0,0),(29,8,'2560x1440',0,0),(30,1,'91.33 cm',0,0),(30,2,'14.72 cm',0,0),(30,3,'59.64 cm',0,0),(30,4,'75.47 cm',0,0),(30,5,'59.77 cm',0,0),(31,1,'10.45 cm',0,0),(31,2,'67.76 cm',0,0),(31,3,'47.96 cm',0,0),(31,4,'81.56 cm',0,0),(31,5,'27.86 cm',0,0),(32,6,'82.93 cm',0,0),(32,7,'34.93 cm',0,0),(32,8,'3840x2160',0,0),(33,6,'71.31 cm',0,0),(33,7,'39.9 cm',0,0),(33,8,'2560x1440',0,0),(34,1,'60.63 cm',0,0),(34,2,'27.12 cm',0,0),(34,3,'49.32 cm',0,0),(34,4,'18.94 cm',0,0),(34,5,'34.32 cm',0,0),(35,1,'74.09 cm',0,0),(35,2,'78.64 cm',0,0),(35,3,'42.66 cm',0,0),(35,4,'37.51 cm',0,0),(35,5,'79.99 cm',0,0),(36,6,'77.44 cm',0,0),(36,7,'61.13 cm',0,0),(36,8,'2560x1440',0,0),(37,1,'90.38 cm',0,0),(37,2,'23.17 cm',0,0),(37,3,'56.64 cm',0,0),(37,4,'23.47 cm',0,0),(37,5,'73.38 cm',0,0),(38,6,'55.61 cm',0,0),(38,7,'37.78 cm',0,0),(38,8,'1920x1080',0,0),(39,6,'80.72 cm',0,0),(39,7,'28.96 cm',0,0),(39,8,'1920x1080',0,0),(40,6,'11.35 cm',0,0),(40,7,'3.12 cm',0,0),(40,8,'3840x2160',0,0),(41,1,'61.17 cm',0,0),(41,2,'93.85 cm',0,0),(41,3,'79.5 cm',0,0),(41,4,'4.6 cm',0,0),(41,5,'11.32 cm',0,0),(42,6,'37.82 cm',0,0),(42,7,'5.85 cm',0,0),(42,8,'3840x2160',0,0),(43,6,'74.82 cm',0,0),(43,7,'22.21 cm',0,0),(43,8,'3840x2160',0,0),(44,6,'8.11 cm',0,0),(44,7,'20.75 cm',0,0),(44,8,'3840x2160',0,0),(45,6,'74.69 cm',0,0),(45,7,'77.52 cm',0,0),(45,8,'3840x2160',0,0),(46,6,'70.85 cm',0,0),(46,7,'14.05 cm',0,0),(46,8,'2560x1440',0,0),(47,1,'43.72 cm',0,0),(47,2,'26.09 cm',0,0),(47,3,'59.18 cm',0,0),(47,4,'82.83 cm',0,0),(47,5,'37.02 cm',0,0),(48,1,'94.64 cm',0,0),(48,2,'57.16 cm',0,0),(48,3,'72.56 cm',0,0),(48,4,'62.44 cm',0,0),(48,5,'9.32 cm',0,0),(49,1,'89.31 cm',0,0),(49,2,'29.48 cm',0,0),(49,3,'64.82 cm',0,0),(49,4,'18.9 cm',0,0),(49,5,'94.83 cm',0,0),(50,1,'95.45 cm',0,0),(50,2,'19.11 cm',0,0),(50,3,'87.25 cm',0,0),(50,4,'27.53 cm',0,0),(50,5,'62.66 cm',0,0),(51,1,'70.98 cm',0,0),(51,2,'32.93 cm',0,0),(51,3,'14.32 cm',0,0),(51,4,'54.81 cm',0,0),(51,5,'76.6 cm',0,0),(52,1,'87.27 cm',0,0),(52,2,'68.76 cm',0,0),(52,3,'11.92 cm',0,0),(52,4,'45.49 cm',0,0),(52,5,'5.81 cm',0,0),(53,1,'49.09 cm',0,0),(53,2,'31.97 cm',0,0),(53,3,'85.63 cm',0,0),(53,4,'75.26 cm',0,0),(53,5,'42.14 cm',0,0),(54,6,'97.88 cm',0,0),(54,7,'80.58 cm',0,0),(54,8,'2560x1440',0,0),(55,1,'62.2 cm',0,0),(55,2,'5.33 cm',0,0),(55,3,'21.02 cm',0,0),(55,4,'96.36 cm',0,0),(55,5,'4.6 cm',0,0),(56,1,'54.93 cm',0,0),(56,2,'9.79 cm',0,0),(56,3,'62.7 cm',0,0),(56,4,'25.25 cm',0,0),(56,5,'55.87 cm',0,0),(57,1,'62.86 cm',0,0),(57,2,'84.05 cm',0,0),(57,3,'69.39 cm',0,0),(57,4,'81.57 cm',0,0),(57,5,'57.72 cm',0,0),(58,6,'51.38 cm',0,0),(58,7,'95.16 cm',0,0),(58,8,'1920x1080',0,0),(59,1,'41.6 cm',0,0),(59,2,'70.33 cm',0,0),(59,3,'22.56 cm',0,0),(59,4,'63.92 cm',0,0),(59,5,'28.66 cm',0,0),(60,1,'98.95 cm',0,0),(60,2,'14.39 cm',0,0),(60,3,'22.67 cm',0,0),(60,4,'30.91 cm',0,0),(60,5,'95.6 cm',0,0),(61,1,'14.54 cm',0,0),(61,2,'43.84 cm',0,0),(61,3,'26.39 cm',0,0),(61,4,'88.47 cm',0,0),(61,5,'86.93 cm',0,0),(62,6,'24.72 cm',0,0),(62,7,'42.36 cm',0,0),(62,8,'2560x1440',0,0),(63,1,'96.93 cm',0,0),(63,2,'89.36 cm',0,0),(63,3,'13.82 cm',0,0),(63,4,'43.55 cm',0,0),(63,5,'45.45 cm',0,0),(64,1,'24.51 cm',0,0),(64,2,'77.31 cm',0,0),(64,3,'94.68 cm',0,0),(64,4,'40.25 cm',0,0),(64,5,'24.9 cm',0,0),(65,6,'11.74 cm',0,0),(65,7,'46.85 cm',0,0),(65,8,'3840x2160',0,0),(66,6,'37.75 cm',0,0),(66,7,'97.66 cm',0,0),(66,8,'1920x1080',0,0),(67,1,'29.94 cm',0,0),(67,2,'84.08 cm',0,0),(67,3,'32.23 cm',0,0),(67,4,'40.58 cm',0,0),(67,5,'4.04 cm',0,0),(68,6,'11.8 cm',0,0),(68,7,'34.7 cm',0,0),(68,8,'2560x1440',0,0),(69,6,'69.03 cm',0,0),(69,7,'37.52 cm',0,0),(69,8,'1920x1080',0,0),(70,1,'68.13 cm',0,0),(70,2,'68.2 cm',0,0),(70,3,'72.33 cm',0,0),(70,4,'8.6 cm',0,0),(70,5,'1.86 cm',0,0),(71,1,'31.25 cm',0,0),(71,2,'36.35 cm',0,0),(71,3,'56.72 cm',0,0),(71,4,'20.66 cm',0,0),(71,5,'56.46 cm',0,0),(72,1,'16.06 cm',0,0),(72,2,'26.74 cm',0,0),(72,3,'46.99 cm',0,0),(72,4,'77.39 cm',0,0),(72,5,'21.01 cm',0,0),(73,1,'62.81 cm',0,0),(73,2,'62.87 cm',0,0),(73,3,'24.83 cm',0,0),(73,4,'82.6 cm',0,0),(73,5,'68.38 cm',0,0),(74,1,'85.36 cm',0,0),(74,2,'63.04 cm',0,0),(74,3,'26.04 cm',0,0),(74,4,'63.5 cm',0,0),(74,5,'25.97 cm',0,0),(75,1,'27.49 cm',0,0),(75,2,'78.99 cm',0,0),(75,3,'22.62 cm',0,0),(75,4,'24.88 cm',0,0),(75,5,'69.1 cm',0,0);
/*!40000 ALTER TABLE `ec_product_specification_attribute` ENABLE KEYS */;
UNLOCK TABLES;

--
-- Table structure for table `ec_product_tag_product`
--

DROP TABLE IF EXISTS `ec_product_tag_product`;
/*!40101 SET @saved_cs_client     = @@character_set_client */;
/*!40101 SET character_set_client = utf8 */;
CREATE TABLE `ec_product_tag_product` (
  `product_id` bigint unsigned NOT NULL,
  `tag_id` bigint unsigned NOT NULL,
  PRIMARY KEY (`product_id`,`tag_id`),
  KEY `ec_product_tag_product_product_id_index` (`product_id`),
  KEY `ec_product_tag_product_tag_id_index` (`tag_id`)
) ENGINE=InnoDB DEFAULT CHARSET=utf8mb4 COLLATE=utf8mb4_unicode_ci;
/*!40101 SET character_set_client = @saved_cs_client */;

--
-- Dumping data for table `ec_product_tag_product`
--

LOCK TABLES `ec_product_tag_product` WRITE;
/*!40000 ALTER TABLE `ec_product_tag_product` DISABLE KEYS */;
INSERT INTO `ec_product_tag_product` VALUES (1,5),(1,6),(2,2),(2,3),(2,4),(3,1),(3,3),(3,5),(4,1),(4,2),(4,3),(5,1),(5,4),(6,2),(6,3),(6,6),(7,2),(7,4),(7,5),(8,4),(8,6),(9,2),(9,5),(9,6),(10,1),(10,2),(10,3),(11,4),(11,5),(12,1),(12,3),(13,1),(13,3),(13,5),(14,2),(14,4),(14,6),(15,3),(15,4),(15,6),(16,1),(16,5),(17,3),(17,4),(17,6),(18,1),(18,2),(18,6),(19,3),(19,4),(19,5),(20,1),(20,4),(20,6),(21,4),(21,6),(22,2),(22,4),(22,5),(23,2),(23,3),(23,4),(24,1),(24,2),(24,5),(25,2),(25,6),(26,1),(26,5),(26,6),(27,2),(27,3),(28,1),(28,2),(28,5),(29,2),(29,4),(29,6),(30,1),(30,3),(30,6),(31,2),(31,3),(32,2),(32,4),(33,2),(33,3),(33,4),(34,1),(34,2),(34,4),(35,1),(35,2),(35,3),(36,3),(36,4),(36,6),(37,3),(37,5),(38,2),(38,3),(38,5),(39,2),(39,6),(40,2),(40,3),(40,4),(41,3),(41,5),(41,6),(42,1),(42,3),(42,5),(43,1),(43,3),(43,6),(44,3),(44,4),(44,5),(45,2),(45,3),(45,6),(46,1),(46,2),(46,6),(47,4),(47,6),(48,2),(49,4),(49,5),(50,2),(50,5),(50,6),(51,1),(51,5),(52,2),(52,4),(52,6),(53,1),(53,5),(53,6),(54,2),(54,5),(55,2),(55,3),(56,2),(56,3),(56,5),(57,5),(57,6),(58,1),(58,2),(58,6),(59,2),(59,4),(59,6),(60,4),(60,5),(60,6),(61,1),(61,2),(62,2),(63,2),(63,5),(63,6),(64,1),(64,2),(64,6),(65,1),(65,2),(65,4),(66,3),(66,5),(66,6),(67,5),(67,6),(68,1),(68,5),(69,4),(69,6),(70,4),(70,6),(71,3),(71,4),(71,5),(72,1),(72,3),(72,4),(73,3),(73,4),(74,1),(74,2),(74,5),(75,3),(75,6);
/*!40000 ALTER TABLE `ec_product_tag_product` ENABLE KEYS */;
UNLOCK TABLES;

--
-- Table structure for table `ec_product_tags`
--

DROP TABLE IF EXISTS `ec_product_tags`;
/*!40101 SET @saved_cs_client     = @@character_set_client */;
/*!40101 SET character_set_client = utf8 */;
CREATE TABLE `ec_product_tags` (
  `id` bigint unsigned NOT NULL AUTO_INCREMENT,
  `name` varchar(120) COLLATE utf8mb4_unicode_ci NOT NULL,
  `description` varchar(400) COLLATE utf8mb4_unicode_ci DEFAULT NULL,
  `status` varchar(60) COLLATE utf8mb4_unicode_ci NOT NULL DEFAULT 'published',
  `created_at` timestamp NULL DEFAULT NULL,
  `updated_at` timestamp NULL DEFAULT NULL,
  PRIMARY KEY (`id`)
) ENGINE=InnoDB AUTO_INCREMENT=7 DEFAULT CHARSET=utf8mb4 COLLATE=utf8mb4_unicode_ci;
/*!40101 SET character_set_client = @saved_cs_client */;

--
-- Dumping data for table `ec_product_tags`
--

LOCK TABLES `ec_product_tags` WRITE;
/*!40000 ALTER TABLE `ec_product_tags` DISABLE KEYS */;
INSERT INTO `ec_product_tags` VALUES (1,'Electronic',NULL,'published','2024-11-20 02:45:37','2024-11-20 02:45:37'),(2,'Mobile',NULL,'published','2024-11-20 02:45:37','2024-11-20 02:45:37'),(3,'Iphone',NULL,'published','2024-11-20 02:45:37','2024-11-20 02:45:37'),(4,'Printer',NULL,'published','2024-11-20 02:45:37','2024-11-20 02:45:37'),(5,'Office',NULL,'published','2024-11-20 02:45:37','2024-11-20 02:45:37'),(6,'IT',NULL,'published','2024-11-20 02:45:37','2024-11-20 02:45:37');
/*!40000 ALTER TABLE `ec_product_tags` ENABLE KEYS */;
UNLOCK TABLES;

--
-- Table structure for table `ec_product_tags_translations`
--

DROP TABLE IF EXISTS `ec_product_tags_translations`;
/*!40101 SET @saved_cs_client     = @@character_set_client */;
/*!40101 SET character_set_client = utf8 */;
CREATE TABLE `ec_product_tags_translations` (
  `lang_code` varchar(191) COLLATE utf8mb4_unicode_ci NOT NULL,
  `ec_product_tags_id` bigint unsigned NOT NULL,
  `name` varchar(191) COLLATE utf8mb4_unicode_ci DEFAULT NULL,
  PRIMARY KEY (`lang_code`,`ec_product_tags_id`)
) ENGINE=InnoDB DEFAULT CHARSET=utf8mb4 COLLATE=utf8mb4_unicode_ci;
/*!40101 SET character_set_client = @saved_cs_client */;

--
-- Dumping data for table `ec_product_tags_translations`
--

LOCK TABLES `ec_product_tags_translations` WRITE;
/*!40000 ALTER TABLE `ec_product_tags_translations` DISABLE KEYS */;
/*!40000 ALTER TABLE `ec_product_tags_translations` ENABLE KEYS */;
UNLOCK TABLES;

--
-- Table structure for table `ec_product_up_sale_relations`
--

DROP TABLE IF EXISTS `ec_product_up_sale_relations`;
/*!40101 SET @saved_cs_client     = @@character_set_client */;
/*!40101 SET character_set_client = utf8 */;
CREATE TABLE `ec_product_up_sale_relations` (
  `from_product_id` bigint unsigned NOT NULL,
  `to_product_id` bigint unsigned NOT NULL,
  PRIMARY KEY (`from_product_id`,`to_product_id`),
  KEY `ec_product_up_sale_relations_from_product_id_index` (`from_product_id`),
  KEY `ec_product_up_sale_relations_to_product_id_index` (`to_product_id`)
) ENGINE=InnoDB DEFAULT CHARSET=utf8mb4 COLLATE=utf8mb4_unicode_ci;
/*!40101 SET character_set_client = @saved_cs_client */;

--
-- Dumping data for table `ec_product_up_sale_relations`
--

LOCK TABLES `ec_product_up_sale_relations` WRITE;
/*!40000 ALTER TABLE `ec_product_up_sale_relations` DISABLE KEYS */;
/*!40000 ALTER TABLE `ec_product_up_sale_relations` ENABLE KEYS */;
UNLOCK TABLES;

--
-- Table structure for table `ec_product_variation_items`
--

DROP TABLE IF EXISTS `ec_product_variation_items`;
/*!40101 SET @saved_cs_client     = @@character_set_client */;
/*!40101 SET character_set_client = utf8 */;
CREATE TABLE `ec_product_variation_items` (
  `id` bigint unsigned NOT NULL AUTO_INCREMENT,
  `attribute_id` bigint unsigned NOT NULL,
  `variation_id` bigint unsigned NOT NULL,
  PRIMARY KEY (`id`),
  UNIQUE KEY `ec_product_variation_items_attribute_id_variation_id_unique` (`attribute_id`,`variation_id`),
  KEY `attribute_variation_index` (`attribute_id`,`variation_id`)
) ENGINE=InnoDB AUTO_INCREMENT=381 DEFAULT CHARSET=utf8mb4 COLLATE=utf8mb4_unicode_ci;
/*!40101 SET character_set_client = @saved_cs_client */;

--
-- Dumping data for table `ec_product_variation_items`
--

LOCK TABLES `ec_product_variation_items` WRITE;
/*!40000 ALTER TABLE `ec_product_variation_items` DISABLE KEYS */;
INSERT INTO `ec_product_variation_items` VALUES (3,1,2),(9,1,5),(13,1,7),(15,1,8),(25,1,13),(27,1,14),(29,1,15),(49,1,25),(55,1,28),(67,1,34),(93,1,47),(113,1,57),(141,1,71),(159,1,80),(171,1,86),(177,1,89),(211,1,106),(217,1,109),(221,1,111),(231,1,116),(237,1,119),(261,1,131),(273,1,137),(279,1,140),(289,1,145),(297,1,149),(305,1,153),(313,1,157),(319,1,160),(327,1,164),(329,1,165),(333,1,167),(351,1,176),(367,1,184),(375,1,188),(7,2,4),(17,2,9),(33,2,17),(65,2,33),(75,2,38),(77,2,39),(79,2,40),(81,2,41),(89,2,45),(111,2,56),(115,2,58),(129,2,65),(133,2,67),(149,2,75),(151,2,76),(153,2,77),(155,2,78),(165,2,83),(181,2,91),(189,2,95),(199,2,100),(201,2,101),(209,2,105),(219,2,110),(227,2,114),(247,2,124),(255,2,128),(271,2,136),(281,2,141),(291,2,146),(301,2,151),(307,2,154),(309,2,155),(311,2,156),(315,2,158),(321,2,161),(323,2,162),(343,2,172),(359,2,180),(361,2,181),(365,2,183),(373,2,187),(379,2,190),(1,3,1),(21,3,11),(35,3,18),(37,3,19),(39,3,20),(43,3,22),(61,3,31),(73,3,37),(83,3,42),(91,3,46),(121,3,61),(131,3,66),(139,3,70),(143,3,72),(147,3,74),(167,3,84),(169,3,85),(173,3,87),(179,3,90),(185,3,93),(195,3,98),(213,3,107),(215,3,108),(233,3,117),(245,3,123),(251,3,126),(253,3,127),(259,3,130),(265,3,133),(267,3,134),(277,3,139),(283,3,142),(285,3,143),(303,3,152),(335,3,168),(341,3,171),(347,3,174),(349,3,175),(355,3,178),(357,3,179),(377,3,189),(31,4,16),(41,4,21),(47,4,24),(53,4,27),(57,4,29),(63,4,32),(69,4,35),(71,4,36),(99,4,50),(101,4,51),(103,4,52),(109,4,55),(119,4,60),(123,4,62),(157,4,79),(175,4,88),(187,4,94),(203,4,102),(205,4,103),(223,4,112),(229,4,115),(239,4,120),(241,4,121),(243,4,122),(257,4,129),(263,4,132),(269,4,135),(275,4,138),(293,4,147),(295,4,148),(317,4,159),(325,4,163),(331,4,166),(337,4,169),(353,4,177),(369,4,185),(371,4,186),(5,5,3),(11,5,6),(19,5,10),(23,5,12),(45,5,23),(51,5,26),(59,5,30),(85,5,43),(87,5,44),(95,5,48),(97,5,49),(105,5,53),(107,5,54),(117,5,59),(125,5,63),(127,5,64),(135,5,68),(137,5,69),(145,5,73),(161,5,81),(163,5,82),(183,5,92),(191,5,96),(193,5,97),(197,5,99),(207,5,104),(225,5,113),(235,5,118),(249,5,125),(287,5,144),(299,5,150),(339,5,170),(345,5,173),(363,5,182),(8,6,4),(16,6,8),(24,6,12),(30,6,15),(34,6,17),(40,6,20),(70,6,35),(94,6,47),(102,6,51),(106,6,53),(132,6,66),(138,6,69),(140,6,70),(148,6,74),(150,6,75),(156,6,78),(164,6,82),(166,6,83),(178,6,89),(184,6,92),(190,6,95),(200,6,100),(218,6,109),(230,6,115),(232,6,116),(234,6,117),(236,6,118),(260,6,130),(276,6,138),(288,6,144),(294,6,147),(306,6,153),(310,6,155),(314,6,157),(316,6,158),(318,6,159),(320,6,160),(330,6,165),(340,6,170),(342,6,171),(364,6,182),(372,6,186),(374,6,187),(4,7,2),(10,7,5),(12,7,6),(18,7,9),(20,7,10),(42,7,21),(44,7,22),(48,7,24),(52,7,26),(56,7,28),(62,7,31),(64,7,32),(74,7,37),(98,7,49),(104,7,52),(118,7,59),(136,7,68),(144,7,72),(146,7,73),(152,7,76),(180,7,90),(186,7,93),(196,7,98),(204,7,102),(222,7,111),(228,7,114),(246,7,123),(254,7,127),(256,7,128),(258,7,129),(262,7,131),(264,7,132),(270,7,135),(312,7,156),(338,7,169),(344,7,172),(356,7,178),(366,7,183),(14,8,7),(28,8,14),(36,8,18),(38,8,19),(54,8,27),(68,8,34),(80,8,40),(92,8,46),(114,8,57),(120,8,60),(126,8,63),(162,8,81),(170,8,85),(172,8,86),(182,8,91),(206,8,103),(214,8,107),(238,8,119),(242,8,121),(272,8,136),(286,8,143),(290,8,145),(292,8,146),(296,8,148),(300,8,150),(304,8,152),(322,8,161),(324,8,162),(348,8,174),(352,8,176),(376,8,188),(378,8,189),(2,9,1),(6,9,3),(22,9,11),(26,9,13),(32,9,16),(46,9,23),(60,9,30),(66,9,33),(76,9,38),(78,9,39),(82,9,41),(86,9,43),(88,9,44),(90,9,45),(108,9,54),(110,9,55),(116,9,58),(122,9,61),(128,9,64),(130,9,65),(142,9,71),(154,9,77),(158,9,79),(176,9,88),(202,9,101),(210,9,105),(220,9,110),(224,9,112),(240,9,120),(248,9,124),(250,9,125),(266,9,133),(268,9,134),(280,9,140),(284,9,142),(298,9,149),(302,9,151),(326,9,163),(346,9,173),(354,9,177),(358,9,179),(360,9,180),(362,9,181),(370,9,185),(50,10,25),(58,10,29),(72,10,36),(84,10,42),(96,10,48),(100,10,50),(112,10,56),(124,10,62),(134,10,67),(160,10,80),(168,10,84),(174,10,87),(188,10,94),(192,10,96),(194,10,97),(198,10,99),(208,10,104),(212,10,106),(216,10,108),(226,10,113),(244,10,122),(252,10,126),(274,10,137),(278,10,139),(282,10,141),(308,10,154),(328,10,164),(332,10,166),(334,10,167),(336,10,168),(350,10,175),(368,10,184),(380,10,190);
/*!40000 ALTER TABLE `ec_product_variation_items` ENABLE KEYS */;
UNLOCK TABLES;

--
-- Table structure for table `ec_product_variations`
--

DROP TABLE IF EXISTS `ec_product_variations`;
/*!40101 SET @saved_cs_client     = @@character_set_client */;
/*!40101 SET character_set_client = utf8 */;
CREATE TABLE `ec_product_variations` (
  `id` bigint unsigned NOT NULL AUTO_INCREMENT,
  `product_id` bigint unsigned DEFAULT NULL,
  `configurable_product_id` bigint unsigned NOT NULL,
  `is_default` tinyint NOT NULL DEFAULT '0',
  PRIMARY KEY (`id`),
  UNIQUE KEY `ec_product_variations_product_id_configurable_product_id_unique` (`product_id`,`configurable_product_id`),
  KEY `configurable_product_index` (`product_id`,`configurable_product_id`)
) ENGINE=InnoDB AUTO_INCREMENT=191 DEFAULT CHARSET=utf8mb4 COLLATE=utf8mb4_unicode_ci;
/*!40101 SET character_set_client = @saved_cs_client */;

--
-- Dumping data for table `ec_product_variations`
--

LOCK TABLES `ec_product_variations` WRITE;
/*!40000 ALTER TABLE `ec_product_variations` DISABLE KEYS */;
INSERT INTO `ec_product_variations` VALUES (1,76,1,1),(2,77,1,0),(3,78,1,0),(4,79,2,1),(5,80,2,0),(6,81,2,0),(7,82,3,1),(8,83,3,0),(9,84,3,0),(10,85,3,0),(11,86,4,1),(12,87,4,0),(13,88,5,1),(14,89,5,0),(15,90,5,0),(16,91,6,1),(17,92,6,0),(18,93,6,0),(19,94,7,1),(20,95,7,0),(21,96,7,0),(22,97,7,0),(23,98,8,1),(24,99,8,0),(25,100,8,0),(26,101,8,0),(27,102,9,1),(28,103,9,0),(29,104,9,0),(30,105,10,1),(31,106,11,1),(32,107,11,0),(33,108,11,0),(34,109,12,1),(35,110,12,0),(36,111,12,0),(37,112,13,1),(38,113,14,1),(39,114,14,0),(40,115,14,0),(41,116,15,1),(42,117,15,0),(43,118,15,0),(44,119,16,1),(45,120,17,1),(46,121,17,0),(47,122,17,0),(48,123,18,1),(49,124,18,0),(50,125,19,1),(51,126,19,0),(52,127,19,0),(53,128,19,0),(54,129,20,1),(55,130,21,1),(56,131,21,0),(57,132,21,0),(58,133,21,0),(59,134,22,1),(60,135,22,0),(61,136,22,0),(62,137,23,1),(63,138,23,0),(64,139,23,0),(65,140,24,1),(66,141,25,1),(67,142,25,0),(68,143,25,0),(69,144,26,1),(70,145,26,0),(71,146,26,0),(72,147,27,1),(73,148,27,0),(74,149,27,0),(75,150,28,1),(76,151,28,0),(77,152,28,0),(78,153,28,0),(79,154,29,1),(80,155,29,0),(81,156,30,1),(82,157,30,0),(83,158,30,0),(84,159,31,1),(85,160,31,0),(86,161,32,1),(87,162,32,0),(88,163,33,1),(89,164,33,0),(90,165,33,0),(91,166,34,1),(92,167,34,0),(93,168,35,1),(94,169,36,1),(95,170,36,0),(96,171,37,1),(97,172,37,0),(98,173,37,0),(99,174,37,0),(100,175,38,1),(101,176,38,0),(102,177,39,1),(103,178,39,0),(104,179,39,0),(105,180,39,0),(106,181,40,1),(107,182,40,0),(108,183,40,0),(109,184,40,0),(110,185,40,0),(111,186,41,1),(112,187,41,0),(113,188,42,1),(114,189,42,0),(115,190,43,1),(116,191,43,0),(117,192,44,1),(118,193,45,1),(119,194,45,0),(120,195,45,0),(121,196,45,0),(122,197,46,1),(123,198,46,0),(124,199,47,1),(125,200,48,1),(126,201,49,1),(127,202,50,1),(128,203,50,0),(129,204,50,0),(130,205,50,0),(131,206,51,1),(132,207,52,1),(133,208,52,0),(134,209,53,1),(135,210,53,0),(136,211,53,0),(137,212,53,0),(138,213,53,0),(139,214,54,1),(140,215,54,0),(141,216,54,0),(142,217,54,0),(143,218,55,1),(144,219,56,1),(145,220,56,0),(146,221,56,0),(147,222,57,1),(148,223,57,0),(149,224,58,1),(150,225,58,0),(151,226,58,0),(152,227,59,1),(153,228,59,0),(154,229,59,0),(155,230,60,1),(156,231,61,1),(157,232,61,0),(158,233,61,0),(159,234,61,0),(160,235,61,0),(161,236,62,1),(162,237,62,0),(163,238,62,0),(164,239,63,1),(165,240,63,0),(166,241,63,0),(167,242,64,1),(168,243,64,0),(169,244,65,1),(170,245,65,0),(171,246,66,1),(172,247,67,1),(173,248,67,0),(174,249,67,0),(175,250,68,1),(176,251,68,0),(177,252,68,0),(178,253,69,1),(179,254,69,0),(180,255,70,1),(181,256,71,1),(182,257,71,0),(183,258,72,1),(184,259,73,1),(185,260,73,0),(186,261,74,1),(187,262,74,0),(188,263,74,0),(189,264,75,1),(190,265,75,0);
/*!40000 ALTER TABLE `ec_product_variations` ENABLE KEYS */;
UNLOCK TABLES;

--
-- Table structure for table `ec_product_views`
--

DROP TABLE IF EXISTS `ec_product_views`;
/*!40101 SET @saved_cs_client     = @@character_set_client */;
/*!40101 SET character_set_client = utf8 */;
CREATE TABLE `ec_product_views` (
  `id` bigint unsigned NOT NULL AUTO_INCREMENT,
  `product_id` bigint unsigned NOT NULL,
  `views` int NOT NULL DEFAULT '1',
  `date` date NOT NULL DEFAULT '2024-11-20',
  PRIMARY KEY (`id`),
  UNIQUE KEY `ec_product_views_product_id_date_unique` (`product_id`,`date`),
  KEY `ec_product_views_product_id_index` (`product_id`)
) ENGINE=InnoDB DEFAULT CHARSET=utf8mb4 COLLATE=utf8mb4_unicode_ci;
/*!40101 SET character_set_client = @saved_cs_client */;

--
-- Dumping data for table `ec_product_views`
--

LOCK TABLES `ec_product_views` WRITE;
/*!40000 ALTER TABLE `ec_product_views` DISABLE KEYS */;
/*!40000 ALTER TABLE `ec_product_views` ENABLE KEYS */;
UNLOCK TABLES;

--
-- Table structure for table `ec_product_with_attribute_set`
--

DROP TABLE IF EXISTS `ec_product_with_attribute_set`;
/*!40101 SET @saved_cs_client     = @@character_set_client */;
/*!40101 SET character_set_client = utf8 */;
CREATE TABLE `ec_product_with_attribute_set` (
  `attribute_set_id` bigint unsigned NOT NULL,
  `product_id` bigint unsigned NOT NULL,
  `order` tinyint unsigned NOT NULL DEFAULT '0',
  PRIMARY KEY (`product_id`,`attribute_set_id`)
) ENGINE=InnoDB DEFAULT CHARSET=utf8mb4 COLLATE=utf8mb4_unicode_ci;
/*!40101 SET character_set_client = @saved_cs_client */;

--
-- Dumping data for table `ec_product_with_attribute_set`
--

LOCK TABLES `ec_product_with_attribute_set` WRITE;
/*!40000 ALTER TABLE `ec_product_with_attribute_set` DISABLE KEYS */;
INSERT INTO `ec_product_with_attribute_set` VALUES (1,1,0),(2,1,0),(1,2,0),(2,2,0),(1,3,0),(2,3,0),(1,4,0),(2,4,0),(1,5,0),(2,5,0),(1,6,0),(2,6,0),(1,7,0),(2,7,0),(1,8,0),(2,8,0),(1,9,0),(2,9,0),(1,10,0),(2,10,0),(1,11,0),(2,11,0),(1,12,0),(2,12,0),(1,13,0),(2,13,0),(1,14,0),(2,14,0),(1,15,0),(2,15,0),(1,16,0),(2,16,0),(1,17,0),(2,17,0),(1,18,0),(2,18,0),(1,19,0),(2,19,0),(1,20,0),(2,20,0),(1,21,0),(2,21,0),(1,22,0),(2,22,0),(1,23,0),(2,23,0),(1,24,0),(2,24,0),(1,25,0),(2,25,0),(1,26,0),(2,26,0),(1,27,0),(2,27,0),(1,28,0),(2,28,0),(1,29,0),(2,29,0),(1,30,0),(2,30,0),(1,31,0),(2,31,0),(1,32,0),(2,32,0),(1,33,0),(2,33,0),(1,34,0),(2,34,0),(1,35,0),(2,35,0),(1,36,0),(2,36,0),(1,37,0),(2,37,0),(1,38,0),(2,38,0),(1,39,0),(2,39,0),(1,40,0),(2,40,0),(1,41,0),(2,41,0),(1,42,0),(2,42,0),(1,43,0),(2,43,0),(1,44,0),(2,44,0),(1,45,0),(2,45,0),(1,46,0),(2,46,0),(1,47,0),(2,47,0),(1,48,0),(2,48,0),(1,49,0),(2,49,0),(1,50,0),(2,50,0),(1,51,0),(2,51,0),(1,52,0),(2,52,0),(1,53,0),(2,53,0),(1,54,0),(2,54,0),(1,55,0),(2,55,0),(1,56,0),(2,56,0),(1,57,0),(2,57,0),(1,58,0),(2,58,0),(1,59,0),(2,59,0),(1,60,0),(2,60,0),(1,61,0),(2,61,0),(1,62,0),(2,62,0),(1,63,0),(2,63,0),(1,64,0),(2,64,0),(1,65,0),(2,65,0),(1,66,0),(2,66,0),(1,67,0),(2,67,0),(1,68,0),(2,68,0),(1,69,0),(2,69,0),(1,70,0),(2,70,0),(1,71,0),(2,71,0),(1,72,0),(2,72,0),(1,73,0),(2,73,0),(1,74,0),(2,74,0),(1,75,0),(2,75,0);
/*!40000 ALTER TABLE `ec_product_with_attribute_set` ENABLE KEYS */;
UNLOCK TABLES;

--
-- Table structure for table `ec_products`
--

DROP TABLE IF EXISTS `ec_products`;
/*!40101 SET @saved_cs_client     = @@character_set_client */;
/*!40101 SET character_set_client = utf8 */;
CREATE TABLE `ec_products` (
  `id` bigint unsigned NOT NULL AUTO_INCREMENT,
  `name` varchar(191) COLLATE utf8mb4_unicode_ci NOT NULL,
  `description` text COLLATE utf8mb4_unicode_ci,
  `content` longtext COLLATE utf8mb4_unicode_ci,
  `status` varchar(60) COLLATE utf8mb4_unicode_ci NOT NULL DEFAULT 'published',
  `images` text COLLATE utf8mb4_unicode_ci,
  `video_media` text COLLATE utf8mb4_unicode_ci,
  `sku` varchar(191) COLLATE utf8mb4_unicode_ci DEFAULT NULL,
  `order` int unsigned NOT NULL DEFAULT '0',
  `quantity` int unsigned DEFAULT NULL,
  `allow_checkout_when_out_of_stock` tinyint unsigned NOT NULL DEFAULT '0',
  `with_storehouse_management` tinyint unsigned NOT NULL DEFAULT '0',
  `is_featured` tinyint unsigned NOT NULL DEFAULT '0',
  `brand_id` bigint unsigned DEFAULT NULL,
  `is_variation` tinyint NOT NULL DEFAULT '0',
  `sale_type` tinyint NOT NULL DEFAULT '0',
  `price` double unsigned DEFAULT NULL,
  `sale_price` double unsigned DEFAULT NULL,
  `start_date` timestamp NULL DEFAULT NULL,
  `end_date` timestamp NULL DEFAULT NULL,
  `length` double(8,2) DEFAULT NULL,
  `wide` double(8,2) DEFAULT NULL,
  `height` double(8,2) DEFAULT NULL,
  `weight` double(8,2) DEFAULT NULL,
  `tax_id` bigint unsigned DEFAULT NULL,
  `views` bigint NOT NULL DEFAULT '0',
  `created_at` timestamp NULL DEFAULT NULL,
  `updated_at` timestamp NULL DEFAULT NULL,
  `stock_status` varchar(191) COLLATE utf8mb4_unicode_ci DEFAULT 'in_stock',
  `created_by_id` bigint unsigned DEFAULT '0',
  `created_by_type` varchar(191) COLLATE utf8mb4_unicode_ci NOT NULL DEFAULT 'Botble\\ACL\\Models\\User',
  `image` varchar(191) COLLATE utf8mb4_unicode_ci DEFAULT NULL,
  `product_type` varchar(60) COLLATE utf8mb4_unicode_ci DEFAULT 'physical',
  `barcode` varchar(50) COLLATE utf8mb4_unicode_ci DEFAULT NULL,
  `cost_per_item` double DEFAULT NULL,
  `generate_license_code` tinyint(1) NOT NULL DEFAULT '0',
  `minimum_order_quantity` int unsigned DEFAULT '0',
  `maximum_order_quantity` int unsigned DEFAULT '0',
  `notify_attachment_updated` tinyint(1) NOT NULL DEFAULT '0',
  `specification_table_id` bigint unsigned DEFAULT NULL,
  PRIMARY KEY (`id`),
  KEY `ec_products_brand_id_status_is_variation_created_at_index` (`brand_id`,`status`,`is_variation`,`created_at`),
  KEY `sale_type_index` (`sale_type`),
  KEY `start_date_index` (`start_date`),
  KEY `end_date_index` (`end_date`),
  KEY `sale_price_index` (`sale_price`),
  KEY `is_variation_index` (`is_variation`),
  KEY `ec_products_sku_index` (`sku`)
) ENGINE=InnoDB AUTO_INCREMENT=266 DEFAULT CHARSET=utf8mb4 COLLATE=utf8mb4_unicode_ci;
/*!40101 SET character_set_client = @saved_cs_client */;

--
-- Dumping data for table `ec_products`
--

LOCK TABLES `ec_products` WRITE;
/*!40000 ALTER TABLE `ec_products` DISABLE KEYS */;
INSERT INTO `ec_products` VALUES (1,'Miko Wooden Bluetooth Speaker','<p>Short Hooded Coat features a straight body, large pockets with button flaps, ventilation air holes, and a string detail along the hemline.</p>','<p>Short Hooded Coat features a straight body, large pockets with button flaps, ventilation air holes, and a string detail along the hemline. The style is completed with a drawstring hood, featuring Rains’ signature built-in cap. Made from waterproof, matte PU, this lightweight unisex rain jacket is an ode to nostalgia through its classic silhouette and utilitarian design details.</p>\n                                <p>- Casual unisex fit</p>\n\n                                <p>- 64% polyester, 36% polyurethane</p>\n\n                                <p>- Water column pressure: 4000 mm</p>\n\n                                <p>- Model is 187cm tall and wearing a size S / M</p>\n\n                                <p>- Unisex fit</p>\n\n                                <p>- Drawstring hood with built-in cap</p>\n\n                                <p>- Front placket with snap buttons</p>\n\n                                <p>- Ventilation under armpit</p>\n\n                                <p>- Adjustable cuffs</p>\n\n                                <p>- Double welted front pockets</p>\n\n                                <p>- Adjustable elastic string at hempen</p>\n\n                                <p>- Ultrasonically welded seams</p>\n\n                                <p>This is a unisex item, please check our clothing &amp; footwear sizing guide for specific Rains jacket sizing information. RAINS comes from the rainy nation of Denmark at the edge of the European continent, close to the ocean and with prevailing westerly winds; all factors that contribute to an average of 121 rain days each year. Arising from these rainy weather conditions comes the attitude that a quick rain shower may be beautiful, as well as moody- but first and foremost requires the right outfit. Rains focus on the whole experience of going outside on rainy days, issuing an invitation to explore even in the most mercurial weather.</p>','published','[\"products\\/product-6.jpg\",\"products\\/product-5.jpg\",\"products\\/product-89.jpg\",\"products\\/product-36.jpg\",\"products\\/product-86.jpg\",\"products\\/product-76.jpg\"]',NULL,'NC-137-A0',0,17,0,1,0,6,0,0,251,NULL,NULL,NULL,17.00,18.00,15.00,587.00,NULL,143403,'2024-11-20 02:45:44','2024-11-20 02:45:47','in_stock',0,'Botble\\ACL\\Models\\User',NULL,'digital',NULL,NULL,0,0,0,0,2),(2,'Gorgeous Wooden Gloves','<p>Short Hooded Coat features a straight body, large pockets with button flaps, ventilation air holes, and a string detail along the hemline.</p>','<p>Short Hooded Coat features a straight body, large pockets with button flaps, ventilation air holes, and a string detail along the hemline. The style is completed with a drawstring hood, featuring Rains’ signature built-in cap. Made from waterproof, matte PU, this lightweight unisex rain jacket is an ode to nostalgia through its classic silhouette and utilitarian design details.</p>\n                                <p>- Casual unisex fit</p>\n\n                                <p>- 64% polyester, 36% polyurethane</p>\n\n                                <p>- Water column pressure: 4000 mm</p>\n\n                                <p>- Model is 187cm tall and wearing a size S / M</p>\n\n                                <p>- Unisex fit</p>\n\n                                <p>- Drawstring hood with built-in cap</p>\n\n                                <p>- Front placket with snap buttons</p>\n\n                                <p>- Ventilation under armpit</p>\n\n                                <p>- Adjustable cuffs</p>\n\n                                <p>- Double welted front pockets</p>\n\n                                <p>- Adjustable elastic string at hempen</p>\n\n                                <p>- Ultrasonically welded seams</p>\n\n                                <p>This is a unisex item, please check our clothing &amp; footwear sizing guide for specific Rains jacket sizing information. RAINS comes from the rainy nation of Denmark at the edge of the European continent, close to the ocean and with prevailing westerly winds; all factors that contribute to an average of 121 rain days each year. Arising from these rainy weather conditions comes the attitude that a quick rain shower may be beautiful, as well as moody- but first and foremost requires the right outfit. Rains focus on the whole experience of going outside on rainy days, issuing an invitation to explore even in the most mercurial weather.</p>','published','[\"products\\/product-61.jpg\",\"products\\/product-45.jpg\",\"products\\/product-88.jpg\",\"products\\/product-52.jpg\",\"products\\/product-35.jpg\",\"products\\/product-38.jpg\"]',NULL,'NC-171-A0',0,18,0,1,1,5,0,0,326,NULL,NULL,NULL,18.00,15.00,17.00,749.00,NULL,102752,'2024-11-20 02:45:44','2024-11-20 02:45:47','in_stock',0,'Botble\\ACL\\Models\\User',NULL,'physical',NULL,NULL,0,0,0,0,2),(3,'Pinkol Enormous Granite Bottle','<p>Short Hooded Coat features a straight body, large pockets with button flaps, ventilation air holes, and a string detail along the hemline.</p>','<p>Short Hooded Coat features a straight body, large pockets with button flaps, ventilation air holes, and a string detail along the hemline. The style is completed with a drawstring hood, featuring Rains’ signature built-in cap. Made from waterproof, matte PU, this lightweight unisex rain jacket is an ode to nostalgia through its classic silhouette and utilitarian design details.</p>\n                                <p>- Casual unisex fit</p>\n\n                                <p>- 64% polyester, 36% polyurethane</p>\n\n                                <p>- Water column pressure: 4000 mm</p>\n\n                                <p>- Model is 187cm tall and wearing a size S / M</p>\n\n                                <p>- Unisex fit</p>\n\n                                <p>- Drawstring hood with built-in cap</p>\n\n                                <p>- Front placket with snap buttons</p>\n\n                                <p>- Ventilation under armpit</p>\n\n                                <p>- Adjustable cuffs</p>\n\n                                <p>- Double welted front pockets</p>\n\n                                <p>- Adjustable elastic string at hempen</p>\n\n                                <p>- Ultrasonically welded seams</p>\n\n                                <p>This is a unisex item, please check our clothing &amp; footwear sizing guide for specific Rains jacket sizing information. RAINS comes from the rainy nation of Denmark at the edge of the European continent, close to the ocean and with prevailing westerly winds; all factors that contribute to an average of 121 rain days each year. Arising from these rainy weather conditions comes the attitude that a quick rain shower may be beautiful, as well as moody- but first and foremost requires the right outfit. Rains focus on the whole experience of going outside on rainy days, issuing an invitation to explore even in the most mercurial weather.</p>','published','[\"products\\/product-20.jpg\",\"products\\/product-24.jpg\",\"products\\/product-15.jpg\",\"products\\/product-67.jpg\",\"products\\/product-2.jpg\",\"products\\/product-29.jpg\",\"products\\/product-60.jpg\",\"products\\/product-17.jpg\",\"products\\/product-65.jpg\",\"products\\/product-51.jpg\",\"products\\/product-57.jpg\"]',NULL,'NC-108-A0',0,20,0,1,1,3,0,0,356,NULL,NULL,NULL,20.00,19.00,16.00,682.00,NULL,4437,'2024-11-20 02:45:44','2024-11-20 02:45:47','in_stock',0,'Botble\\ACL\\Models\\User',NULL,'physical',NULL,NULL,0,0,0,0,2),(4,'Gorgeous Aluminum Table','<p>Short Hooded Coat features a straight body, large pockets with button flaps, ventilation air holes, and a string detail along the hemline.</p>','<p>Short Hooded Coat features a straight body, large pockets with button flaps, ventilation air holes, and a string detail along the hemline. The style is completed with a drawstring hood, featuring Rains’ signature built-in cap. Made from waterproof, matte PU, this lightweight unisex rain jacket is an ode to nostalgia through its classic silhouette and utilitarian design details.</p>\n                                <p>- Casual unisex fit</p>\n\n                                <p>- 64% polyester, 36% polyurethane</p>\n\n                                <p>- Water column pressure: 4000 mm</p>\n\n                                <p>- Model is 187cm tall and wearing a size S / M</p>\n\n                                <p>- Unisex fit</p>\n\n                                <p>- Drawstring hood with built-in cap</p>\n\n                                <p>- Front placket with snap buttons</p>\n\n                                <p>- Ventilation under armpit</p>\n\n                                <p>- Adjustable cuffs</p>\n\n                                <p>- Double welted front pockets</p>\n\n                                <p>- Adjustable elastic string at hempen</p>\n\n                                <p>- Ultrasonically welded seams</p>\n\n                                <p>This is a unisex item, please check our clothing &amp; footwear sizing guide for specific Rains jacket sizing information. RAINS comes from the rainy nation of Denmark at the edge of the European continent, close to the ocean and with prevailing westerly winds; all factors that contribute to an average of 121 rain days each year. Arising from these rainy weather conditions comes the attitude that a quick rain shower may be beautiful, as well as moody- but first and foremost requires the right outfit. Rains focus on the whole experience of going outside on rainy days, issuing an invitation to explore even in the most mercurial weather.</p>','published','[\"products\\/product-89.jpg\",\"products\\/product-9.jpg\",\"products\\/product-61.jpg\",\"products\\/product-6.jpg\",\"products\\/product-12.jpg\",\"products\\/product-7.jpg\"]',NULL,'NC-194-A0',0,17,0,1,1,6,0,0,443,398.7,NULL,NULL,18.00,13.00,13.00,807.00,NULL,134731,'2024-11-20 02:45:44','2024-11-20 02:45:47','in_stock',0,'Botble\\ACL\\Models\\User',NULL,'physical',NULL,NULL,0,0,0,0,1),(5,'Evo Lightweight Granite Shirt','<p>Short Hooded Coat features a straight body, large pockets with button flaps, ventilation air holes, and a string detail along the hemline.</p>','<p>Short Hooded Coat features a straight body, large pockets with button flaps, ventilation air holes, and a string detail along the hemline. The style is completed with a drawstring hood, featuring Rains’ signature built-in cap. Made from waterproof, matte PU, this lightweight unisex rain jacket is an ode to nostalgia through its classic silhouette and utilitarian design details.</p>\n                                <p>- Casual unisex fit</p>\n\n                                <p>- 64% polyester, 36% polyurethane</p>\n\n                                <p>- Water column pressure: 4000 mm</p>\n\n                                <p>- Model is 187cm tall and wearing a size S / M</p>\n\n                                <p>- Unisex fit</p>\n\n                                <p>- Drawstring hood with built-in cap</p>\n\n                                <p>- Front placket with snap buttons</p>\n\n                                <p>- Ventilation under armpit</p>\n\n                                <p>- Adjustable cuffs</p>\n\n                                <p>- Double welted front pockets</p>\n\n                                <p>- Adjustable elastic string at hempen</p>\n\n                                <p>- Ultrasonically welded seams</p>\n\n                                <p>This is a unisex item, please check our clothing &amp; footwear sizing guide for specific Rains jacket sizing information. RAINS comes from the rainy nation of Denmark at the edge of the European continent, close to the ocean and with prevailing westerly winds; all factors that contribute to an average of 121 rain days each year. Arising from these rainy weather conditions comes the attitude that a quick rain shower may be beautiful, as well as moody- but first and foremost requires the right outfit. Rains focus on the whole experience of going outside on rainy days, issuing an invitation to explore even in the most mercurial weather.</p>','published','[\"products\\/product-91.jpg\",\"products\\/product-44.jpg\",\"products\\/product-29.jpg\",\"products\\/product-9.jpg\",\"products\\/product-52.jpg\"]',NULL,'NC-150-A0',0,19,0,1,1,3,0,0,228,NULL,NULL,NULL,13.00,11.00,13.00,765.00,NULL,58356,'2024-11-20 02:45:44','2024-11-20 02:45:47','in_stock',0,'Botble\\ACL\\Models\\User',NULL,'digital',NULL,NULL,0,0,0,0,1),(6,'CLCo. Incredible Paper Car','<p>Short Hooded Coat features a straight body, large pockets with button flaps, ventilation air holes, and a string detail along the hemline.</p>','<p>Short Hooded Coat features a straight body, large pockets with button flaps, ventilation air holes, and a string detail along the hemline. The style is completed with a drawstring hood, featuring Rains’ signature built-in cap. Made from waterproof, matte PU, this lightweight unisex rain jacket is an ode to nostalgia through its classic silhouette and utilitarian design details.</p>\n                                <p>- Casual unisex fit</p>\n\n                                <p>- 64% polyester, 36% polyurethane</p>\n\n                                <p>- Water column pressure: 4000 mm</p>\n\n                                <p>- Model is 187cm tall and wearing a size S / M</p>\n\n                                <p>- Unisex fit</p>\n\n                                <p>- Drawstring hood with built-in cap</p>\n\n                                <p>- Front placket with snap buttons</p>\n\n                                <p>- Ventilation under armpit</p>\n\n                                <p>- Adjustable cuffs</p>\n\n                                <p>- Double welted front pockets</p>\n\n                                <p>- Adjustable elastic string at hempen</p>\n\n                                <p>- Ultrasonically welded seams</p>\n\n                                <p>This is a unisex item, please check our clothing &amp; footwear sizing guide for specific Rains jacket sizing information. RAINS comes from the rainy nation of Denmark at the edge of the European continent, close to the ocean and with prevailing westerly winds; all factors that contribute to an average of 121 rain days each year. Arising from these rainy weather conditions comes the attitude that a quick rain shower may be beautiful, as well as moody- but first and foremost requires the right outfit. Rains focus on the whole experience of going outside on rainy days, issuing an invitation to explore even in the most mercurial weather.</p>','published','[\"products\\/product-61.jpg\",\"products\\/product-87.jpg\",\"products\\/product-4.jpg\",\"products\\/product-36.jpg\",\"products\\/product-94.jpg\"]',NULL,'NC-170-A0',0,12,0,1,1,1,0,0,418,NULL,NULL,NULL,12.00,11.00,20.00,530.00,NULL,118074,'2024-11-20 02:45:44','2024-11-20 02:45:47','in_stock',0,'Botble\\ACL\\Models\\User',NULL,'physical',NULL,NULL,0,0,0,0,2),(7,'Progash Durable Granite Hat','<p>Short Hooded Coat features a straight body, large pockets with button flaps, ventilation air holes, and a string detail along the hemline.</p>','<p>Short Hooded Coat features a straight body, large pockets with button flaps, ventilation air holes, and a string detail along the hemline. The style is completed with a drawstring hood, featuring Rains’ signature built-in cap. Made from waterproof, matte PU, this lightweight unisex rain jacket is an ode to nostalgia through its classic silhouette and utilitarian design details.</p>\n                                <p>- Casual unisex fit</p>\n\n                                <p>- 64% polyester, 36% polyurethane</p>\n\n                                <p>- Water column pressure: 4000 mm</p>\n\n                                <p>- Model is 187cm tall and wearing a size S / M</p>\n\n                                <p>- Unisex fit</p>\n\n                                <p>- Drawstring hood with built-in cap</p>\n\n                                <p>- Front placket with snap buttons</p>\n\n                                <p>- Ventilation under armpit</p>\n\n                                <p>- Adjustable cuffs</p>\n\n                                <p>- Double welted front pockets</p>\n\n                                <p>- Adjustable elastic string at hempen</p>\n\n                                <p>- Ultrasonically welded seams</p>\n\n                                <p>This is a unisex item, please check our clothing &amp; footwear sizing guide for specific Rains jacket sizing information. RAINS comes from the rainy nation of Denmark at the edge of the European continent, close to the ocean and with prevailing westerly winds; all factors that contribute to an average of 121 rain days each year. Arising from these rainy weather conditions comes the attitude that a quick rain shower may be beautiful, as well as moody- but first and foremost requires the right outfit. Rains focus on the whole experience of going outside on rainy days, issuing an invitation to explore even in the most mercurial weather.</p>','published','[\"products\\/product-9.jpg\",\"products\\/product-66.jpg\",\"products\\/product-54.jpg\",\"products\\/product-62.jpg\",\"products\\/product-71.jpg\"]',NULL,'NC-167-A0',0,20,0,1,1,6,0,0,338,NULL,NULL,NULL,13.00,19.00,19.00,624.00,NULL,154724,'2024-11-20 02:45:44','2024-11-20 02:45:47','in_stock',0,'Botble\\ACL\\Models\\User',NULL,'physical',NULL,NULL,0,0,0,0,1),(8,'Purab Enormous Miranda Bottle','<p>Short Hooded Coat features a straight body, large pockets with button flaps, ventilation air holes, and a string detail along the hemline.</p>','<p>Short Hooded Coat features a straight body, large pockets with button flaps, ventilation air holes, and a string detail along the hemline. The style is completed with a drawstring hood, featuring Rains’ signature built-in cap. Made from waterproof, matte PU, this lightweight unisex rain jacket is an ode to nostalgia through its classic silhouette and utilitarian design details.</p>\n                                <p>- Casual unisex fit</p>\n\n                                <p>- 64% polyester, 36% polyurethane</p>\n\n                                <p>- Water column pressure: 4000 mm</p>\n\n                                <p>- Model is 187cm tall and wearing a size S / M</p>\n\n                                <p>- Unisex fit</p>\n\n                                <p>- Drawstring hood with built-in cap</p>\n\n                                <p>- Front placket with snap buttons</p>\n\n                                <p>- Ventilation under armpit</p>\n\n                                <p>- Adjustable cuffs</p>\n\n                                <p>- Double welted front pockets</p>\n\n                                <p>- Adjustable elastic string at hempen</p>\n\n                                <p>- Ultrasonically welded seams</p>\n\n                                <p>This is a unisex item, please check our clothing &amp; footwear sizing guide for specific Rains jacket sizing information. RAINS comes from the rainy nation of Denmark at the edge of the European continent, close to the ocean and with prevailing westerly winds; all factors that contribute to an average of 121 rain days each year. Arising from these rainy weather conditions comes the attitude that a quick rain shower may be beautiful, as well as moody- but first and foremost requires the right outfit. Rains focus on the whole experience of going outside on rainy days, issuing an invitation to explore even in the most mercurial weather.</p>','published','[\"products\\/product-57.jpg\",\"products\\/product-5.jpg\",\"products\\/product-46.jpg\",\"products\\/product-95.jpg\",\"products\\/product-8.jpg\",\"products\\/product-89.jpg\",\"products\\/product-70.jpg\",\"products\\/product-59.jpg\",\"products\\/product-52.jpg\",\"products\\/product-65.jpg\",\"products\\/product-26.jpg\"]',NULL,'NC-126-A0',0,14,0,1,1,4,0,0,221,179.01,NULL,NULL,12.00,15.00,15.00,605.00,NULL,45712,'2024-11-20 02:45:44','2024-11-20 02:45:47','in_stock',0,'Botble\\ACL\\Models\\User',NULL,'physical',NULL,NULL,0,0,0,0,2),(9,'Miklonda Co. Crafted Candles','<p>Short Hooded Coat features a straight body, large pockets with button flaps, ventilation air holes, and a string detail along the hemline.</p>','<p>Short Hooded Coat features a straight body, large pockets with button flaps, ventilation air holes, and a string detail along the hemline. The style is completed with a drawstring hood, featuring Rains’ signature built-in cap. Made from waterproof, matte PU, this lightweight unisex rain jacket is an ode to nostalgia through its classic silhouette and utilitarian design details.</p>\n                                <p>- Casual unisex fit</p>\n\n                                <p>- 64% polyester, 36% polyurethane</p>\n\n                                <p>- Water column pressure: 4000 mm</p>\n\n                                <p>- Model is 187cm tall and wearing a size S / M</p>\n\n                                <p>- Unisex fit</p>\n\n                                <p>- Drawstring hood with built-in cap</p>\n\n                                <p>- Front placket with snap buttons</p>\n\n                                <p>- Ventilation under armpit</p>\n\n                                <p>- Adjustable cuffs</p>\n\n                                <p>- Double welted front pockets</p>\n\n                                <p>- Adjustable elastic string at hempen</p>\n\n                                <p>- Ultrasonically welded seams</p>\n\n                                <p>This is a unisex item, please check our clothing &amp; footwear sizing guide for specific Rains jacket sizing information. RAINS comes from the rainy nation of Denmark at the edge of the European continent, close to the ocean and with prevailing westerly winds; all factors that contribute to an average of 121 rain days each year. Arising from these rainy weather conditions comes the attitude that a quick rain shower may be beautiful, as well as moody- but first and foremost requires the right outfit. Rains focus on the whole experience of going outside on rainy days, issuing an invitation to explore even in the most mercurial weather.</p>','published','[\"products\\/product-50.jpg\",\"products\\/product-66.jpg\",\"products\\/product-29.jpg\",\"products\\/product-60.jpg\",\"products\\/product-70.jpg\",\"products\\/product-34.jpg\",\"products\\/product-46.jpg\",\"products\\/product-78.jpg\"]',NULL,'NC-160-A0',0,14,0,1,1,7,0,0,379,NULL,NULL,NULL,19.00,14.00,17.00,867.00,NULL,43215,'2024-11-20 02:45:44','2024-11-20 02:45:47','in_stock',0,'Botble\\ACL\\Models\\User',NULL,'digital',NULL,NULL,0,0,0,0,1),(10,'Pinkol Enormous Granite Bottle','<p>Short Hooded Coat features a straight body, large pockets with button flaps, ventilation air holes, and a string detail along the hemline.</p>','<p>Short Hooded Coat features a straight body, large pockets with button flaps, ventilation air holes, and a string detail along the hemline. The style is completed with a drawstring hood, featuring Rains’ signature built-in cap. Made from waterproof, matte PU, this lightweight unisex rain jacket is an ode to nostalgia through its classic silhouette and utilitarian design details.</p>\n                                <p>- Casual unisex fit</p>\n\n                                <p>- 64% polyester, 36% polyurethane</p>\n\n                                <p>- Water column pressure: 4000 mm</p>\n\n                                <p>- Model is 187cm tall and wearing a size S / M</p>\n\n                                <p>- Unisex fit</p>\n\n                                <p>- Drawstring hood with built-in cap</p>\n\n                                <p>- Front placket with snap buttons</p>\n\n                                <p>- Ventilation under armpit</p>\n\n                                <p>- Adjustable cuffs</p>\n\n                                <p>- Double welted front pockets</p>\n\n                                <p>- Adjustable elastic string at hempen</p>\n\n                                <p>- Ultrasonically welded seams</p>\n\n                                <p>This is a unisex item, please check our clothing &amp; footwear sizing guide for specific Rains jacket sizing information. RAINS comes from the rainy nation of Denmark at the edge of the European continent, close to the ocean and with prevailing westerly winds; all factors that contribute to an average of 121 rain days each year. Arising from these rainy weather conditions comes the attitude that a quick rain shower may be beautiful, as well as moody- but first and foremost requires the right outfit. Rains focus on the whole experience of going outside on rainy days, issuing an invitation to explore even in the most mercurial weather.</p>','published','[\"products\\/product-37.jpg\",\"products\\/product-38.jpg\",\"products\\/product-86.jpg\",\"products\\/product-11.jpg\",\"products\\/product-81.jpg\",\"products\\/product-26.jpg\",\"products\\/product-39.jpg\",\"products\\/product-5.jpg\",\"products\\/product-16.jpg\",\"products\\/product-36.jpg\",\"products\\/product-31.jpg\",\"products\\/product-70.jpg\"]',NULL,'NC-196-A0',0,15,0,1,0,1,0,0,467,NULL,NULL,NULL,19.00,17.00,10.00,820.00,NULL,5803,'2024-11-20 02:45:44','2024-11-20 02:45:47','in_stock',0,'Botble\\ACL\\Models\\User',NULL,'physical',NULL,NULL,0,0,0,0,1),(11,'Dual Camera 20MP','<p>Short Hooded Coat features a straight body, large pockets with button flaps, ventilation air holes, and a string detail along the hemline.</p>','<p>Short Hooded Coat features a straight body, large pockets with button flaps, ventilation air holes, and a string detail along the hemline. The style is completed with a drawstring hood, featuring Rains’ signature built-in cap. Made from waterproof, matte PU, this lightweight unisex rain jacket is an ode to nostalgia through its classic silhouette and utilitarian design details.</p>\n                                <p>- Casual unisex fit</p>\n\n                                <p>- 64% polyester, 36% polyurethane</p>\n\n                                <p>- Water column pressure: 4000 mm</p>\n\n                                <p>- Model is 187cm tall and wearing a size S / M</p>\n\n                                <p>- Unisex fit</p>\n\n                                <p>- Drawstring hood with built-in cap</p>\n\n                                <p>- Front placket with snap buttons</p>\n\n                                <p>- Ventilation under armpit</p>\n\n                                <p>- Adjustable cuffs</p>\n\n                                <p>- Double welted front pockets</p>\n\n                                <p>- Adjustable elastic string at hempen</p>\n\n                                <p>- Ultrasonically welded seams</p>\n\n                                <p>This is a unisex item, please check our clothing &amp; footwear sizing guide for specific Rains jacket sizing information. RAINS comes from the rainy nation of Denmark at the edge of the European continent, close to the ocean and with prevailing westerly winds; all factors that contribute to an average of 121 rain days each year. Arising from these rainy weather conditions comes the attitude that a quick rain shower may be beautiful, as well as moody- but first and foremost requires the right outfit. Rains focus on the whole experience of going outside on rainy days, issuing an invitation to explore even in the most mercurial weather.</p>','published','[\"products\\/product-52.jpg\",\"products\\/product-92.jpg\",\"products\\/product-3.jpg\",\"products\\/product-23.jpg\",\"products\\/product-88.jpg\",\"products\\/product-79.jpg\",\"products\\/product-70.jpg\",\"products\\/product-85.jpg\",\"products\\/product-27.jpg\",\"products\\/product-47.jpg\"]',NULL,'NC-151-A0',0,11,0,1,0,7,0,0,448,NULL,NULL,NULL,19.00,20.00,12.00,783.00,NULL,41045,'2024-11-20 02:45:44','2024-11-20 02:45:47','in_stock',0,'Botble\\ACL\\Models\\User',NULL,'physical',NULL,NULL,0,0,0,0,1),(12,'Smart Watches','<p>Short Hooded Coat features a straight body, large pockets with button flaps, ventilation air holes, and a string detail along the hemline.</p>','<p>Short Hooded Coat features a straight body, large pockets with button flaps, ventilation air holes, and a string detail along the hemline. The style is completed with a drawstring hood, featuring Rains’ signature built-in cap. Made from waterproof, matte PU, this lightweight unisex rain jacket is an ode to nostalgia through its classic silhouette and utilitarian design details.</p>\n                                <p>- Casual unisex fit</p>\n\n                                <p>- 64% polyester, 36% polyurethane</p>\n\n                                <p>- Water column pressure: 4000 mm</p>\n\n                                <p>- Model is 187cm tall and wearing a size S / M</p>\n\n                                <p>- Unisex fit</p>\n\n                                <p>- Drawstring hood with built-in cap</p>\n\n                                <p>- Front placket with snap buttons</p>\n\n                                <p>- Ventilation under armpit</p>\n\n                                <p>- Adjustable cuffs</p>\n\n                                <p>- Double welted front pockets</p>\n\n                                <p>- Adjustable elastic string at hempen</p>\n\n                                <p>- Ultrasonically welded seams</p>\n\n                                <p>This is a unisex item, please check our clothing &amp; footwear sizing guide for specific Rains jacket sizing information. RAINS comes from the rainy nation of Denmark at the edge of the European continent, close to the ocean and with prevailing westerly winds; all factors that contribute to an average of 121 rain days each year. Arising from these rainy weather conditions comes the attitude that a quick rain shower may be beautiful, as well as moody- but first and foremost requires the right outfit. Rains focus on the whole experience of going outside on rainy days, issuing an invitation to explore even in the most mercurial weather.</p>','published','[\"products\\/product-82.jpg\",\"products\\/product-9.jpg\",\"products\\/product-39.jpg\",\"products\\/product-51.jpg\",\"products\\/product-17.jpg\",\"products\\/product-37.jpg\"]',NULL,'NC-179-A0',0,17,0,1,0,4,0,0,450,337.5,NULL,NULL,13.00,13.00,13.00,847.00,NULL,43950,'2024-11-20 02:45:44','2024-11-20 02:45:47','in_stock',0,'Botble\\ACL\\Models\\User',NULL,'physical',NULL,NULL,0,0,0,0,1),(13,'Beat Headphone','<p>Short Hooded Coat features a straight body, large pockets with button flaps, ventilation air holes, and a string detail along the hemline.</p>','<p>Short Hooded Coat features a straight body, large pockets with button flaps, ventilation air holes, and a string detail along the hemline. The style is completed with a drawstring hood, featuring Rains’ signature built-in cap. Made from waterproof, matte PU, this lightweight unisex rain jacket is an ode to nostalgia through its classic silhouette and utilitarian design details.</p>\n                                <p>- Casual unisex fit</p>\n\n                                <p>- 64% polyester, 36% polyurethane</p>\n\n                                <p>- Water column pressure: 4000 mm</p>\n\n                                <p>- Model is 187cm tall and wearing a size S / M</p>\n\n                                <p>- Unisex fit</p>\n\n                                <p>- Drawstring hood with built-in cap</p>\n\n                                <p>- Front placket with snap buttons</p>\n\n                                <p>- Ventilation under armpit</p>\n\n                                <p>- Adjustable cuffs</p>\n\n                                <p>- Double welted front pockets</p>\n\n                                <p>- Adjustable elastic string at hempen</p>\n\n                                <p>- Ultrasonically welded seams</p>\n\n                                <p>This is a unisex item, please check our clothing &amp; footwear sizing guide for specific Rains jacket sizing information. RAINS comes from the rainy nation of Denmark at the edge of the European continent, close to the ocean and with prevailing westerly winds; all factors that contribute to an average of 121 rain days each year. Arising from these rainy weather conditions comes the attitude that a quick rain shower may be beautiful, as well as moody- but first and foremost requires the right outfit. Rains focus on the whole experience of going outside on rainy days, issuing an invitation to explore even in the most mercurial weather.</p>','published','[\"products\\/product-90.jpg\",\"products\\/product-39.jpg\",\"products\\/product-52.jpg\",\"products\\/product-84.jpg\",\"products\\/product-50.jpg\",\"products\\/product-38.jpg\",\"products\\/product-14.jpg\",\"products\\/product-45.jpg\"]',NULL,'NC-146-A0',0,15,0,1,1,4,0,0,460,NULL,NULL,NULL,17.00,11.00,14.00,628.00,NULL,73764,'2024-11-20 02:45:44','2024-11-20 02:45:47','in_stock',0,'Botble\\ACL\\Models\\User',NULL,'digital',NULL,NULL,0,0,0,0,2),(14,'Red &amp; Black Headphone','<p>Short Hooded Coat features a straight body, large pockets with button flaps, ventilation air holes, and a string detail along the hemline.</p>','<p>Short Hooded Coat features a straight body, large pockets with button flaps, ventilation air holes, and a string detail along the hemline. The style is completed with a drawstring hood, featuring Rains’ signature built-in cap. Made from waterproof, matte PU, this lightweight unisex rain jacket is an ode to nostalgia through its classic silhouette and utilitarian design details.</p>\n                                <p>- Casual unisex fit</p>\n\n                                <p>- 64% polyester, 36% polyurethane</p>\n\n                                <p>- Water column pressure: 4000 mm</p>\n\n                                <p>- Model is 187cm tall and wearing a size S / M</p>\n\n                                <p>- Unisex fit</p>\n\n                                <p>- Drawstring hood with built-in cap</p>\n\n                                <p>- Front placket with snap buttons</p>\n\n                                <p>- Ventilation under armpit</p>\n\n                                <p>- Adjustable cuffs</p>\n\n                                <p>- Double welted front pockets</p>\n\n                                <p>- Adjustable elastic string at hempen</p>\n\n                                <p>- Ultrasonically welded seams</p>\n\n                                <p>This is a unisex item, please check our clothing &amp; footwear sizing guide for specific Rains jacket sizing information. RAINS comes from the rainy nation of Denmark at the edge of the European continent, close to the ocean and with prevailing westerly winds; all factors that contribute to an average of 121 rain days each year. Arising from these rainy weather conditions comes the attitude that a quick rain shower may be beautiful, as well as moody- but first and foremost requires the right outfit. Rains focus on the whole experience of going outside on rainy days, issuing an invitation to explore even in the most mercurial weather.</p>','published','[\"products\\/product-29.jpg\",\"products\\/product-74.jpg\",\"products\\/product-72.jpg\",\"products\\/product-73.jpg\",\"products\\/product-40.jpg\",\"products\\/product-47.jpg\",\"products\\/product-45.jpg\",\"products\\/product-60.jpg\",\"products\\/product-66.jpg\",\"products\\/product-63.jpg\",\"products\\/product-48.jpg\"]',NULL,'NC-173-A0',0,14,0,1,1,4,0,0,324,NULL,NULL,NULL,17.00,11.00,14.00,689.00,NULL,180114,'2024-11-20 02:45:44','2024-11-20 02:45:47','in_stock',0,'Botble\\ACL\\Models\\User',NULL,'physical',NULL,NULL,0,0,0,0,1),(15,'Smart Watch External','<p>Short Hooded Coat features a straight body, large pockets with button flaps, ventilation air holes, and a string detail along the hemline.</p>','<p>Short Hooded Coat features a straight body, large pockets with button flaps, ventilation air holes, and a string detail along the hemline. The style is completed with a drawstring hood, featuring Rains’ signature built-in cap. Made from waterproof, matte PU, this lightweight unisex rain jacket is an ode to nostalgia through its classic silhouette and utilitarian design details.</p>\n                                <p>- Casual unisex fit</p>\n\n                                <p>- 64% polyester, 36% polyurethane</p>\n\n                                <p>- Water column pressure: 4000 mm</p>\n\n                                <p>- Model is 187cm tall and wearing a size S / M</p>\n\n                                <p>- Unisex fit</p>\n\n                                <p>- Drawstring hood with built-in cap</p>\n\n                                <p>- Front placket with snap buttons</p>\n\n                                <p>- Ventilation under armpit</p>\n\n                                <p>- Adjustable cuffs</p>\n\n                                <p>- Double welted front pockets</p>\n\n                                <p>- Adjustable elastic string at hempen</p>\n\n                                <p>- Ultrasonically welded seams</p>\n\n                                <p>This is a unisex item, please check our clothing &amp; footwear sizing guide for specific Rains jacket sizing information. RAINS comes from the rainy nation of Denmark at the edge of the European continent, close to the ocean and with prevailing westerly winds; all factors that contribute to an average of 121 rain days each year. Arising from these rainy weather conditions comes the attitude that a quick rain shower may be beautiful, as well as moody- but first and foremost requires the right outfit. Rains focus on the whole experience of going outside on rainy days, issuing an invitation to explore even in the most mercurial weather.</p>','published','[\"products\\/product-86.jpg\",\"products\\/product-92.jpg\",\"products\\/product-51.jpg\",\"products\\/product-66.jpg\",\"products\\/product-12.jpg\"]',NULL,'NC-169-A0',0,11,0,1,0,6,0,0,205,NULL,NULL,NULL,14.00,17.00,13.00,699.00,NULL,40051,'2024-11-20 02:45:44','2024-11-20 02:45:47','in_stock',0,'Botble\\ACL\\Models\\User',NULL,'physical',NULL,NULL,0,0,0,0,2),(16,'Nikon HD camera','<p>Short Hooded Coat features a straight body, large pockets with button flaps, ventilation air holes, and a string detail along the hemline.</p>','<p>Short Hooded Coat features a straight body, large pockets with button flaps, ventilation air holes, and a string detail along the hemline. The style is completed with a drawstring hood, featuring Rains’ signature built-in cap. Made from waterproof, matte PU, this lightweight unisex rain jacket is an ode to nostalgia through its classic silhouette and utilitarian design details.</p>\n                                <p>- Casual unisex fit</p>\n\n                                <p>- 64% polyester, 36% polyurethane</p>\n\n                                <p>- Water column pressure: 4000 mm</p>\n\n                                <p>- Model is 187cm tall and wearing a size S / M</p>\n\n                                <p>- Unisex fit</p>\n\n                                <p>- Drawstring hood with built-in cap</p>\n\n                                <p>- Front placket with snap buttons</p>\n\n                                <p>- Ventilation under armpit</p>\n\n                                <p>- Adjustable cuffs</p>\n\n                                <p>- Double welted front pockets</p>\n\n                                <p>- Adjustable elastic string at hempen</p>\n\n                                <p>- Ultrasonically welded seams</p>\n\n                                <p>This is a unisex item, please check our clothing &amp; footwear sizing guide for specific Rains jacket sizing information. RAINS comes from the rainy nation of Denmark at the edge of the European continent, close to the ocean and with prevailing westerly winds; all factors that contribute to an average of 121 rain days each year. Arising from these rainy weather conditions comes the attitude that a quick rain shower may be beautiful, as well as moody- but first and foremost requires the right outfit. Rains focus on the whole experience of going outside on rainy days, issuing an invitation to explore even in the most mercurial weather.</p>','published','[\"products\\/product-41.jpg\",\"products\\/product-71.jpg\",\"products\\/product-30.jpg\",\"products\\/product-43.jpg\",\"products\\/product-21.jpg\",\"products\\/product-3.jpg\",\"products\\/product-67.jpg\",\"products\\/product-60.jpg\",\"products\\/product-53.jpg\",\"products\\/product-5.jpg\",\"products\\/product-37.jpg\",\"products\\/product-82.jpg\"]',NULL,'NC-151-A0',0,19,0,1,0,4,0,0,315,261.45,NULL,NULL,17.00,12.00,20.00,728.00,NULL,194280,'2024-11-20 02:45:44','2024-11-20 02:45:47','in_stock',0,'Botble\\ACL\\Models\\User',NULL,'physical',NULL,NULL,0,0,0,0,1),(17,'Audio Equipment','<p>Short Hooded Coat features a straight body, large pockets with button flaps, ventilation air holes, and a string detail along the hemline.</p>','<p>Short Hooded Coat features a straight body, large pockets with button flaps, ventilation air holes, and a string detail along the hemline. The style is completed with a drawstring hood, featuring Rains’ signature built-in cap. Made from waterproof, matte PU, this lightweight unisex rain jacket is an ode to nostalgia through its classic silhouette and utilitarian design details.</p>\n                                <p>- Casual unisex fit</p>\n\n                                <p>- 64% polyester, 36% polyurethane</p>\n\n                                <p>- Water column pressure: 4000 mm</p>\n\n                                <p>- Model is 187cm tall and wearing a size S / M</p>\n\n                                <p>- Unisex fit</p>\n\n                                <p>- Drawstring hood with built-in cap</p>\n\n                                <p>- Front placket with snap buttons</p>\n\n                                <p>- Ventilation under armpit</p>\n\n                                <p>- Adjustable cuffs</p>\n\n                                <p>- Double welted front pockets</p>\n\n                                <p>- Adjustable elastic string at hempen</p>\n\n                                <p>- Ultrasonically welded seams</p>\n\n                                <p>This is a unisex item, please check our clothing &amp; footwear sizing guide for specific Rains jacket sizing information. RAINS comes from the rainy nation of Denmark at the edge of the European continent, close to the ocean and with prevailing westerly winds; all factors that contribute to an average of 121 rain days each year. Arising from these rainy weather conditions comes the attitude that a quick rain shower may be beautiful, as well as moody- but first and foremost requires the right outfit. Rains focus on the whole experience of going outside on rainy days, issuing an invitation to explore even in the most mercurial weather.</p>','published','[\"products\\/product-49.jpg\",\"products\\/product-31.jpg\",\"products\\/product-8.jpg\",\"products\\/product-82.jpg\",\"products\\/product-34.jpg\",\"products\\/product-54.jpg\",\"products\\/product-43.jpg\",\"products\\/product-72.jpg\",\"products\\/product-77.jpg\",\"products\\/product-39.jpg\",\"products\\/product-52.jpg\",\"products\\/product-93.jpg\"]',NULL,'NC-117-A0',0,12,0,1,1,3,0,0,230,NULL,NULL,NULL,15.00,10.00,12.00,699.00,NULL,179159,'2024-11-20 02:45:44','2024-11-20 02:45:47','in_stock',0,'Botble\\ACL\\Models\\User',NULL,'digital',NULL,NULL,0,0,0,0,2),(18,'Smart Televisions','<p>Short Hooded Coat features a straight body, large pockets with button flaps, ventilation air holes, and a string detail along the hemline.</p>','<p>Short Hooded Coat features a straight body, large pockets with button flaps, ventilation air holes, and a string detail along the hemline. The style is completed with a drawstring hood, featuring Rains’ signature built-in cap. Made from waterproof, matte PU, this lightweight unisex rain jacket is an ode to nostalgia through its classic silhouette and utilitarian design details.</p>\n                                <p>- Casual unisex fit</p>\n\n                                <p>- 64% polyester, 36% polyurethane</p>\n\n                                <p>- Water column pressure: 4000 mm</p>\n\n                                <p>- Model is 187cm tall and wearing a size S / M</p>\n\n                                <p>- Unisex fit</p>\n\n                                <p>- Drawstring hood with built-in cap</p>\n\n                                <p>- Front placket with snap buttons</p>\n\n                                <p>- Ventilation under armpit</p>\n\n                                <p>- Adjustable cuffs</p>\n\n                                <p>- Double welted front pockets</p>\n\n                                <p>- Adjustable elastic string at hempen</p>\n\n                                <p>- Ultrasonically welded seams</p>\n\n                                <p>This is a unisex item, please check our clothing &amp; footwear sizing guide for specific Rains jacket sizing information. RAINS comes from the rainy nation of Denmark at the edge of the European continent, close to the ocean and with prevailing westerly winds; all factors that contribute to an average of 121 rain days each year. Arising from these rainy weather conditions comes the attitude that a quick rain shower may be beautiful, as well as moody- but first and foremost requires the right outfit. Rains focus on the whole experience of going outside on rainy days, issuing an invitation to explore even in the most mercurial weather.</p>','published','[\"products\\/product-59.jpg\",\"products\\/product-32.jpg\",\"products\\/product-68.jpg\",\"products\\/product-37.jpg\",\"products\\/product-79.jpg\",\"products\\/product-30.jpg\",\"products\\/product-78.jpg\",\"products\\/product-81.jpg\"]',NULL,'NC-173-A0',0,13,0,1,1,2,0,0,328,NULL,NULL,NULL,19.00,14.00,17.00,638.00,NULL,161369,'2024-11-20 02:45:44','2024-11-20 02:45:47','in_stock',0,'Botble\\ACL\\Models\\User',NULL,'physical',NULL,NULL,0,0,0,0,2),(19,'Samsung Smart Phone','<p>Short Hooded Coat features a straight body, large pockets with button flaps, ventilation air holes, and a string detail along the hemline.</p>','<p>Short Hooded Coat features a straight body, large pockets with button flaps, ventilation air holes, and a string detail along the hemline. The style is completed with a drawstring hood, featuring Rains’ signature built-in cap. Made from waterproof, matte PU, this lightweight unisex rain jacket is an ode to nostalgia through its classic silhouette and utilitarian design details.</p>\n                                <p>- Casual unisex fit</p>\n\n                                <p>- 64% polyester, 36% polyurethane</p>\n\n                                <p>- Water column pressure: 4000 mm</p>\n\n                                <p>- Model is 187cm tall and wearing a size S / M</p>\n\n                                <p>- Unisex fit</p>\n\n                                <p>- Drawstring hood with built-in cap</p>\n\n                                <p>- Front placket with snap buttons</p>\n\n                                <p>- Ventilation under armpit</p>\n\n                                <p>- Adjustable cuffs</p>\n\n                                <p>- Double welted front pockets</p>\n\n                                <p>- Adjustable elastic string at hempen</p>\n\n                                <p>- Ultrasonically welded seams</p>\n\n                                <p>This is a unisex item, please check our clothing &amp; footwear sizing guide for specific Rains jacket sizing information. RAINS comes from the rainy nation of Denmark at the edge of the European continent, close to the ocean and with prevailing westerly winds; all factors that contribute to an average of 121 rain days each year. Arising from these rainy weather conditions comes the attitude that a quick rain shower may be beautiful, as well as moody- but first and foremost requires the right outfit. Rains focus on the whole experience of going outside on rainy days, issuing an invitation to explore even in the most mercurial weather.</p>','published','[\"products\\/product-78.jpg\",\"products\\/product-75.jpg\",\"products\\/product-45.jpg\",\"products\\/product-10.jpg\",\"products\\/product-92.jpg\"]',NULL,'NC-156-A0',0,13,0,1,0,5,0,0,373,NULL,NULL,NULL,12.00,12.00,13.00,618.00,NULL,71904,'2024-11-20 02:45:44','2024-11-20 02:45:47','in_stock',0,'Botble\\ACL\\Models\\User',NULL,'physical',NULL,NULL,0,0,0,0,1),(20,'Herschel Leather Duffle Bag In Brown Color','<p>Short Hooded Coat features a straight body, large pockets with button flaps, ventilation air holes, and a string detail along the hemline.</p>','<p>Short Hooded Coat features a straight body, large pockets with button flaps, ventilation air holes, and a string detail along the hemline. The style is completed with a drawstring hood, featuring Rains’ signature built-in cap. Made from waterproof, matte PU, this lightweight unisex rain jacket is an ode to nostalgia through its classic silhouette and utilitarian design details.</p>\n                                <p>- Casual unisex fit</p>\n\n                                <p>- 64% polyester, 36% polyurethane</p>\n\n                                <p>- Water column pressure: 4000 mm</p>\n\n                                <p>- Model is 187cm tall and wearing a size S / M</p>\n\n                                <p>- Unisex fit</p>\n\n                                <p>- Drawstring hood with built-in cap</p>\n\n                                <p>- Front placket with snap buttons</p>\n\n                                <p>- Ventilation under armpit</p>\n\n                                <p>- Adjustable cuffs</p>\n\n                                <p>- Double welted front pockets</p>\n\n                                <p>- Adjustable elastic string at hempen</p>\n\n                                <p>- Ultrasonically welded seams</p>\n\n                                <p>This is a unisex item, please check our clothing &amp; footwear sizing guide for specific Rains jacket sizing information. RAINS comes from the rainy nation of Denmark at the edge of the European continent, close to the ocean and with prevailing westerly winds; all factors that contribute to an average of 121 rain days each year. Arising from these rainy weather conditions comes the attitude that a quick rain shower may be beautiful, as well as moody- but first and foremost requires the right outfit. Rains focus on the whole experience of going outside on rainy days, issuing an invitation to explore even in the most mercurial weather.</p>','published','[\"products\\/product-24.jpg\",\"products\\/product-42.jpg\",\"products\\/product-28.jpg\",\"products\\/product-23.jpg\",\"products\\/product-11.jpg\",\"products\\/product-16.jpg\",\"products\\/product-58.jpg\",\"products\\/product-30.jpg\",\"products\\/product-29.jpg\",\"products\\/product-94.jpg\"]',NULL,'NC-185-A0',0,17,0,1,0,4,0,0,294,214.62,NULL,NULL,15.00,14.00,13.00,809.00,NULL,95562,'2024-11-20 02:45:44','2024-11-20 02:45:47','in_stock',0,'Botble\\ACL\\Models\\User',NULL,'physical',NULL,NULL,0,0,0,0,1),(21,'Xbox One Wireless Controller Black Color','<p>Short Hooded Coat features a straight body, large pockets with button flaps, ventilation air holes, and a string detail along the hemline.</p>','<p>Short Hooded Coat features a straight body, large pockets with button flaps, ventilation air holes, and a string detail along the hemline. The style is completed with a drawstring hood, featuring Rains’ signature built-in cap. Made from waterproof, matte PU, this lightweight unisex rain jacket is an ode to nostalgia through its classic silhouette and utilitarian design details.</p>\n                                <p>- Casual unisex fit</p>\n\n                                <p>- 64% polyester, 36% polyurethane</p>\n\n                                <p>- Water column pressure: 4000 mm</p>\n\n                                <p>- Model is 187cm tall and wearing a size S / M</p>\n\n                                <p>- Unisex fit</p>\n\n                                <p>- Drawstring hood with built-in cap</p>\n\n                                <p>- Front placket with snap buttons</p>\n\n                                <p>- Ventilation under armpit</p>\n\n                                <p>- Adjustable cuffs</p>\n\n                                <p>- Double welted front pockets</p>\n\n                                <p>- Adjustable elastic string at hempen</p>\n\n                                <p>- Ultrasonically welded seams</p>\n\n                                <p>This is a unisex item, please check our clothing &amp; footwear sizing guide for specific Rains jacket sizing information. RAINS comes from the rainy nation of Denmark at the edge of the European continent, close to the ocean and with prevailing westerly winds; all factors that contribute to an average of 121 rain days each year. Arising from these rainy weather conditions comes the attitude that a quick rain shower may be beautiful, as well as moody- but first and foremost requires the right outfit. Rains focus on the whole experience of going outside on rainy days, issuing an invitation to explore even in the most mercurial weather.</p>','published','[\"products\\/product-49.jpg\",\"products\\/product-60.jpg\",\"products\\/product-34.jpg\",\"products\\/product-56.jpg\",\"products\\/product-38.jpg\",\"products\\/product-48.jpg\",\"products\\/product-29.jpg\",\"products\\/product-66.jpg\",\"products\\/product-70.jpg\",\"products\\/product-23.jpg\"]',NULL,'NC-101-A0',0,20,0,1,0,5,0,0,403,NULL,NULL,NULL,10.00,14.00,11.00,866.00,NULL,45542,'2024-11-20 02:45:44','2024-11-20 02:45:47','in_stock',0,'Botble\\ACL\\Models\\User',NULL,'digital',NULL,NULL,0,0,0,0,1),(22,'EPSION Plaster Printer','<p>Short Hooded Coat features a straight body, large pockets with button flaps, ventilation air holes, and a string detail along the hemline.</p>','<p>Short Hooded Coat features a straight body, large pockets with button flaps, ventilation air holes, and a string detail along the hemline. The style is completed with a drawstring hood, featuring Rains’ signature built-in cap. Made from waterproof, matte PU, this lightweight unisex rain jacket is an ode to nostalgia through its classic silhouette and utilitarian design details.</p>\n                                <p>- Casual unisex fit</p>\n\n                                <p>- 64% polyester, 36% polyurethane</p>\n\n                                <p>- Water column pressure: 4000 mm</p>\n\n                                <p>- Model is 187cm tall and wearing a size S / M</p>\n\n                                <p>- Unisex fit</p>\n\n                                <p>- Drawstring hood with built-in cap</p>\n\n                                <p>- Front placket with snap buttons</p>\n\n                                <p>- Ventilation under armpit</p>\n\n                                <p>- Adjustable cuffs</p>\n\n                                <p>- Double welted front pockets</p>\n\n                                <p>- Adjustable elastic string at hempen</p>\n\n                                <p>- Ultrasonically welded seams</p>\n\n                                <p>This is a unisex item, please check our clothing &amp; footwear sizing guide for specific Rains jacket sizing information. RAINS comes from the rainy nation of Denmark at the edge of the European continent, close to the ocean and with prevailing westerly winds; all factors that contribute to an average of 121 rain days each year. Arising from these rainy weather conditions comes the attitude that a quick rain shower may be beautiful, as well as moody- but first and foremost requires the right outfit. Rains focus on the whole experience of going outside on rainy days, issuing an invitation to explore even in the most mercurial weather.</p>','published','[\"products\\/product-60.jpg\",\"products\\/product-82.jpg\",\"products\\/product-31.jpg\",\"products\\/product-34.jpg\",\"products\\/product-93.jpg\",\"products\\/product-14.jpg\",\"products\\/product-29.jpg\",\"products\\/product-88.jpg\"]',NULL,'NC-151-A0',0,20,0,1,1,3,0,0,218,NULL,NULL,NULL,16.00,16.00,11.00,593.00,NULL,103654,'2024-11-20 02:45:44','2024-11-20 02:45:47','in_stock',0,'Botble\\ACL\\Models\\User',NULL,'physical',NULL,NULL,0,0,0,0,1),(23,'Sound Intone I65 Earphone White Version','<p>Short Hooded Coat features a straight body, large pockets with button flaps, ventilation air holes, and a string detail along the hemline.</p>','<p>Short Hooded Coat features a straight body, large pockets with button flaps, ventilation air holes, and a string detail along the hemline. The style is completed with a drawstring hood, featuring Rains’ signature built-in cap. Made from waterproof, matte PU, this lightweight unisex rain jacket is an ode to nostalgia through its classic silhouette and utilitarian design details.</p>\n                                <p>- Casual unisex fit</p>\n\n                                <p>- 64% polyester, 36% polyurethane</p>\n\n                                <p>- Water column pressure: 4000 mm</p>\n\n                                <p>- Model is 187cm tall and wearing a size S / M</p>\n\n                                <p>- Unisex fit</p>\n\n                                <p>- Drawstring hood with built-in cap</p>\n\n                                <p>- Front placket with snap buttons</p>\n\n                                <p>- Ventilation under armpit</p>\n\n                                <p>- Adjustable cuffs</p>\n\n                                <p>- Double welted front pockets</p>\n\n                                <p>- Adjustable elastic string at hempen</p>\n\n                                <p>- Ultrasonically welded seams</p>\n\n                                <p>This is a unisex item, please check our clothing &amp; footwear sizing guide for specific Rains jacket sizing information. RAINS comes from the rainy nation of Denmark at the edge of the European continent, close to the ocean and with prevailing westerly winds; all factors that contribute to an average of 121 rain days each year. Arising from these rainy weather conditions comes the attitude that a quick rain shower may be beautiful, as well as moody- but first and foremost requires the right outfit. Rains focus on the whole experience of going outside on rainy days, issuing an invitation to explore even in the most mercurial weather.</p>','published','[\"products\\/product-10.jpg\",\"products\\/product-35.jpg\",\"products\\/product-49.jpg\",\"products\\/product-86.jpg\",\"products\\/product-6.jpg\",\"products\\/product-91.jpg\",\"products\\/product-95.jpg\",\"products\\/product-46.jpg\",\"products\\/product-16.jpg\",\"products\\/product-72.jpg\"]',NULL,'NC-153-A0',0,10,0,1,0,4,0,0,368,NULL,NULL,NULL,11.00,14.00,19.00,519.00,NULL,48385,'2024-11-20 02:45:44','2024-11-20 02:45:47','in_stock',0,'Botble\\ACL\\Models\\User',NULL,'physical',NULL,NULL,0,0,0,0,1),(24,'B&amp;O Play Mini Bluetooth Speaker','<p>Short Hooded Coat features a straight body, large pockets with button flaps, ventilation air holes, and a string detail along the hemline.</p>','<p>Short Hooded Coat features a straight body, large pockets with button flaps, ventilation air holes, and a string detail along the hemline. The style is completed with a drawstring hood, featuring Rains’ signature built-in cap. Made from waterproof, matte PU, this lightweight unisex rain jacket is an ode to nostalgia through its classic silhouette and utilitarian design details.</p>\n                                <p>- Casual unisex fit</p>\n\n                                <p>- 64% polyester, 36% polyurethane</p>\n\n                                <p>- Water column pressure: 4000 mm</p>\n\n                                <p>- Model is 187cm tall and wearing a size S / M</p>\n\n                                <p>- Unisex fit</p>\n\n                                <p>- Drawstring hood with built-in cap</p>\n\n                                <p>- Front placket with snap buttons</p>\n\n                                <p>- Ventilation under armpit</p>\n\n                                <p>- Adjustable cuffs</p>\n\n                                <p>- Double welted front pockets</p>\n\n                                <p>- Adjustable elastic string at hempen</p>\n\n                                <p>- Ultrasonically welded seams</p>\n\n                                <p>This is a unisex item, please check our clothing &amp; footwear sizing guide for specific Rains jacket sizing information. RAINS comes from the rainy nation of Denmark at the edge of the European continent, close to the ocean and with prevailing westerly winds; all factors that contribute to an average of 121 rain days each year. Arising from these rainy weather conditions comes the attitude that a quick rain shower may be beautiful, as well as moody- but first and foremost requires the right outfit. Rains focus on the whole experience of going outside on rainy days, issuing an invitation to explore even in the most mercurial weather.</p>','published','[\"products\\/product-45.jpg\",\"products\\/product-57.jpg\",\"products\\/product-18.jpg\",\"products\\/product-50.jpg\",\"products\\/product-40.jpg\",\"products\\/product-89.jpg\",\"products\\/product-64.jpg\",\"products\\/product-21.jpg\"]',NULL,'NC-153-A0',0,11,0,1,1,5,0,0,465,409.2,NULL,NULL,12.00,17.00,15.00,594.00,NULL,81409,'2024-11-20 02:45:45','2024-11-20 02:45:47','in_stock',0,'Botble\\ACL\\Models\\User',NULL,'physical',NULL,NULL,0,0,0,0,2),(25,'Apple MacBook Air Retina 13.3-Inch Laptop','<p>Short Hooded Coat features a straight body, large pockets with button flaps, ventilation air holes, and a string detail along the hemline.</p>','<p>Short Hooded Coat features a straight body, large pockets with button flaps, ventilation air holes, and a string detail along the hemline. The style is completed with a drawstring hood, featuring Rains’ signature built-in cap. Made from waterproof, matte PU, this lightweight unisex rain jacket is an ode to nostalgia through its classic silhouette and utilitarian design details.</p>\n                                <p>- Casual unisex fit</p>\n\n                                <p>- 64% polyester, 36% polyurethane</p>\n\n                                <p>- Water column pressure: 4000 mm</p>\n\n                                <p>- Model is 187cm tall and wearing a size S / M</p>\n\n                                <p>- Unisex fit</p>\n\n                                <p>- Drawstring hood with built-in cap</p>\n\n                                <p>- Front placket with snap buttons</p>\n\n                                <p>- Ventilation under armpit</p>\n\n                                <p>- Adjustable cuffs</p>\n\n                                <p>- Double welted front pockets</p>\n\n                                <p>- Adjustable elastic string at hempen</p>\n\n                                <p>- Ultrasonically welded seams</p>\n\n                                <p>This is a unisex item, please check our clothing &amp; footwear sizing guide for specific Rains jacket sizing information. RAINS comes from the rainy nation of Denmark at the edge of the European continent, close to the ocean and with prevailing westerly winds; all factors that contribute to an average of 121 rain days each year. Arising from these rainy weather conditions comes the attitude that a quick rain shower may be beautiful, as well as moody- but first and foremost requires the right outfit. Rains focus on the whole experience of going outside on rainy days, issuing an invitation to explore even in the most mercurial weather.</p>','published','[\"products\\/product-72.jpg\",\"products\\/product-74.jpg\",\"products\\/product-61.jpg\",\"products\\/product-82.jpg\",\"products\\/product-28.jpg\",\"products\\/product-49.jpg\",\"products\\/product-38.jpg\",\"products\\/product-86.jpg\",\"products\\/product-92.jpg\",\"products\\/product-32.jpg\",\"products\\/product-56.jpg\",\"products\\/product-57.jpg\"]',NULL,'NC-104-A0',0,10,0,1,1,4,0,0,281,NULL,NULL,NULL,15.00,19.00,16.00,593.00,NULL,145618,'2024-11-20 02:45:45','2024-11-20 02:45:47','in_stock',0,'Botble\\ACL\\Models\\User',NULL,'digital',NULL,NULL,0,0,0,0,1),(26,'Apple MacBook Air Retina 12-Inch Laptop','<p>Short Hooded Coat features a straight body, large pockets with button flaps, ventilation air holes, and a string detail along the hemline.</p>','<p>Short Hooded Coat features a straight body, large pockets with button flaps, ventilation air holes, and a string detail along the hemline. The style is completed with a drawstring hood, featuring Rains’ signature built-in cap. Made from waterproof, matte PU, this lightweight unisex rain jacket is an ode to nostalgia through its classic silhouette and utilitarian design details.</p>\n                                <p>- Casual unisex fit</p>\n\n                                <p>- 64% polyester, 36% polyurethane</p>\n\n                                <p>- Water column pressure: 4000 mm</p>\n\n                                <p>- Model is 187cm tall and wearing a size S / M</p>\n\n                                <p>- Unisex fit</p>\n\n                                <p>- Drawstring hood with built-in cap</p>\n\n                                <p>- Front placket with snap buttons</p>\n\n                                <p>- Ventilation under armpit</p>\n\n                                <p>- Adjustable cuffs</p>\n\n                                <p>- Double welted front pockets</p>\n\n                                <p>- Adjustable elastic string at hempen</p>\n\n                                <p>- Ultrasonically welded seams</p>\n\n                                <p>This is a unisex item, please check our clothing &amp; footwear sizing guide for specific Rains jacket sizing information. RAINS comes from the rainy nation of Denmark at the edge of the European continent, close to the ocean and with prevailing westerly winds; all factors that contribute to an average of 121 rain days each year. Arising from these rainy weather conditions comes the attitude that a quick rain shower may be beautiful, as well as moody- but first and foremost requires the right outfit. Rains focus on the whole experience of going outside on rainy days, issuing an invitation to explore even in the most mercurial weather.</p>','published','[\"products\\/product-42.jpg\",\"products\\/product-9.jpg\",\"products\\/product-36.jpg\",\"products\\/product-11.jpg\",\"products\\/product-12.jpg\",\"products\\/product-13.jpg\",\"products\\/product-20.jpg\"]',NULL,'NC-131-A0',0,20,0,1,1,5,0,0,404,NULL,NULL,NULL,19.00,10.00,15.00,595.00,NULL,1917,'2024-11-20 02:45:45','2024-11-20 02:45:47','in_stock',0,'Botble\\ACL\\Models\\User',NULL,'physical',NULL,NULL,0,0,0,0,1),(27,'Samsung Gear VR Virtual Reality Headset','<p>Short Hooded Coat features a straight body, large pockets with button flaps, ventilation air holes, and a string detail along the hemline.</p>','<p>Short Hooded Coat features a straight body, large pockets with button flaps, ventilation air holes, and a string detail along the hemline. The style is completed with a drawstring hood, featuring Rains’ signature built-in cap. Made from waterproof, matte PU, this lightweight unisex rain jacket is an ode to nostalgia through its classic silhouette and utilitarian design details.</p>\n                                <p>- Casual unisex fit</p>\n\n                                <p>- 64% polyester, 36% polyurethane</p>\n\n                                <p>- Water column pressure: 4000 mm</p>\n\n                                <p>- Model is 187cm tall and wearing a size S / M</p>\n\n                                <p>- Unisex fit</p>\n\n                                <p>- Drawstring hood with built-in cap</p>\n\n                                <p>- Front placket with snap buttons</p>\n\n                                <p>- Ventilation under armpit</p>\n\n                                <p>- Adjustable cuffs</p>\n\n                                <p>- Double welted front pockets</p>\n\n                                <p>- Adjustable elastic string at hempen</p>\n\n                                <p>- Ultrasonically welded seams</p>\n\n                                <p>This is a unisex item, please check our clothing &amp; footwear sizing guide for specific Rains jacket sizing information. RAINS comes from the rainy nation of Denmark at the edge of the European continent, close to the ocean and with prevailing westerly winds; all factors that contribute to an average of 121 rain days each year. Arising from these rainy weather conditions comes the attitude that a quick rain shower may be beautiful, as well as moody- but first and foremost requires the right outfit. Rains focus on the whole experience of going outside on rainy days, issuing an invitation to explore even in the most mercurial weather.</p>','published','[\"products\\/product-10.jpg\",\"products\\/product-69.jpg\",\"products\\/product-14.jpg\",\"products\\/product-18.jpg\",\"products\\/product-23.jpg\",\"products\\/product-94.jpg\"]',NULL,'NC-137-A0',0,18,0,1,1,6,0,0,316,NULL,NULL,NULL,12.00,15.00,11.00,761.00,NULL,47491,'2024-11-20 02:45:45','2024-11-20 02:45:47','in_stock',0,'Botble\\ACL\\Models\\User',NULL,'physical',NULL,NULL,0,0,0,0,1),(28,'Aveeno Moisturizing Body Shower 450ml','<p>Short Hooded Coat features a straight body, large pockets with button flaps, ventilation air holes, and a string detail along the hemline.</p>','<p>Short Hooded Coat features a straight body, large pockets with button flaps, ventilation air holes, and a string detail along the hemline. The style is completed with a drawstring hood, featuring Rains’ signature built-in cap. Made from waterproof, matte PU, this lightweight unisex rain jacket is an ode to nostalgia through its classic silhouette and utilitarian design details.</p>\n                                <p>- Casual unisex fit</p>\n\n                                <p>- 64% polyester, 36% polyurethane</p>\n\n                                <p>- Water column pressure: 4000 mm</p>\n\n                                <p>- Model is 187cm tall and wearing a size S / M</p>\n\n                                <p>- Unisex fit</p>\n\n                                <p>- Drawstring hood with built-in cap</p>\n\n                                <p>- Front placket with snap buttons</p>\n\n                                <p>- Ventilation under armpit</p>\n\n                                <p>- Adjustable cuffs</p>\n\n                                <p>- Double welted front pockets</p>\n\n                                <p>- Adjustable elastic string at hempen</p>\n\n                                <p>- Ultrasonically welded seams</p>\n\n                                <p>This is a unisex item, please check our clothing &amp; footwear sizing guide for specific Rains jacket sizing information. RAINS comes from the rainy nation of Denmark at the edge of the European continent, close to the ocean and with prevailing westerly winds; all factors that contribute to an average of 121 rain days each year. Arising from these rainy weather conditions comes the attitude that a quick rain shower may be beautiful, as well as moody- but first and foremost requires the right outfit. Rains focus on the whole experience of going outside on rainy days, issuing an invitation to explore even in the most mercurial weather.</p>','published','[\"products\\/product-52.jpg\",\"products\\/product-21.jpg\",\"products\\/product-39.jpg\",\"products\\/product-75.jpg\",\"products\\/product-26.jpg\",\"products\\/product-24.jpg\",\"products\\/product-32.jpg\",\"products\\/product-68.jpg\",\"products\\/product-76.jpg\",\"products\\/product-70.jpg\"]',NULL,'NC-158-A0',0,20,0,1,1,5,0,0,276,209.76,NULL,NULL,10.00,19.00,13.00,896.00,NULL,141202,'2024-11-20 02:45:45','2024-11-20 02:45:47','in_stock',0,'Botble\\ACL\\Models\\User',NULL,'physical',NULL,NULL,0,0,0,0,2),(29,'NYX Beauty Couton Pallete Makeup 12','<p>Short Hooded Coat features a straight body, large pockets with button flaps, ventilation air holes, and a string detail along the hemline.</p>','<p>Short Hooded Coat features a straight body, large pockets with button flaps, ventilation air holes, and a string detail along the hemline. The style is completed with a drawstring hood, featuring Rains’ signature built-in cap. Made from waterproof, matte PU, this lightweight unisex rain jacket is an ode to nostalgia through its classic silhouette and utilitarian design details.</p>\n                                <p>- Casual unisex fit</p>\n\n                                <p>- 64% polyester, 36% polyurethane</p>\n\n                                <p>- Water column pressure: 4000 mm</p>\n\n                                <p>- Model is 187cm tall and wearing a size S / M</p>\n\n                                <p>- Unisex fit</p>\n\n                                <p>- Drawstring hood with built-in cap</p>\n\n                                <p>- Front placket with snap buttons</p>\n\n                                <p>- Ventilation under armpit</p>\n\n                                <p>- Adjustable cuffs</p>\n\n                                <p>- Double welted front pockets</p>\n\n                                <p>- Adjustable elastic string at hempen</p>\n\n                                <p>- Ultrasonically welded seams</p>\n\n                                <p>This is a unisex item, please check our clothing &amp; footwear sizing guide for specific Rains jacket sizing information. RAINS comes from the rainy nation of Denmark at the edge of the European continent, close to the ocean and with prevailing westerly winds; all factors that contribute to an average of 121 rain days each year. Arising from these rainy weather conditions comes the attitude that a quick rain shower may be beautiful, as well as moody- but first and foremost requires the right outfit. Rains focus on the whole experience of going outside on rainy days, issuing an invitation to explore even in the most mercurial weather.</p>','published','[\"products\\/product-69.jpg\",\"products\\/product-82.jpg\",\"products\\/product-65.jpg\",\"products\\/product-80.jpg\",\"products\\/product-14.jpg\",\"products\\/product-88.jpg\",\"products\\/product-58.jpg\",\"products\\/product-3.jpg\",\"products\\/product-72.jpg\",\"products\\/product-68.jpg\"]',NULL,'NC-153-A0',0,19,0,1,1,6,0,0,283,NULL,NULL,NULL,16.00,13.00,14.00,511.00,NULL,17522,'2024-11-20 02:45:45','2024-11-20 02:45:47','in_stock',0,'Botble\\ACL\\Models\\User',NULL,'digital',NULL,NULL,0,0,0,0,2),(30,'NYX Beauty Couton Pallete Makeup 12','<p>Short Hooded Coat features a straight body, large pockets with button flaps, ventilation air holes, and a string detail along the hemline.</p>','<p>Short Hooded Coat features a straight body, large pockets with button flaps, ventilation air holes, and a string detail along the hemline. The style is completed with a drawstring hood, featuring Rains’ signature built-in cap. Made from waterproof, matte PU, this lightweight unisex rain jacket is an ode to nostalgia through its classic silhouette and utilitarian design details.</p>\n                                <p>- Casual unisex fit</p>\n\n                                <p>- 64% polyester, 36% polyurethane</p>\n\n                                <p>- Water column pressure: 4000 mm</p>\n\n                                <p>- Model is 187cm tall and wearing a size S / M</p>\n\n                                <p>- Unisex fit</p>\n\n                                <p>- Drawstring hood with built-in cap</p>\n\n                                <p>- Front placket with snap buttons</p>\n\n                                <p>- Ventilation under armpit</p>\n\n                                <p>- Adjustable cuffs</p>\n\n                                <p>- Double welted front pockets</p>\n\n                                <p>- Adjustable elastic string at hempen</p>\n\n                                <p>- Ultrasonically welded seams</p>\n\n                                <p>This is a unisex item, please check our clothing &amp; footwear sizing guide for specific Rains jacket sizing information. RAINS comes from the rainy nation of Denmark at the edge of the European continent, close to the ocean and with prevailing westerly winds; all factors that contribute to an average of 121 rain days each year. Arising from these rainy weather conditions comes the attitude that a quick rain shower may be beautiful, as well as moody- but first and foremost requires the right outfit. Rains focus on the whole experience of going outside on rainy days, issuing an invitation to explore even in the most mercurial weather.</p>','published','[\"products\\/product-66.jpg\",\"products\\/product-90.jpg\",\"products\\/product-18.jpg\",\"products\\/product-32.jpg\",\"products\\/product-31.jpg\",\"products\\/product-38.jpg\",\"products\\/product-68.jpg\",\"products\\/product-8.jpg\",\"products\\/product-22.jpg\",\"products\\/product-81.jpg\",\"products\\/product-20.jpg\"]',NULL,'NC-133-A0',0,20,0,1,1,4,0,0,394,NULL,NULL,NULL,18.00,19.00,16.00,722.00,NULL,8572,'2024-11-20 02:45:45','2024-11-20 02:45:47','in_stock',0,'Botble\\ACL\\Models\\User',NULL,'physical',NULL,NULL,0,0,0,0,1),(31,'MVMTH Classical Leather Watch In Black','<p>Short Hooded Coat features a straight body, large pockets with button flaps, ventilation air holes, and a string detail along the hemline.</p>','<p>Short Hooded Coat features a straight body, large pockets with button flaps, ventilation air holes, and a string detail along the hemline. The style is completed with a drawstring hood, featuring Rains’ signature built-in cap. Made from waterproof, matte PU, this lightweight unisex rain jacket is an ode to nostalgia through its classic silhouette and utilitarian design details.</p>\n                                <p>- Casual unisex fit</p>\n\n                                <p>- 64% polyester, 36% polyurethane</p>\n\n                                <p>- Water column pressure: 4000 mm</p>\n\n                                <p>- Model is 187cm tall and wearing a size S / M</p>\n\n                                <p>- Unisex fit</p>\n\n                                <p>- Drawstring hood with built-in cap</p>\n\n                                <p>- Front placket with snap buttons</p>\n\n                                <p>- Ventilation under armpit</p>\n\n                                <p>- Adjustable cuffs</p>\n\n                                <p>- Double welted front pockets</p>\n\n                                <p>- Adjustable elastic string at hempen</p>\n\n                                <p>- Ultrasonically welded seams</p>\n\n                                <p>This is a unisex item, please check our clothing &amp; footwear sizing guide for specific Rains jacket sizing information. RAINS comes from the rainy nation of Denmark at the edge of the European continent, close to the ocean and with prevailing westerly winds; all factors that contribute to an average of 121 rain days each year. Arising from these rainy weather conditions comes the attitude that a quick rain shower may be beautiful, as well as moody- but first and foremost requires the right outfit. Rains focus on the whole experience of going outside on rainy days, issuing an invitation to explore even in the most mercurial weather.</p>','published','[\"products\\/product-7.jpg\",\"products\\/product-70.jpg\",\"products\\/product-23.jpg\",\"products\\/product-54.jpg\",\"products\\/product-5.jpg\",\"products\\/product-89.jpg\"]',NULL,'NC-135-A0',0,17,0,1,0,4,0,0,394,NULL,NULL,NULL,11.00,18.00,14.00,796.00,NULL,135879,'2024-11-20 02:45:45','2024-11-20 02:45:47','in_stock',0,'Botble\\ACL\\Models\\User',NULL,'physical',NULL,NULL,0,0,0,0,1),(32,'Baxter Care Hair Kit For Bearded Mens','<p>Short Hooded Coat features a straight body, large pockets with button flaps, ventilation air holes, and a string detail along the hemline.</p>','<p>Short Hooded Coat features a straight body, large pockets with button flaps, ventilation air holes, and a string detail along the hemline. The style is completed with a drawstring hood, featuring Rains’ signature built-in cap. Made from waterproof, matte PU, this lightweight unisex rain jacket is an ode to nostalgia through its classic silhouette and utilitarian design details.</p>\n                                <p>- Casual unisex fit</p>\n\n                                <p>- 64% polyester, 36% polyurethane</p>\n\n                                <p>- Water column pressure: 4000 mm</p>\n\n                                <p>- Model is 187cm tall and wearing a size S / M</p>\n\n                                <p>- Unisex fit</p>\n\n                                <p>- Drawstring hood with built-in cap</p>\n\n                                <p>- Front placket with snap buttons</p>\n\n                                <p>- Ventilation under armpit</p>\n\n                                <p>- Adjustable cuffs</p>\n\n                                <p>- Double welted front pockets</p>\n\n                                <p>- Adjustable elastic string at hempen</p>\n\n                                <p>- Ultrasonically welded seams</p>\n\n                                <p>This is a unisex item, please check our clothing &amp; footwear sizing guide for specific Rains jacket sizing information. RAINS comes from the rainy nation of Denmark at the edge of the European continent, close to the ocean and with prevailing westerly winds; all factors that contribute to an average of 121 rain days each year. Arising from these rainy weather conditions comes the attitude that a quick rain shower may be beautiful, as well as moody- but first and foremost requires the right outfit. Rains focus on the whole experience of going outside on rainy days, issuing an invitation to explore even in the most mercurial weather.</p>','published','[\"products\\/product-27.jpg\",\"products\\/product-76.jpg\",\"products\\/product-30.jpg\",\"products\\/product-71.jpg\",\"products\\/product-24.jpg\",\"products\\/product-1.jpg\",\"products\\/product-57.jpg\",\"products\\/product-53.jpg\"]',NULL,'NC-167-A0',0,10,0,1,1,2,0,0,352,292.16,NULL,NULL,13.00,14.00,10.00,820.00,NULL,33391,'2024-11-20 02:45:45','2024-11-20 02:45:47','in_stock',0,'Botble\\ACL\\Models\\User',NULL,'physical',NULL,NULL,0,0,0,0,2),(33,'Ciate Palemore Lipstick Bold Red Color','<p>Short Hooded Coat features a straight body, large pockets with button flaps, ventilation air holes, and a string detail along the hemline.</p>','<p>Short Hooded Coat features a straight body, large pockets with button flaps, ventilation air holes, and a string detail along the hemline. The style is completed with a drawstring hood, featuring Rains’ signature built-in cap. Made from waterproof, matte PU, this lightweight unisex rain jacket is an ode to nostalgia through its classic silhouette and utilitarian design details.</p>\n                                <p>- Casual unisex fit</p>\n\n                                <p>- 64% polyester, 36% polyurethane</p>\n\n                                <p>- Water column pressure: 4000 mm</p>\n\n                                <p>- Model is 187cm tall and wearing a size S / M</p>\n\n                                <p>- Unisex fit</p>\n\n                                <p>- Drawstring hood with built-in cap</p>\n\n                                <p>- Front placket with snap buttons</p>\n\n                                <p>- Ventilation under armpit</p>\n\n                                <p>- Adjustable cuffs</p>\n\n                                <p>- Double welted front pockets</p>\n\n                                <p>- Adjustable elastic string at hempen</p>\n\n                                <p>- Ultrasonically welded seams</p>\n\n                                <p>This is a unisex item, please check our clothing &amp; footwear sizing guide for specific Rains jacket sizing information. RAINS comes from the rainy nation of Denmark at the edge of the European continent, close to the ocean and with prevailing westerly winds; all factors that contribute to an average of 121 rain days each year. Arising from these rainy weather conditions comes the attitude that a quick rain shower may be beautiful, as well as moody- but first and foremost requires the right outfit. Rains focus on the whole experience of going outside on rainy days, issuing an invitation to explore even in the most mercurial weather.</p>','published','[\"products\\/product-28.jpg\",\"products\\/product-82.jpg\",\"products\\/product-7.jpg\",\"products\\/product-84.jpg\",\"products\\/product-79.jpg\",\"products\\/product-51.jpg\",\"products\\/product-54.jpg\",\"products\\/product-11.jpg\"]',NULL,'NC-114-A0',0,11,0,1,1,1,0,0,355,NULL,NULL,NULL,16.00,17.00,15.00,549.00,NULL,166381,'2024-11-20 02:45:45','2024-11-20 02:45:47','in_stock',0,'Botble\\ACL\\Models\\User',NULL,'digital',NULL,NULL,0,0,0,0,2),(34,'Vimto Squash Remix Apple 1.5 Litres','<p>Short Hooded Coat features a straight body, large pockets with button flaps, ventilation air holes, and a string detail along the hemline.</p>','<p>Short Hooded Coat features a straight body, large pockets with button flaps, ventilation air holes, and a string detail along the hemline. The style is completed with a drawstring hood, featuring Rains’ signature built-in cap. Made from waterproof, matte PU, this lightweight unisex rain jacket is an ode to nostalgia through its classic silhouette and utilitarian design details.</p>\n                                <p>- Casual unisex fit</p>\n\n                                <p>- 64% polyester, 36% polyurethane</p>\n\n                                <p>- Water column pressure: 4000 mm</p>\n\n                                <p>- Model is 187cm tall and wearing a size S / M</p>\n\n                                <p>- Unisex fit</p>\n\n                                <p>- Drawstring hood with built-in cap</p>\n\n                                <p>- Front placket with snap buttons</p>\n\n                                <p>- Ventilation under armpit</p>\n\n                                <p>- Adjustable cuffs</p>\n\n                                <p>- Double welted front pockets</p>\n\n                                <p>- Adjustable elastic string at hempen</p>\n\n                                <p>- Ultrasonically welded seams</p>\n\n                                <p>This is a unisex item, please check our clothing &amp; footwear sizing guide for specific Rains jacket sizing information. RAINS comes from the rainy nation of Denmark at the edge of the European continent, close to the ocean and with prevailing westerly winds; all factors that contribute to an average of 121 rain days each year. Arising from these rainy weather conditions comes the attitude that a quick rain shower may be beautiful, as well as moody- but first and foremost requires the right outfit. Rains focus on the whole experience of going outside on rainy days, issuing an invitation to explore even in the most mercurial weather.</p>','published','[\"products\\/product-33.jpg\",\"products\\/product-50.jpg\",\"products\\/product-71.jpg\",\"products\\/product-75.jpg\",\"products\\/product-88.jpg\",\"products\\/product-21.jpg\",\"products\\/product-39.jpg\",\"products\\/product-76.jpg\",\"products\\/product-17.jpg\",\"products\\/product-3.jpg\",\"products\\/product-42.jpg\"]',NULL,'NC-190-A0',0,10,0,1,1,2,0,0,333,NULL,NULL,NULL,20.00,16.00,15.00,745.00,NULL,109677,'2024-11-20 02:45:45','2024-11-20 02:45:47','in_stock',0,'Botble\\ACL\\Models\\User',NULL,'physical',NULL,NULL,0,0,0,0,1),(35,'Crock Pot Slow Cooker','<p>Short Hooded Coat features a straight body, large pockets with button flaps, ventilation air holes, and a string detail along the hemline.</p>','<p>Short Hooded Coat features a straight body, large pockets with button flaps, ventilation air holes, and a string detail along the hemline. The style is completed with a drawstring hood, featuring Rains’ signature built-in cap. Made from waterproof, matte PU, this lightweight unisex rain jacket is an ode to nostalgia through its classic silhouette and utilitarian design details.</p>\n                                <p>- Casual unisex fit</p>\n\n                                <p>- 64% polyester, 36% polyurethane</p>\n\n                                <p>- Water column pressure: 4000 mm</p>\n\n                                <p>- Model is 187cm tall and wearing a size S / M</p>\n\n                                <p>- Unisex fit</p>\n\n                                <p>- Drawstring hood with built-in cap</p>\n\n                                <p>- Front placket with snap buttons</p>\n\n                                <p>- Ventilation under armpit</p>\n\n                                <p>- Adjustable cuffs</p>\n\n                                <p>- Double welted front pockets</p>\n\n                                <p>- Adjustable elastic string at hempen</p>\n\n                                <p>- Ultrasonically welded seams</p>\n\n                                <p>This is a unisex item, please check our clothing &amp; footwear sizing guide for specific Rains jacket sizing information. RAINS comes from the rainy nation of Denmark at the edge of the European continent, close to the ocean and with prevailing westerly winds; all factors that contribute to an average of 121 rain days each year. Arising from these rainy weather conditions comes the attitude that a quick rain shower may be beautiful, as well as moody- but first and foremost requires the right outfit. Rains focus on the whole experience of going outside on rainy days, issuing an invitation to explore even in the most mercurial weather.</p>','published','[\"products\\/product-57.jpg\",\"products\\/product-51.jpg\",\"products\\/product-70.jpg\",\"products\\/product-25.jpg\",\"products\\/product-47.jpg\",\"products\\/product-82.jpg\",\"products\\/product-7.jpg\",\"products\\/product-10.jpg\",\"products\\/product-53.jpg\"]',NULL,'NC-166-A0',0,15,0,1,1,2,0,0,283,NULL,NULL,NULL,20.00,12.00,15.00,630.00,NULL,149087,'2024-11-20 02:45:45','2024-11-20 02:45:47','in_stock',0,'Botble\\ACL\\Models\\User',NULL,'physical',NULL,NULL,0,0,0,0,1),(36,'Taylors of Harrogate Yorkshire Coffee','<p>Short Hooded Coat features a straight body, large pockets with button flaps, ventilation air holes, and a string detail along the hemline.</p>','<p>Short Hooded Coat features a straight body, large pockets with button flaps, ventilation air holes, and a string detail along the hemline. The style is completed with a drawstring hood, featuring Rains’ signature built-in cap. Made from waterproof, matte PU, this lightweight unisex rain jacket is an ode to nostalgia through its classic silhouette and utilitarian design details.</p>\n                                <p>- Casual unisex fit</p>\n\n                                <p>- 64% polyester, 36% polyurethane</p>\n\n                                <p>- Water column pressure: 4000 mm</p>\n\n                                <p>- Model is 187cm tall and wearing a size S / M</p>\n\n                                <p>- Unisex fit</p>\n\n                                <p>- Drawstring hood with built-in cap</p>\n\n                                <p>- Front placket with snap buttons</p>\n\n                                <p>- Ventilation under armpit</p>\n\n                                <p>- Adjustable cuffs</p>\n\n                                <p>- Double welted front pockets</p>\n\n                                <p>- Adjustable elastic string at hempen</p>\n\n                                <p>- Ultrasonically welded seams</p>\n\n                                <p>This is a unisex item, please check our clothing &amp; footwear sizing guide for specific Rains jacket sizing information. RAINS comes from the rainy nation of Denmark at the edge of the European continent, close to the ocean and with prevailing westerly winds; all factors that contribute to an average of 121 rain days each year. Arising from these rainy weather conditions comes the attitude that a quick rain shower may be beautiful, as well as moody- but first and foremost requires the right outfit. Rains focus on the whole experience of going outside on rainy days, issuing an invitation to explore even in the most mercurial weather.</p>','published','[\"products\\/product-75.jpg\",\"products\\/product-70.jpg\",\"products\\/product-65.jpg\",\"products\\/product-17.jpg\",\"products\\/product-20.jpg\"]',NULL,'NC-156-A0',0,13,0,1,1,1,0,0,338,267.02,NULL,NULL,11.00,16.00,15.00,867.00,NULL,159331,'2024-11-20 02:45:45','2024-11-20 02:45:47','in_stock',0,'Botble\\ACL\\Models\\User',NULL,'physical',NULL,NULL,0,0,0,0,2),(37,'Soft Mochi &amp; Galeto Ice Cream','<p>Short Hooded Coat features a straight body, large pockets with button flaps, ventilation air holes, and a string detail along the hemline.</p>','<p>Short Hooded Coat features a straight body, large pockets with button flaps, ventilation air holes, and a string detail along the hemline. The style is completed with a drawstring hood, featuring Rains’ signature built-in cap. Made from waterproof, matte PU, this lightweight unisex rain jacket is an ode to nostalgia through its classic silhouette and utilitarian design details.</p>\n                                <p>- Casual unisex fit</p>\n\n                                <p>- 64% polyester, 36% polyurethane</p>\n\n                                <p>- Water column pressure: 4000 mm</p>\n\n                                <p>- Model is 187cm tall and wearing a size S / M</p>\n\n                                <p>- Unisex fit</p>\n\n                                <p>- Drawstring hood with built-in cap</p>\n\n                                <p>- Front placket with snap buttons</p>\n\n                                <p>- Ventilation under armpit</p>\n\n                                <p>- Adjustable cuffs</p>\n\n                                <p>- Double welted front pockets</p>\n\n                                <p>- Adjustable elastic string at hempen</p>\n\n                                <p>- Ultrasonically welded seams</p>\n\n                                <p>This is a unisex item, please check our clothing &amp; footwear sizing guide for specific Rains jacket sizing information. RAINS comes from the rainy nation of Denmark at the edge of the European continent, close to the ocean and with prevailing westerly winds; all factors that contribute to an average of 121 rain days each year. Arising from these rainy weather conditions comes the attitude that a quick rain shower may be beautiful, as well as moody- but first and foremost requires the right outfit. Rains focus on the whole experience of going outside on rainy days, issuing an invitation to explore even in the most mercurial weather.</p>','published','[\"products\\/product-52.jpg\",\"products\\/product-63.jpg\",\"products\\/product-47.jpg\",\"products\\/product-60.jpg\",\"products\\/product-76.jpg\",\"products\\/product-81.jpg\",\"products\\/product-37.jpg\",\"products\\/product-30.jpg\",\"products\\/product-14.jpg\",\"products\\/product-59.jpg\",\"products\\/product-84.jpg\"]',NULL,'NC-167-A0',0,15,0,1,1,7,0,0,297,NULL,NULL,NULL,11.00,20.00,11.00,598.00,NULL,67278,'2024-11-20 02:45:45','2024-11-20 02:45:47','in_stock',0,'Botble\\ACL\\Models\\User',NULL,'digital',NULL,NULL,0,0,0,0,1),(38,'Naked Noodle Egg Noodles Singapore','<p>Short Hooded Coat features a straight body, large pockets with button flaps, ventilation air holes, and a string detail along the hemline.</p>','<p>Short Hooded Coat features a straight body, large pockets with button flaps, ventilation air holes, and a string detail along the hemline. The style is completed with a drawstring hood, featuring Rains’ signature built-in cap. Made from waterproof, matte PU, this lightweight unisex rain jacket is an ode to nostalgia through its classic silhouette and utilitarian design details.</p>\n                                <p>- Casual unisex fit</p>\n\n                                <p>- 64% polyester, 36% polyurethane</p>\n\n                                <p>- Water column pressure: 4000 mm</p>\n\n                                <p>- Model is 187cm tall and wearing a size S / M</p>\n\n                                <p>- Unisex fit</p>\n\n                                <p>- Drawstring hood with built-in cap</p>\n\n                                <p>- Front placket with snap buttons</p>\n\n                                <p>- Ventilation under armpit</p>\n\n                                <p>- Adjustable cuffs</p>\n\n                                <p>- Double welted front pockets</p>\n\n                                <p>- Adjustable elastic string at hempen</p>\n\n                                <p>- Ultrasonically welded seams</p>\n\n                                <p>This is a unisex item, please check our clothing &amp; footwear sizing guide for specific Rains jacket sizing information. RAINS comes from the rainy nation of Denmark at the edge of the European continent, close to the ocean and with prevailing westerly winds; all factors that contribute to an average of 121 rain days each year. Arising from these rainy weather conditions comes the attitude that a quick rain shower may be beautiful, as well as moody- but first and foremost requires the right outfit. Rains focus on the whole experience of going outside on rainy days, issuing an invitation to explore even in the most mercurial weather.</p>','published','[\"products\\/product-84.jpg\",\"products\\/product-91.jpg\",\"products\\/product-83.jpg\",\"products\\/product-53.jpg\",\"products\\/product-77.jpg\",\"products\\/product-54.jpg\",\"products\\/product-73.jpg\"]',NULL,'NC-149-A0',0,15,0,1,1,2,0,0,477,NULL,NULL,NULL,11.00,15.00,15.00,759.00,NULL,174581,'2024-11-20 02:45:45','2024-11-20 02:45:47','in_stock',0,'Botble\\ACL\\Models\\User',NULL,'physical',NULL,NULL,0,0,0,0,2),(39,'Saute Pan Silver','<p>Short Hooded Coat features a straight body, large pockets with button flaps, ventilation air holes, and a string detail along the hemline.</p>','<p>Short Hooded Coat features a straight body, large pockets with button flaps, ventilation air holes, and a string detail along the hemline. The style is completed with a drawstring hood, featuring Rains’ signature built-in cap. Made from waterproof, matte PU, this lightweight unisex rain jacket is an ode to nostalgia through its classic silhouette and utilitarian design details.</p>\n                                <p>- Casual unisex fit</p>\n\n                                <p>- 64% polyester, 36% polyurethane</p>\n\n                                <p>- Water column pressure: 4000 mm</p>\n\n                                <p>- Model is 187cm tall and wearing a size S / M</p>\n\n                                <p>- Unisex fit</p>\n\n                                <p>- Drawstring hood with built-in cap</p>\n\n                                <p>- Front placket with snap buttons</p>\n\n                                <p>- Ventilation under armpit</p>\n\n                                <p>- Adjustable cuffs</p>\n\n                                <p>- Double welted front pockets</p>\n\n                                <p>- Adjustable elastic string at hempen</p>\n\n                                <p>- Ultrasonically welded seams</p>\n\n                                <p>This is a unisex item, please check our clothing &amp; footwear sizing guide for specific Rains jacket sizing information. RAINS comes from the rainy nation of Denmark at the edge of the European continent, close to the ocean and with prevailing westerly winds; all factors that contribute to an average of 121 rain days each year. Arising from these rainy weather conditions comes the attitude that a quick rain shower may be beautiful, as well as moody- but first and foremost requires the right outfit. Rains focus on the whole experience of going outside on rainy days, issuing an invitation to explore even in the most mercurial weather.</p>','published','[\"products\\/product-55.jpg\",\"products\\/product-91.jpg\",\"products\\/product-51.jpg\",\"products\\/product-14.jpg\",\"products\\/product-10.jpg\",\"products\\/product-90.jpg\"]',NULL,'NC-192-A0',0,13,0,1,0,6,0,0,344,NULL,NULL,NULL,13.00,13.00,12.00,503.00,NULL,4486,'2024-11-20 02:45:45','2024-11-20 02:45:47','in_stock',0,'Botble\\ACL\\Models\\User',NULL,'physical',NULL,NULL,0,0,0,0,2),(40,'Bar S – Classic Bun Length Franks','<p>Short Hooded Coat features a straight body, large pockets with button flaps, ventilation air holes, and a string detail along the hemline.</p>','<p>Short Hooded Coat features a straight body, large pockets with button flaps, ventilation air holes, and a string detail along the hemline. The style is completed with a drawstring hood, featuring Rains’ signature built-in cap. Made from waterproof, matte PU, this lightweight unisex rain jacket is an ode to nostalgia through its classic silhouette and utilitarian design details.</p>\n                                <p>- Casual unisex fit</p>\n\n                                <p>- 64% polyester, 36% polyurethane</p>\n\n                                <p>- Water column pressure: 4000 mm</p>\n\n                                <p>- Model is 187cm tall and wearing a size S / M</p>\n\n                                <p>- Unisex fit</p>\n\n                                <p>- Drawstring hood with built-in cap</p>\n\n                                <p>- Front placket with snap buttons</p>\n\n                                <p>- Ventilation under armpit</p>\n\n                                <p>- Adjustable cuffs</p>\n\n                                <p>- Double welted front pockets</p>\n\n                                <p>- Adjustable elastic string at hempen</p>\n\n                                <p>- Ultrasonically welded seams</p>\n\n                                <p>This is a unisex item, please check our clothing &amp; footwear sizing guide for specific Rains jacket sizing information. RAINS comes from the rainy nation of Denmark at the edge of the European continent, close to the ocean and with prevailing westerly winds; all factors that contribute to an average of 121 rain days each year. Arising from these rainy weather conditions comes the attitude that a quick rain shower may be beautiful, as well as moody- but first and foremost requires the right outfit. Rains focus on the whole experience of going outside on rainy days, issuing an invitation to explore even in the most mercurial weather.</p>','published','[\"products\\/product-47.jpg\",\"products\\/product-7.jpg\",\"products\\/product-61.jpg\",\"products\\/product-78.jpg\",\"products\\/product-95.jpg\",\"products\\/product-46.jpg\",\"products\\/product-15.jpg\",\"products\\/product-55.jpg\",\"products\\/product-58.jpg\",\"products\\/product-86.jpg\",\"products\\/product-30.jpg\",\"products\\/product-75.jpg\"]',NULL,'NC-180-A0',0,19,0,1,0,6,0,0,356,295.48,NULL,NULL,11.00,12.00,17.00,829.00,NULL,72823,'2024-11-20 02:45:45','2024-11-20 02:45:47','in_stock',0,'Botble\\ACL\\Models\\User',NULL,'physical',NULL,NULL,0,0,0,0,2),(41,'Broccoli Crowns','<p>Short Hooded Coat features a straight body, large pockets with button flaps, ventilation air holes, and a string detail along the hemline.</p>','<p>Short Hooded Coat features a straight body, large pockets with button flaps, ventilation air holes, and a string detail along the hemline. The style is completed with a drawstring hood, featuring Rains’ signature built-in cap. Made from waterproof, matte PU, this lightweight unisex rain jacket is an ode to nostalgia through its classic silhouette and utilitarian design details.</p>\n                                <p>- Casual unisex fit</p>\n\n                                <p>- 64% polyester, 36% polyurethane</p>\n\n                                <p>- Water column pressure: 4000 mm</p>\n\n                                <p>- Model is 187cm tall and wearing a size S / M</p>\n\n                                <p>- Unisex fit</p>\n\n                                <p>- Drawstring hood with built-in cap</p>\n\n                                <p>- Front placket with snap buttons</p>\n\n                                <p>- Ventilation under armpit</p>\n\n                                <p>- Adjustable cuffs</p>\n\n                                <p>- Double welted front pockets</p>\n\n                                <p>- Adjustable elastic string at hempen</p>\n\n                                <p>- Ultrasonically welded seams</p>\n\n                                <p>This is a unisex item, please check our clothing &amp; footwear sizing guide for specific Rains jacket sizing information. RAINS comes from the rainy nation of Denmark at the edge of the European continent, close to the ocean and with prevailing westerly winds; all factors that contribute to an average of 121 rain days each year. Arising from these rainy weather conditions comes the attitude that a quick rain shower may be beautiful, as well as moody- but first and foremost requires the right outfit. Rains focus on the whole experience of going outside on rainy days, issuing an invitation to explore even in the most mercurial weather.</p>','published','[\"products\\/product-9.jpg\",\"products\\/product-89.jpg\",\"products\\/product-84.jpg\",\"products\\/product-61.jpg\",\"products\\/product-80.jpg\"]',NULL,'NC-131-A0',0,16,0,1,0,5,0,0,266,NULL,NULL,NULL,14.00,11.00,10.00,894.00,NULL,189470,'2024-11-20 02:45:45','2024-11-20 02:45:47','in_stock',0,'Botble\\ACL\\Models\\User',NULL,'digital',NULL,NULL,0,0,0,0,1),(42,'Slimming World Vegan Mac Greens','<p>Short Hooded Coat features a straight body, large pockets with button flaps, ventilation air holes, and a string detail along the hemline.</p>','<p>Short Hooded Coat features a straight body, large pockets with button flaps, ventilation air holes, and a string detail along the hemline. The style is completed with a drawstring hood, featuring Rains’ signature built-in cap. Made from waterproof, matte PU, this lightweight unisex rain jacket is an ode to nostalgia through its classic silhouette and utilitarian design details.</p>\n                                <p>- Casual unisex fit</p>\n\n                                <p>- 64% polyester, 36% polyurethane</p>\n\n                                <p>- Water column pressure: 4000 mm</p>\n\n                                <p>- Model is 187cm tall and wearing a size S / M</p>\n\n                                <p>- Unisex fit</p>\n\n                                <p>- Drawstring hood with built-in cap</p>\n\n                                <p>- Front placket with snap buttons</p>\n\n                                <p>- Ventilation under armpit</p>\n\n                                <p>- Adjustable cuffs</p>\n\n                                <p>- Double welted front pockets</p>\n\n                                <p>- Adjustable elastic string at hempen</p>\n\n                                <p>- Ultrasonically welded seams</p>\n\n                                <p>This is a unisex item, please check our clothing &amp; footwear sizing guide for specific Rains jacket sizing information. RAINS comes from the rainy nation of Denmark at the edge of the European continent, close to the ocean and with prevailing westerly winds; all factors that contribute to an average of 121 rain days each year. Arising from these rainy weather conditions comes the attitude that a quick rain shower may be beautiful, as well as moody- but first and foremost requires the right outfit. Rains focus on the whole experience of going outside on rainy days, issuing an invitation to explore even in the most mercurial weather.</p>','published','[\"products\\/product-13.jpg\",\"products\\/product-60.jpg\",\"products\\/product-15.jpg\",\"products\\/product-25.jpg\",\"products\\/product-87.jpg\",\"products\\/product-93.jpg\",\"products\\/product-2.jpg\",\"products\\/product-14.jpg\",\"products\\/product-94.jpg\"]',NULL,'NC-195-A0',0,16,0,1,1,2,0,0,298,NULL,NULL,NULL,10.00,20.00,19.00,843.00,NULL,153651,'2024-11-20 02:45:45','2024-11-20 02:45:47','in_stock',0,'Botble\\ACL\\Models\\User',NULL,'physical',NULL,NULL,0,0,0,0,2),(43,'Häagen-Dazs Salted Caramel','<p>Short Hooded Coat features a straight body, large pockets with button flaps, ventilation air holes, and a string detail along the hemline.</p>','<p>Short Hooded Coat features a straight body, large pockets with button flaps, ventilation air holes, and a string detail along the hemline. The style is completed with a drawstring hood, featuring Rains’ signature built-in cap. Made from waterproof, matte PU, this lightweight unisex rain jacket is an ode to nostalgia through its classic silhouette and utilitarian design details.</p>\n                                <p>- Casual unisex fit</p>\n\n                                <p>- 64% polyester, 36% polyurethane</p>\n\n                                <p>- Water column pressure: 4000 mm</p>\n\n                                <p>- Model is 187cm tall and wearing a size S / M</p>\n\n                                <p>- Unisex fit</p>\n\n                                <p>- Drawstring hood with built-in cap</p>\n\n                                <p>- Front placket with snap buttons</p>\n\n                                <p>- Ventilation under armpit</p>\n\n                                <p>- Adjustable cuffs</p>\n\n                                <p>- Double welted front pockets</p>\n\n                                <p>- Adjustable elastic string at hempen</p>\n\n                                <p>- Ultrasonically welded seams</p>\n\n                                <p>This is a unisex item, please check our clothing &amp; footwear sizing guide for specific Rains jacket sizing information. RAINS comes from the rainy nation of Denmark at the edge of the European continent, close to the ocean and with prevailing westerly winds; all factors that contribute to an average of 121 rain days each year. Arising from these rainy weather conditions comes the attitude that a quick rain shower may be beautiful, as well as moody- but first and foremost requires the right outfit. Rains focus on the whole experience of going outside on rainy days, issuing an invitation to explore even in the most mercurial weather.</p>','published','[\"products\\/product-84.jpg\",\"products\\/product-38.jpg\",\"products\\/product-2.jpg\",\"products\\/product-95.jpg\",\"products\\/product-40.jpg\",\"products\\/product-79.jpg\",\"products\\/product-85.jpg\"]',NULL,'NC-155-A0',0,20,0,1,1,4,0,0,308,NULL,NULL,NULL,14.00,11.00,19.00,635.00,NULL,82068,'2024-11-20 02:45:45','2024-11-20 02:45:47','in_stock',0,'Botble\\ACL\\Models\\User',NULL,'physical',NULL,NULL,0,0,0,0,2),(44,'Iceland 3 Solo Exotic Burst','<p>Short Hooded Coat features a straight body, large pockets with button flaps, ventilation air holes, and a string detail along the hemline.</p>','<p>Short Hooded Coat features a straight body, large pockets with button flaps, ventilation air holes, and a string detail along the hemline. The style is completed with a drawstring hood, featuring Rains’ signature built-in cap. Made from waterproof, matte PU, this lightweight unisex rain jacket is an ode to nostalgia through its classic silhouette and utilitarian design details.</p>\n                                <p>- Casual unisex fit</p>\n\n                                <p>- 64% polyester, 36% polyurethane</p>\n\n                                <p>- Water column pressure: 4000 mm</p>\n\n                                <p>- Model is 187cm tall and wearing a size S / M</p>\n\n                                <p>- Unisex fit</p>\n\n                                <p>- Drawstring hood with built-in cap</p>\n\n                                <p>- Front placket with snap buttons</p>\n\n                                <p>- Ventilation under armpit</p>\n\n                                <p>- Adjustable cuffs</p>\n\n                                <p>- Double welted front pockets</p>\n\n                                <p>- Adjustable elastic string at hempen</p>\n\n                                <p>- Ultrasonically welded seams</p>\n\n                                <p>This is a unisex item, please check our clothing &amp; footwear sizing guide for specific Rains jacket sizing information. RAINS comes from the rainy nation of Denmark at the edge of the European continent, close to the ocean and with prevailing westerly winds; all factors that contribute to an average of 121 rain days each year. Arising from these rainy weather conditions comes the attitude that a quick rain shower may be beautiful, as well as moody- but first and foremost requires the right outfit. Rains focus on the whole experience of going outside on rainy days, issuing an invitation to explore even in the most mercurial weather.</p>','published','[\"products\\/product-39.jpg\",\"products\\/product-24.jpg\",\"products\\/product-60.jpg\",\"products\\/product-26.jpg\",\"products\\/product-48.jpg\",\"products\\/product-72.jpg\",\"products\\/product-57.jpg\",\"products\\/product-13.jpg\",\"products\\/product-8.jpg\",\"products\\/product-65.jpg\",\"products\\/product-22.jpg\",\"products\\/product-76.jpg\"]',NULL,'NC-198-A0',0,14,0,1,0,2,0,0,415,361.05,NULL,NULL,19.00,14.00,17.00,798.00,NULL,107861,'2024-11-20 02:45:45','2024-11-20 02:45:47','in_stock',0,'Botble\\ACL\\Models\\User',NULL,'physical',NULL,NULL,0,0,0,0,2),(45,'Extreme Budweiser Light Can','<p>Short Hooded Coat features a straight body, large pockets with button flaps, ventilation air holes, and a string detail along the hemline.</p>','<p>Short Hooded Coat features a straight body, large pockets with button flaps, ventilation air holes, and a string detail along the hemline. The style is completed with a drawstring hood, featuring Rains’ signature built-in cap. Made from waterproof, matte PU, this lightweight unisex rain jacket is an ode to nostalgia through its classic silhouette and utilitarian design details.</p>\n                                <p>- Casual unisex fit</p>\n\n                                <p>- 64% polyester, 36% polyurethane</p>\n\n                                <p>- Water column pressure: 4000 mm</p>\n\n                                <p>- Model is 187cm tall and wearing a size S / M</p>\n\n                                <p>- Unisex fit</p>\n\n                                <p>- Drawstring hood with built-in cap</p>\n\n                                <p>- Front placket with snap buttons</p>\n\n                                <p>- Ventilation under armpit</p>\n\n                                <p>- Adjustable cuffs</p>\n\n                                <p>- Double welted front pockets</p>\n\n                                <p>- Adjustable elastic string at hempen</p>\n\n                                <p>- Ultrasonically welded seams</p>\n\n                                <p>This is a unisex item, please check our clothing &amp; footwear sizing guide for specific Rains jacket sizing information. RAINS comes from the rainy nation of Denmark at the edge of the European continent, close to the ocean and with prevailing westerly winds; all factors that contribute to an average of 121 rain days each year. Arising from these rainy weather conditions comes the attitude that a quick rain shower may be beautiful, as well as moody- but first and foremost requires the right outfit. Rains focus on the whole experience of going outside on rainy days, issuing an invitation to explore even in the most mercurial weather.</p>','published','[\"products\\/product-5.jpg\",\"products\\/product-2.jpg\",\"products\\/product-15.jpg\",\"products\\/product-80.jpg\",\"products\\/product-86.jpg\",\"products\\/product-92.jpg\"]',NULL,'NC-136-A0',0,11,0,1,0,6,0,0,345,NULL,NULL,NULL,11.00,14.00,11.00,894.00,NULL,56161,'2024-11-20 02:45:45','2024-11-20 02:45:47','in_stock',0,'Botble\\ACL\\Models\\User',NULL,'digital',NULL,NULL,0,0,0,0,2),(46,'Iceland Macaroni Cheese Traybake','<p>Short Hooded Coat features a straight body, large pockets with button flaps, ventilation air holes, and a string detail along the hemline.</p>','<p>Short Hooded Coat features a straight body, large pockets with button flaps, ventilation air holes, and a string detail along the hemline. The style is completed with a drawstring hood, featuring Rains’ signature built-in cap. Made from waterproof, matte PU, this lightweight unisex rain jacket is an ode to nostalgia through its classic silhouette and utilitarian design details.</p>\n                                <p>- Casual unisex fit</p>\n\n                                <p>- 64% polyester, 36% polyurethane</p>\n\n                                <p>- Water column pressure: 4000 mm</p>\n\n                                <p>- Model is 187cm tall and wearing a size S / M</p>\n\n                                <p>- Unisex fit</p>\n\n                                <p>- Drawstring hood with built-in cap</p>\n\n                                <p>- Front placket with snap buttons</p>\n\n                                <p>- Ventilation under armpit</p>\n\n                                <p>- Adjustable cuffs</p>\n\n                                <p>- Double welted front pockets</p>\n\n                                <p>- Adjustable elastic string at hempen</p>\n\n                                <p>- Ultrasonically welded seams</p>\n\n                                <p>This is a unisex item, please check our clothing &amp; footwear sizing guide for specific Rains jacket sizing information. RAINS comes from the rainy nation of Denmark at the edge of the European continent, close to the ocean and with prevailing westerly winds; all factors that contribute to an average of 121 rain days each year. Arising from these rainy weather conditions comes the attitude that a quick rain shower may be beautiful, as well as moody- but first and foremost requires the right outfit. Rains focus on the whole experience of going outside on rainy days, issuing an invitation to explore even in the most mercurial weather.</p>','published','[\"products\\/product-28.jpg\",\"products\\/product-44.jpg\",\"products\\/product-76.jpg\",\"products\\/product-73.jpg\",\"products\\/product-84.jpg\",\"products\\/product-79.jpg\",\"products\\/product-43.jpg\",\"products\\/product-23.jpg\",\"products\\/product-16.jpg\"]',NULL,'NC-157-A0',0,10,0,1,1,1,0,0,334,NULL,NULL,NULL,20.00,11.00,20.00,831.00,NULL,192793,'2024-11-20 02:45:45','2024-11-20 02:45:47','in_stock',0,'Botble\\ACL\\Models\\User',NULL,'physical',NULL,NULL,0,0,0,0,2),(47,'Dolmio Bolognese Pasta Sauce','<p>Short Hooded Coat features a straight body, large pockets with button flaps, ventilation air holes, and a string detail along the hemline.</p>','<p>Short Hooded Coat features a straight body, large pockets with button flaps, ventilation air holes, and a string detail along the hemline. The style is completed with a drawstring hood, featuring Rains’ signature built-in cap. Made from waterproof, matte PU, this lightweight unisex rain jacket is an ode to nostalgia through its classic silhouette and utilitarian design details.</p>\n                                <p>- Casual unisex fit</p>\n\n                                <p>- 64% polyester, 36% polyurethane</p>\n\n                                <p>- Water column pressure: 4000 mm</p>\n\n                                <p>- Model is 187cm tall and wearing a size S / M</p>\n\n                                <p>- Unisex fit</p>\n\n                                <p>- Drawstring hood with built-in cap</p>\n\n                                <p>- Front placket with snap buttons</p>\n\n                                <p>- Ventilation under armpit</p>\n\n                                <p>- Adjustable cuffs</p>\n\n                                <p>- Double welted front pockets</p>\n\n                                <p>- Adjustable elastic string at hempen</p>\n\n                                <p>- Ultrasonically welded seams</p>\n\n                                <p>This is a unisex item, please check our clothing &amp; footwear sizing guide for specific Rains jacket sizing information. RAINS comes from the rainy nation of Denmark at the edge of the European continent, close to the ocean and with prevailing westerly winds; all factors that contribute to an average of 121 rain days each year. Arising from these rainy weather conditions comes the attitude that a quick rain shower may be beautiful, as well as moody- but first and foremost requires the right outfit. Rains focus on the whole experience of going outside on rainy days, issuing an invitation to explore even in the most mercurial weather.</p>','published','[\"products\\/product-86.jpg\",\"products\\/product-31.jpg\",\"products\\/product-71.jpg\",\"products\\/product-8.jpg\",\"products\\/product-61.jpg\",\"products\\/product-42.jpg\"]',NULL,'NC-176-A0',0,20,0,1,1,6,0,0,241,NULL,NULL,NULL,10.00,12.00,12.00,585.00,NULL,154860,'2024-11-20 02:45:45','2024-11-20 02:45:47','in_stock',0,'Botble\\ACL\\Models\\User',NULL,'physical',NULL,NULL,0,0,0,0,1),(48,'Sitema BakeIT Plastic Box','<p>Short Hooded Coat features a straight body, large pockets with button flaps, ventilation air holes, and a string detail along the hemline.</p>','<p>Short Hooded Coat features a straight body, large pockets with button flaps, ventilation air holes, and a string detail along the hemline. The style is completed with a drawstring hood, featuring Rains’ signature built-in cap. Made from waterproof, matte PU, this lightweight unisex rain jacket is an ode to nostalgia through its classic silhouette and utilitarian design details.</p>\n                                <p>- Casual unisex fit</p>\n\n                                <p>- 64% polyester, 36% polyurethane</p>\n\n                                <p>- Water column pressure: 4000 mm</p>\n\n                                <p>- Model is 187cm tall and wearing a size S / M</p>\n\n                                <p>- Unisex fit</p>\n\n                                <p>- Drawstring hood with built-in cap</p>\n\n                                <p>- Front placket with snap buttons</p>\n\n                                <p>- Ventilation under armpit</p>\n\n                                <p>- Adjustable cuffs</p>\n\n                                <p>- Double welted front pockets</p>\n\n                                <p>- Adjustable elastic string at hempen</p>\n\n                                <p>- Ultrasonically welded seams</p>\n\n                                <p>This is a unisex item, please check our clothing &amp; footwear sizing guide for specific Rains jacket sizing information. RAINS comes from the rainy nation of Denmark at the edge of the European continent, close to the ocean and with prevailing westerly winds; all factors that contribute to an average of 121 rain days each year. Arising from these rainy weather conditions comes the attitude that a quick rain shower may be beautiful, as well as moody- but first and foremost requires the right outfit. Rains focus on the whole experience of going outside on rainy days, issuing an invitation to explore even in the most mercurial weather.</p>','published','[\"products\\/product-87.jpg\",\"products\\/product-60.jpg\",\"products\\/product-64.jpg\",\"products\\/product-32.jpg\",\"products\\/product-54.jpg\",\"products\\/product-90.jpg\",\"products\\/product-23.jpg\",\"products\\/product-40.jpg\"]',NULL,'NC-154-A0',0,13,0,1,0,7,0,0,469,332.99,NULL,NULL,11.00,16.00,19.00,859.00,NULL,185488,'2024-11-20 02:45:45','2024-11-20 02:45:47','in_stock',0,'Botble\\ACL\\Models\\User',NULL,'physical',NULL,NULL,0,0,0,0,1),(49,'Wayfair Basics Dinner Plate Storage','<p>Short Hooded Coat features a straight body, large pockets with button flaps, ventilation air holes, and a string detail along the hemline.</p>','<p>Short Hooded Coat features a straight body, large pockets with button flaps, ventilation air holes, and a string detail along the hemline. The style is completed with a drawstring hood, featuring Rains’ signature built-in cap. Made from waterproof, matte PU, this lightweight unisex rain jacket is an ode to nostalgia through its classic silhouette and utilitarian design details.</p>\n                                <p>- Casual unisex fit</p>\n\n                                <p>- 64% polyester, 36% polyurethane</p>\n\n                                <p>- Water column pressure: 4000 mm</p>\n\n                                <p>- Model is 187cm tall and wearing a size S / M</p>\n\n                                <p>- Unisex fit</p>\n\n                                <p>- Drawstring hood with built-in cap</p>\n\n                                <p>- Front placket with snap buttons</p>\n\n                                <p>- Ventilation under armpit</p>\n\n                                <p>- Adjustable cuffs</p>\n\n                                <p>- Double welted front pockets</p>\n\n                                <p>- Adjustable elastic string at hempen</p>\n\n                                <p>- Ultrasonically welded seams</p>\n\n                                <p>This is a unisex item, please check our clothing &amp; footwear sizing guide for specific Rains jacket sizing information. RAINS comes from the rainy nation of Denmark at the edge of the European continent, close to the ocean and with prevailing westerly winds; all factors that contribute to an average of 121 rain days each year. Arising from these rainy weather conditions comes the attitude that a quick rain shower may be beautiful, as well as moody- but first and foremost requires the right outfit. Rains focus on the whole experience of going outside on rainy days, issuing an invitation to explore even in the most mercurial weather.</p>','published','[\"products\\/product-60.jpg\",\"products\\/product-89.jpg\",\"products\\/product-86.jpg\",\"products\\/product-47.jpg\",\"products\\/product-32.jpg\",\"products\\/product-50.jpg\",\"products\\/product-25.jpg\",\"products\\/product-37.jpg\",\"products\\/product-75.jpg\",\"products\\/product-94.jpg\",\"products\\/product-6.jpg\"]',NULL,'NC-161-A0',0,16,0,1,0,3,0,0,388,NULL,NULL,NULL,16.00,15.00,11.00,773.00,NULL,75777,'2024-11-20 02:45:45','2024-11-20 02:45:47','in_stock',0,'Botble\\ACL\\Models\\User',NULL,'digital',NULL,NULL,0,0,0,0,1),(50,'Miko The Panda Water Bottle','<p>Short Hooded Coat features a straight body, large pockets with button flaps, ventilation air holes, and a string detail along the hemline.</p>','<p>Short Hooded Coat features a straight body, large pockets with button flaps, ventilation air holes, and a string detail along the hemline. The style is completed with a drawstring hood, featuring Rains’ signature built-in cap. Made from waterproof, matte PU, this lightweight unisex rain jacket is an ode to nostalgia through its classic silhouette and utilitarian design details.</p>\n                                <p>- Casual unisex fit</p>\n\n                                <p>- 64% polyester, 36% polyurethane</p>\n\n                                <p>- Water column pressure: 4000 mm</p>\n\n                                <p>- Model is 187cm tall and wearing a size S / M</p>\n\n                                <p>- Unisex fit</p>\n\n                                <p>- Drawstring hood with built-in cap</p>\n\n                                <p>- Front placket with snap buttons</p>\n\n                                <p>- Ventilation under armpit</p>\n\n                                <p>- Adjustable cuffs</p>\n\n                                <p>- Double welted front pockets</p>\n\n                                <p>- Adjustable elastic string at hempen</p>\n\n                                <p>- Ultrasonically welded seams</p>\n\n                                <p>This is a unisex item, please check our clothing &amp; footwear sizing guide for specific Rains jacket sizing information. RAINS comes from the rainy nation of Denmark at the edge of the European continent, close to the ocean and with prevailing westerly winds; all factors that contribute to an average of 121 rain days each year. Arising from these rainy weather conditions comes the attitude that a quick rain shower may be beautiful, as well as moody- but first and foremost requires the right outfit. Rains focus on the whole experience of going outside on rainy days, issuing an invitation to explore even in the most mercurial weather.</p>','published','[\"products\\/product-66.jpg\",\"products\\/product-37.jpg\",\"products\\/product-21.jpg\",\"products\\/product-65.jpg\",\"products\\/product-39.jpg\",\"products\\/product-12.jpg\"]',NULL,'NC-116-A0',0,10,0,1,1,2,0,0,343,NULL,NULL,NULL,19.00,17.00,10.00,647.00,NULL,26582,'2024-11-20 02:45:45','2024-11-20 02:45:47','in_stock',0,'Botble\\ACL\\Models\\User',NULL,'physical',NULL,NULL,0,0,0,0,1),(51,'Sesame Seed Bread','<p>Short Hooded Coat features a straight body, large pockets with button flaps, ventilation air holes, and a string detail along the hemline.</p>','<p>Short Hooded Coat features a straight body, large pockets with button flaps, ventilation air holes, and a string detail along the hemline. The style is completed with a drawstring hood, featuring Rains’ signature built-in cap. Made from waterproof, matte PU, this lightweight unisex rain jacket is an ode to nostalgia through its classic silhouette and utilitarian design details.</p>\n                                <p>- Casual unisex fit</p>\n\n                                <p>- 64% polyester, 36% polyurethane</p>\n\n                                <p>- Water column pressure: 4000 mm</p>\n\n                                <p>- Model is 187cm tall and wearing a size S / M</p>\n\n                                <p>- Unisex fit</p>\n\n                                <p>- Drawstring hood with built-in cap</p>\n\n                                <p>- Front placket with snap buttons</p>\n\n                                <p>- Ventilation under armpit</p>\n\n                                <p>- Adjustable cuffs</p>\n\n                                <p>- Double welted front pockets</p>\n\n                                <p>- Adjustable elastic string at hempen</p>\n\n                                <p>- Ultrasonically welded seams</p>\n\n                                <p>This is a unisex item, please check our clothing &amp; footwear sizing guide for specific Rains jacket sizing information. RAINS comes from the rainy nation of Denmark at the edge of the European continent, close to the ocean and with prevailing westerly winds; all factors that contribute to an average of 121 rain days each year. Arising from these rainy weather conditions comes the attitude that a quick rain shower may be beautiful, as well as moody- but first and foremost requires the right outfit. Rains focus on the whole experience of going outside on rainy days, issuing an invitation to explore even in the most mercurial weather.</p>','published','[\"products\\/product-92.jpg\",\"products\\/product-7.jpg\",\"products\\/product-88.jpg\",\"products\\/product-2.jpg\",\"products\\/product-95.jpg\",\"products\\/product-32.jpg\",\"products\\/product-87.jpg\",\"products\\/product-57.jpg\",\"products\\/product-66.jpg\",\"products\\/product-21.jpg\",\"products\\/product-44.jpg\",\"products\\/product-67.jpg\"]',NULL,'NC-177-A0',0,19,0,1,1,3,0,0,253,NULL,NULL,NULL,10.00,11.00,15.00,812.00,NULL,36734,'2024-11-20 02:45:45','2024-11-20 02:45:47','in_stock',0,'Botble\\ACL\\Models\\User',NULL,'physical',NULL,NULL,0,0,0,0,1),(52,'Morrisons The Best Beef','<p>Short Hooded Coat features a straight body, large pockets with button flaps, ventilation air holes, and a string detail along the hemline.</p>','<p>Short Hooded Coat features a straight body, large pockets with button flaps, ventilation air holes, and a string detail along the hemline. The style is completed with a drawstring hood, featuring Rains’ signature built-in cap. Made from waterproof, matte PU, this lightweight unisex rain jacket is an ode to nostalgia through its classic silhouette and utilitarian design details.</p>\n                                <p>- Casual unisex fit</p>\n\n                                <p>- 64% polyester, 36% polyurethane</p>\n\n                                <p>- Water column pressure: 4000 mm</p>\n\n                                <p>- Model is 187cm tall and wearing a size S / M</p>\n\n                                <p>- Unisex fit</p>\n\n                                <p>- Drawstring hood with built-in cap</p>\n\n                                <p>- Front placket with snap buttons</p>\n\n                                <p>- Ventilation under armpit</p>\n\n                                <p>- Adjustable cuffs</p>\n\n                                <p>- Double welted front pockets</p>\n\n                                <p>- Adjustable elastic string at hempen</p>\n\n                                <p>- Ultrasonically welded seams</p>\n\n                                <p>This is a unisex item, please check our clothing &amp; footwear sizing guide for specific Rains jacket sizing information. RAINS comes from the rainy nation of Denmark at the edge of the European continent, close to the ocean and with prevailing westerly winds; all factors that contribute to an average of 121 rain days each year. Arising from these rainy weather conditions comes the attitude that a quick rain shower may be beautiful, as well as moody- but first and foremost requires the right outfit. Rains focus on the whole experience of going outside on rainy days, issuing an invitation to explore even in the most mercurial weather.</p>','published','[\"products\\/product-79.jpg\",\"products\\/product-64.jpg\",\"products\\/product-59.jpg\",\"products\\/product-16.jpg\",\"products\\/product-93.jpg\"]',NULL,'NC-159-A0',0,17,0,1,0,1,0,0,224,188.16,NULL,NULL,15.00,19.00,12.00,832.00,NULL,62466,'2024-11-20 02:45:45','2024-11-20 02:45:47','in_stock',0,'Botble\\ACL\\Models\\User',NULL,'physical',NULL,NULL,0,0,0,0,1),(53,'Avocado, Hass Large','<p>Short Hooded Coat features a straight body, large pockets with button flaps, ventilation air holes, and a string detail along the hemline.</p>','<p>Short Hooded Coat features a straight body, large pockets with button flaps, ventilation air holes, and a string detail along the hemline. The style is completed with a drawstring hood, featuring Rains’ signature built-in cap. Made from waterproof, matte PU, this lightweight unisex rain jacket is an ode to nostalgia through its classic silhouette and utilitarian design details.</p>\n                                <p>- Casual unisex fit</p>\n\n                                <p>- 64% polyester, 36% polyurethane</p>\n\n                                <p>- Water column pressure: 4000 mm</p>\n\n                                <p>- Model is 187cm tall and wearing a size S / M</p>\n\n                                <p>- Unisex fit</p>\n\n                                <p>- Drawstring hood with built-in cap</p>\n\n                                <p>- Front placket with snap buttons</p>\n\n                                <p>- Ventilation under armpit</p>\n\n                                <p>- Adjustable cuffs</p>\n\n                                <p>- Double welted front pockets</p>\n\n                                <p>- Adjustable elastic string at hempen</p>\n\n                                <p>- Ultrasonically welded seams</p>\n\n                                <p>This is a unisex item, please check our clothing &amp; footwear sizing guide for specific Rains jacket sizing information. RAINS comes from the rainy nation of Denmark at the edge of the European continent, close to the ocean and with prevailing westerly winds; all factors that contribute to an average of 121 rain days each year. Arising from these rainy weather conditions comes the attitude that a quick rain shower may be beautiful, as well as moody- but first and foremost requires the right outfit. Rains focus on the whole experience of going outside on rainy days, issuing an invitation to explore even in the most mercurial weather.</p>','published','[\"products\\/product-36.jpg\",\"products\\/product-4.jpg\",\"products\\/product-94.jpg\",\"products\\/product-39.jpg\",\"products\\/product-27.jpg\",\"products\\/product-66.jpg\",\"products\\/product-41.jpg\"]',NULL,'NC-132-A0',0,19,0,1,0,3,0,0,411,NULL,NULL,NULL,14.00,10.00,19.00,849.00,NULL,131896,'2024-11-20 02:45:45','2024-11-20 02:45:47','in_stock',0,'Botble\\ACL\\Models\\User',NULL,'digital',NULL,NULL,0,0,0,0,1),(54,'Italia Beef Lasagne','<p>Short Hooded Coat features a straight body, large pockets with button flaps, ventilation air holes, and a string detail along the hemline.</p>','<p>Short Hooded Coat features a straight body, large pockets with button flaps, ventilation air holes, and a string detail along the hemline. The style is completed with a drawstring hood, featuring Rains’ signature built-in cap. Made from waterproof, matte PU, this lightweight unisex rain jacket is an ode to nostalgia through its classic silhouette and utilitarian design details.</p>\n                                <p>- Casual unisex fit</p>\n\n                                <p>- 64% polyester, 36% polyurethane</p>\n\n                                <p>- Water column pressure: 4000 mm</p>\n\n                                <p>- Model is 187cm tall and wearing a size S / M</p>\n\n                                <p>- Unisex fit</p>\n\n                                <p>- Drawstring hood with built-in cap</p>\n\n                                <p>- Front placket with snap buttons</p>\n\n                                <p>- Ventilation under armpit</p>\n\n                                <p>- Adjustable cuffs</p>\n\n                                <p>- Double welted front pockets</p>\n\n                                <p>- Adjustable elastic string at hempen</p>\n\n                                <p>- Ultrasonically welded seams</p>\n\n                                <p>This is a unisex item, please check our clothing &amp; footwear sizing guide for specific Rains jacket sizing information. RAINS comes from the rainy nation of Denmark at the edge of the European continent, close to the ocean and with prevailing westerly winds; all factors that contribute to an average of 121 rain days each year. Arising from these rainy weather conditions comes the attitude that a quick rain shower may be beautiful, as well as moody- but first and foremost requires the right outfit. Rains focus on the whole experience of going outside on rainy days, issuing an invitation to explore even in the most mercurial weather.</p>','published','[\"products\\/product-94.jpg\",\"products\\/product-76.jpg\",\"products\\/product-34.jpg\",\"products\\/product-27.jpg\",\"products\\/product-17.jpg\",\"products\\/product-59.jpg\"]',NULL,'NC-130-A0',0,12,0,1,0,5,0,0,445,NULL,NULL,NULL,16.00,14.00,15.00,865.00,NULL,116164,'2024-11-20 02:45:45','2024-11-20 02:45:47','in_stock',0,'Botble\\ACL\\Models\\User',NULL,'physical',NULL,NULL,0,0,0,0,2),(55,'Maxwell House Classic Roast Mocha','<p>Short Hooded Coat features a straight body, large pockets with button flaps, ventilation air holes, and a string detail along the hemline.</p>','<p>Short Hooded Coat features a straight body, large pockets with button flaps, ventilation air holes, and a string detail along the hemline. The style is completed with a drawstring hood, featuring Rains’ signature built-in cap. Made from waterproof, matte PU, this lightweight unisex rain jacket is an ode to nostalgia through its classic silhouette and utilitarian design details.</p>\n                                <p>- Casual unisex fit</p>\n\n                                <p>- 64% polyester, 36% polyurethane</p>\n\n                                <p>- Water column pressure: 4000 mm</p>\n\n                                <p>- Model is 187cm tall and wearing a size S / M</p>\n\n                                <p>- Unisex fit</p>\n\n                                <p>- Drawstring hood with built-in cap</p>\n\n                                <p>- Front placket with snap buttons</p>\n\n                                <p>- Ventilation under armpit</p>\n\n                                <p>- Adjustable cuffs</p>\n\n                                <p>- Double welted front pockets</p>\n\n                                <p>- Adjustable elastic string at hempen</p>\n\n                                <p>- Ultrasonically welded seams</p>\n\n                                <p>This is a unisex item, please check our clothing &amp; footwear sizing guide for specific Rains jacket sizing information. RAINS comes from the rainy nation of Denmark at the edge of the European continent, close to the ocean and with prevailing westerly winds; all factors that contribute to an average of 121 rain days each year. Arising from these rainy weather conditions comes the attitude that a quick rain shower may be beautiful, as well as moody- but first and foremost requires the right outfit. Rains focus on the whole experience of going outside on rainy days, issuing an invitation to explore even in the most mercurial weather.</p>','published','[\"products\\/product-44.jpg\",\"products\\/product-54.jpg\",\"products\\/product-85.jpg\",\"products\\/product-48.jpg\",\"products\\/product-45.jpg\"]',NULL,'NC-147-A0',0,10,0,1,1,7,0,0,459,NULL,NULL,NULL,10.00,13.00,17.00,778.00,NULL,36861,'2024-11-20 02:45:45','2024-11-20 02:45:47','in_stock',0,'Botble\\ACL\\Models\\User',NULL,'physical',NULL,NULL,0,0,0,0,1),(56,'Bottled Pure Water 500ml','<p>Short Hooded Coat features a straight body, large pockets with button flaps, ventilation air holes, and a string detail along the hemline.</p>','<p>Short Hooded Coat features a straight body, large pockets with button flaps, ventilation air holes, and a string detail along the hemline. The style is completed with a drawstring hood, featuring Rains’ signature built-in cap. Made from waterproof, matte PU, this lightweight unisex rain jacket is an ode to nostalgia through its classic silhouette and utilitarian design details.</p>\n                                <p>- Casual unisex fit</p>\n\n                                <p>- 64% polyester, 36% polyurethane</p>\n\n                                <p>- Water column pressure: 4000 mm</p>\n\n                                <p>- Model is 187cm tall and wearing a size S / M</p>\n\n                                <p>- Unisex fit</p>\n\n                                <p>- Drawstring hood with built-in cap</p>\n\n                                <p>- Front placket with snap buttons</p>\n\n                                <p>- Ventilation under armpit</p>\n\n                                <p>- Adjustable cuffs</p>\n\n                                <p>- Double welted front pockets</p>\n\n                                <p>- Adjustable elastic string at hempen</p>\n\n                                <p>- Ultrasonically welded seams</p>\n\n                                <p>This is a unisex item, please check our clothing &amp; footwear sizing guide for specific Rains jacket sizing information. RAINS comes from the rainy nation of Denmark at the edge of the European continent, close to the ocean and with prevailing westerly winds; all factors that contribute to an average of 121 rain days each year. Arising from these rainy weather conditions comes the attitude that a quick rain shower may be beautiful, as well as moody- but first and foremost requires the right outfit. Rains focus on the whole experience of going outside on rainy days, issuing an invitation to explore even in the most mercurial weather.</p>','published','[\"products\\/product-17.jpg\",\"products\\/product-19.jpg\",\"products\\/product-61.jpg\",\"products\\/product-4.jpg\",\"products\\/product-56.jpg\",\"products\\/product-28.jpg\",\"products\\/product-55.jpg\",\"products\\/product-89.jpg\",\"products\\/product-23.jpg\",\"products\\/product-30.jpg\",\"products\\/product-80.jpg\"]',NULL,'NC-128-A0',0,14,0,1,1,3,0,0,391,351.9,NULL,NULL,11.00,10.00,11.00,739.00,NULL,44705,'2024-11-20 02:45:45','2024-11-20 02:45:47','in_stock',0,'Botble\\ACL\\Models\\User',NULL,'physical',NULL,NULL,0,0,0,0,1),(57,'Famart Farmhouse Soft White','<p>Short Hooded Coat features a straight body, large pockets with button flaps, ventilation air holes, and a string detail along the hemline.</p>','<p>Short Hooded Coat features a straight body, large pockets with button flaps, ventilation air holes, and a string detail along the hemline. The style is completed with a drawstring hood, featuring Rains’ signature built-in cap. Made from waterproof, matte PU, this lightweight unisex rain jacket is an ode to nostalgia through its classic silhouette and utilitarian design details.</p>\n                                <p>- Casual unisex fit</p>\n\n                                <p>- 64% polyester, 36% polyurethane</p>\n\n                                <p>- Water column pressure: 4000 mm</p>\n\n                                <p>- Model is 187cm tall and wearing a size S / M</p>\n\n                                <p>- Unisex fit</p>\n\n                                <p>- Drawstring hood with built-in cap</p>\n\n                                <p>- Front placket with snap buttons</p>\n\n                                <p>- Ventilation under armpit</p>\n\n                                <p>- Adjustable cuffs</p>\n\n                                <p>- Double welted front pockets</p>\n\n                                <p>- Adjustable elastic string at hempen</p>\n\n                                <p>- Ultrasonically welded seams</p>\n\n                                <p>This is a unisex item, please check our clothing &amp; footwear sizing guide for specific Rains jacket sizing information. RAINS comes from the rainy nation of Denmark at the edge of the European continent, close to the ocean and with prevailing westerly winds; all factors that contribute to an average of 121 rain days each year. Arising from these rainy weather conditions comes the attitude that a quick rain shower may be beautiful, as well as moody- but first and foremost requires the right outfit. Rains focus on the whole experience of going outside on rainy days, issuing an invitation to explore even in the most mercurial weather.</p>','published','[\"products\\/product-1.jpg\",\"products\\/product-94.jpg\",\"products\\/product-58.jpg\",\"products\\/product-34.jpg\",\"products\\/product-68.jpg\",\"products\\/product-76.jpg\",\"products\\/product-74.jpg\",\"products\\/product-93.jpg\"]',NULL,'NC-125-A0',0,11,0,1,1,1,0,0,200,NULL,NULL,NULL,13.00,18.00,16.00,612.00,NULL,93264,'2024-11-20 02:45:45','2024-11-20 02:45:47','in_stock',0,'Botble\\ACL\\Models\\User',NULL,'digital',NULL,NULL,0,0,0,0,1),(58,'Coca-Cola Original Taste','<p>Short Hooded Coat features a straight body, large pockets with button flaps, ventilation air holes, and a string detail along the hemline.</p>','<p>Short Hooded Coat features a straight body, large pockets with button flaps, ventilation air holes, and a string detail along the hemline. The style is completed with a drawstring hood, featuring Rains’ signature built-in cap. Made from waterproof, matte PU, this lightweight unisex rain jacket is an ode to nostalgia through its classic silhouette and utilitarian design details.</p>\n                                <p>- Casual unisex fit</p>\n\n                                <p>- 64% polyester, 36% polyurethane</p>\n\n                                <p>- Water column pressure: 4000 mm</p>\n\n                                <p>- Model is 187cm tall and wearing a size S / M</p>\n\n                                <p>- Unisex fit</p>\n\n                                <p>- Drawstring hood with built-in cap</p>\n\n                                <p>- Front placket with snap buttons</p>\n\n                                <p>- Ventilation under armpit</p>\n\n                                <p>- Adjustable cuffs</p>\n\n                                <p>- Double welted front pockets</p>\n\n                                <p>- Adjustable elastic string at hempen</p>\n\n                                <p>- Ultrasonically welded seams</p>\n\n                                <p>This is a unisex item, please check our clothing &amp; footwear sizing guide for specific Rains jacket sizing information. RAINS comes from the rainy nation of Denmark at the edge of the European continent, close to the ocean and with prevailing westerly winds; all factors that contribute to an average of 121 rain days each year. Arising from these rainy weather conditions comes the attitude that a quick rain shower may be beautiful, as well as moody- but first and foremost requires the right outfit. Rains focus on the whole experience of going outside on rainy days, issuing an invitation to explore even in the most mercurial weather.</p>','published','[\"products\\/product-21.jpg\",\"products\\/product-33.jpg\",\"products\\/product-59.jpg\",\"products\\/product-84.jpg\",\"products\\/product-90.jpg\",\"products\\/product-11.jpg\",\"products\\/product-28.jpg\",\"products\\/product-71.jpg\",\"products\\/product-36.jpg\",\"products\\/product-49.jpg\"]',NULL,'NC-124-A0',0,17,0,1,1,7,0,0,311,NULL,NULL,NULL,18.00,17.00,15.00,588.00,NULL,90801,'2024-11-20 02:45:45','2024-11-20 02:45:47','in_stock',0,'Botble\\ACL\\Models\\User',NULL,'physical',NULL,NULL,0,0,0,0,2),(59,'Casillero Diablo Cabernet Sauvignon','<p>Short Hooded Coat features a straight body, large pockets with button flaps, ventilation air holes, and a string detail along the hemline.</p>','<p>Short Hooded Coat features a straight body, large pockets with button flaps, ventilation air holes, and a string detail along the hemline. The style is completed with a drawstring hood, featuring Rains’ signature built-in cap. Made from waterproof, matte PU, this lightweight unisex rain jacket is an ode to nostalgia through its classic silhouette and utilitarian design details.</p>\n                                <p>- Casual unisex fit</p>\n\n                                <p>- 64% polyester, 36% polyurethane</p>\n\n                                <p>- Water column pressure: 4000 mm</p>\n\n                                <p>- Model is 187cm tall and wearing a size S / M</p>\n\n                                <p>- Unisex fit</p>\n\n                                <p>- Drawstring hood with built-in cap</p>\n\n                                <p>- Front placket with snap buttons</p>\n\n                                <p>- Ventilation under armpit</p>\n\n                                <p>- Adjustable cuffs</p>\n\n                                <p>- Double welted front pockets</p>\n\n                                <p>- Adjustable elastic string at hempen</p>\n\n                                <p>- Ultrasonically welded seams</p>\n\n                                <p>This is a unisex item, please check our clothing &amp; footwear sizing guide for specific Rains jacket sizing information. RAINS comes from the rainy nation of Denmark at the edge of the European continent, close to the ocean and with prevailing westerly winds; all factors that contribute to an average of 121 rain days each year. Arising from these rainy weather conditions comes the attitude that a quick rain shower may be beautiful, as well as moody- but first and foremost requires the right outfit. Rains focus on the whole experience of going outside on rainy days, issuing an invitation to explore even in the most mercurial weather.</p>','published','[\"products\\/product-95.jpg\",\"products\\/product-7.jpg\",\"products\\/product-11.jpg\",\"products\\/product-30.jpg\",\"products\\/product-56.jpg\",\"products\\/product-85.jpg\",\"products\\/product-22.jpg\",\"products\\/product-26.jpg\"]',NULL,'NC-178-A0',0,17,0,1,1,4,0,0,411,NULL,NULL,NULL,15.00,13.00,15.00,827.00,NULL,9038,'2024-11-20 02:45:45','2024-11-20 02:45:47','in_stock',0,'Botble\\ACL\\Models\\User',NULL,'physical',NULL,NULL,0,0,0,0,1),(60,'Arla Organic Free Range Milk','<p>Short Hooded Coat features a straight body, large pockets with button flaps, ventilation air holes, and a string detail along the hemline.</p>','<p>Short Hooded Coat features a straight body, large pockets with button flaps, ventilation air holes, and a string detail along the hemline. The style is completed with a drawstring hood, featuring Rains’ signature built-in cap. Made from waterproof, matte PU, this lightweight unisex rain jacket is an ode to nostalgia through its classic silhouette and utilitarian design details.</p>\n                                <p>- Casual unisex fit</p>\n\n                                <p>- 64% polyester, 36% polyurethane</p>\n\n                                <p>- Water column pressure: 4000 mm</p>\n\n                                <p>- Model is 187cm tall and wearing a size S / M</p>\n\n                                <p>- Unisex fit</p>\n\n                                <p>- Drawstring hood with built-in cap</p>\n\n                                <p>- Front placket with snap buttons</p>\n\n                                <p>- Ventilation under armpit</p>\n\n                                <p>- Adjustable cuffs</p>\n\n                                <p>- Double welted front pockets</p>\n\n                                <p>- Adjustable elastic string at hempen</p>\n\n                                <p>- Ultrasonically welded seams</p>\n\n                                <p>This is a unisex item, please check our clothing &amp; footwear sizing guide for specific Rains jacket sizing information. RAINS comes from the rainy nation of Denmark at the edge of the European continent, close to the ocean and with prevailing westerly winds; all factors that contribute to an average of 121 rain days each year. Arising from these rainy weather conditions comes the attitude that a quick rain shower may be beautiful, as well as moody- but first and foremost requires the right outfit. Rains focus on the whole experience of going outside on rainy days, issuing an invitation to explore even in the most mercurial weather.</p>','published','[\"products\\/product-68.jpg\",\"products\\/product-89.jpg\",\"products\\/product-42.jpg\",\"products\\/product-74.jpg\",\"products\\/product-23.jpg\"]',NULL,'NC-195-A0',0,18,0,1,0,2,0,0,471,339.12,NULL,NULL,19.00,18.00,14.00,770.00,NULL,159771,'2024-11-20 02:45:45','2024-11-20 02:45:47','in_stock',0,'Botble\\ACL\\Models\\User',NULL,'physical',NULL,NULL,0,0,0,0,1),(61,'Aptamil Follow On Baby Milk','<p>Short Hooded Coat features a straight body, large pockets with button flaps, ventilation air holes, and a string detail along the hemline.</p>','<p>Short Hooded Coat features a straight body, large pockets with button flaps, ventilation air holes, and a string detail along the hemline. The style is completed with a drawstring hood, featuring Rains’ signature built-in cap. Made from waterproof, matte PU, this lightweight unisex rain jacket is an ode to nostalgia through its classic silhouette and utilitarian design details.</p>\n                                <p>- Casual unisex fit</p>\n\n                                <p>- 64% polyester, 36% polyurethane</p>\n\n                                <p>- Water column pressure: 4000 mm</p>\n\n                                <p>- Model is 187cm tall and wearing a size S / M</p>\n\n                                <p>- Unisex fit</p>\n\n                                <p>- Drawstring hood with built-in cap</p>\n\n                                <p>- Front placket with snap buttons</p>\n\n                                <p>- Ventilation under armpit</p>\n\n                                <p>- Adjustable cuffs</p>\n\n                                <p>- Double welted front pockets</p>\n\n                                <p>- Adjustable elastic string at hempen</p>\n\n                                <p>- Ultrasonically welded seams</p>\n\n                                <p>This is a unisex item, please check our clothing &amp; footwear sizing guide for specific Rains jacket sizing information. RAINS comes from the rainy nation of Denmark at the edge of the European continent, close to the ocean and with prevailing westerly winds; all factors that contribute to an average of 121 rain days each year. Arising from these rainy weather conditions comes the attitude that a quick rain shower may be beautiful, as well as moody- but first and foremost requires the right outfit. Rains focus on the whole experience of going outside on rainy days, issuing an invitation to explore even in the most mercurial weather.</p>','published','[\"products\\/product-29.jpg\",\"products\\/product-71.jpg\",\"products\\/product-1.jpg\",\"products\\/product-82.jpg\",\"products\\/product-33.jpg\",\"products\\/product-50.jpg\",\"products\\/product-79.jpg\",\"products\\/product-6.jpg\",\"products\\/product-72.jpg\"]',NULL,'NC-150-A0',0,12,0,1,1,7,0,0,327,NULL,NULL,NULL,15.00,18.00,12.00,512.00,NULL,4899,'2024-11-20 02:45:45','2024-11-20 02:45:47','in_stock',0,'Botble\\ACL\\Models\\User',NULL,'digital',NULL,NULL,0,0,0,0,1),(62,'Cuisinart Chef’S Classic Hard-Anodized','<p>Short Hooded Coat features a straight body, large pockets with button flaps, ventilation air holes, and a string detail along the hemline.</p>','<p>Short Hooded Coat features a straight body, large pockets with button flaps, ventilation air holes, and a string detail along the hemline. The style is completed with a drawstring hood, featuring Rains’ signature built-in cap. Made from waterproof, matte PU, this lightweight unisex rain jacket is an ode to nostalgia through its classic silhouette and utilitarian design details.</p>\n                                <p>- Casual unisex fit</p>\n\n                                <p>- 64% polyester, 36% polyurethane</p>\n\n                                <p>- Water column pressure: 4000 mm</p>\n\n                                <p>- Model is 187cm tall and wearing a size S / M</p>\n\n                                <p>- Unisex fit</p>\n\n                                <p>- Drawstring hood with built-in cap</p>\n\n                                <p>- Front placket with snap buttons</p>\n\n                                <p>- Ventilation under armpit</p>\n\n                                <p>- Adjustable cuffs</p>\n\n                                <p>- Double welted front pockets</p>\n\n                                <p>- Adjustable elastic string at hempen</p>\n\n                                <p>- Ultrasonically welded seams</p>\n\n                                <p>This is a unisex item, please check our clothing &amp; footwear sizing guide for specific Rains jacket sizing information. RAINS comes from the rainy nation of Denmark at the edge of the European continent, close to the ocean and with prevailing westerly winds; all factors that contribute to an average of 121 rain days each year. Arising from these rainy weather conditions comes the attitude that a quick rain shower may be beautiful, as well as moody- but first and foremost requires the right outfit. Rains focus on the whole experience of going outside on rainy days, issuing an invitation to explore even in the most mercurial weather.</p>','published','[\"products\\/product-46.jpg\",\"products\\/product-15.jpg\",\"products\\/product-50.jpg\",\"products\\/product-24.jpg\",\"products\\/product-76.jpg\",\"products\\/product-71.jpg\",\"products\\/product-25.jpg\",\"products\\/product-43.jpg\"]',NULL,'NC-126-A0',0,18,0,1,1,4,0,0,437,NULL,NULL,NULL,12.00,20.00,20.00,821.00,NULL,76322,'2024-11-20 02:45:45','2024-11-20 02:45:47','in_stock',0,'Botble\\ACL\\Models\\User',NULL,'physical',NULL,NULL,0,0,0,0,2),(63,'Corn, Yellow Sweet','<p>Short Hooded Coat features a straight body, large pockets with button flaps, ventilation air holes, and a string detail along the hemline.</p>','<p>Short Hooded Coat features a straight body, large pockets with button flaps, ventilation air holes, and a string detail along the hemline. The style is completed with a drawstring hood, featuring Rains’ signature built-in cap. Made from waterproof, matte PU, this lightweight unisex rain jacket is an ode to nostalgia through its classic silhouette and utilitarian design details.</p>\n                                <p>- Casual unisex fit</p>\n\n                                <p>- 64% polyester, 36% polyurethane</p>\n\n                                <p>- Water column pressure: 4000 mm</p>\n\n                                <p>- Model is 187cm tall and wearing a size S / M</p>\n\n                                <p>- Unisex fit</p>\n\n                                <p>- Drawstring hood with built-in cap</p>\n\n                                <p>- Front placket with snap buttons</p>\n\n                                <p>- Ventilation under armpit</p>\n\n                                <p>- Adjustable cuffs</p>\n\n                                <p>- Double welted front pockets</p>\n\n                                <p>- Adjustable elastic string at hempen</p>\n\n                                <p>- Ultrasonically welded seams</p>\n\n                                <p>This is a unisex item, please check our clothing &amp; footwear sizing guide for specific Rains jacket sizing information. RAINS comes from the rainy nation of Denmark at the edge of the European continent, close to the ocean and with prevailing westerly winds; all factors that contribute to an average of 121 rain days each year. Arising from these rainy weather conditions comes the attitude that a quick rain shower may be beautiful, as well as moody- but first and foremost requires the right outfit. Rains focus on the whole experience of going outside on rainy days, issuing an invitation to explore even in the most mercurial weather.</p>','published','[\"products\\/product-64.jpg\",\"products\\/product-80.jpg\",\"products\\/product-42.jpg\",\"products\\/product-69.jpg\",\"products\\/product-2.jpg\",\"products\\/product-77.jpg\",\"products\\/product-79.jpg\",\"products\\/product-85.jpg\",\"products\\/product-40.jpg\",\"products\\/product-29.jpg\"]',NULL,'NC-102-A0',0,14,0,1,0,5,0,0,244,NULL,NULL,NULL,17.00,16.00,13.00,842.00,NULL,97967,'2024-11-20 02:45:45','2024-11-20 02:45:47','in_stock',0,'Botble\\ACL\\Models\\User',NULL,'physical',NULL,NULL,0,0,0,0,1),(64,'Hobnobs The Nobbly Biscuit','<p>Short Hooded Coat features a straight body, large pockets with button flaps, ventilation air holes, and a string detail along the hemline.</p>','<p>Short Hooded Coat features a straight body, large pockets with button flaps, ventilation air holes, and a string detail along the hemline. The style is completed with a drawstring hood, featuring Rains’ signature built-in cap. Made from waterproof, matte PU, this lightweight unisex rain jacket is an ode to nostalgia through its classic silhouette and utilitarian design details.</p>\n                                <p>- Casual unisex fit</p>\n\n                                <p>- 64% polyester, 36% polyurethane</p>\n\n                                <p>- Water column pressure: 4000 mm</p>\n\n                                <p>- Model is 187cm tall and wearing a size S / M</p>\n\n                                <p>- Unisex fit</p>\n\n                                <p>- Drawstring hood with built-in cap</p>\n\n                                <p>- Front placket with snap buttons</p>\n\n                                <p>- Ventilation under armpit</p>\n\n                                <p>- Adjustable cuffs</p>\n\n                                <p>- Double welted front pockets</p>\n\n                                <p>- Adjustable elastic string at hempen</p>\n\n                                <p>- Ultrasonically welded seams</p>\n\n                                <p>This is a unisex item, please check our clothing &amp; footwear sizing guide for specific Rains jacket sizing information. RAINS comes from the rainy nation of Denmark at the edge of the European continent, close to the ocean and with prevailing westerly winds; all factors that contribute to an average of 121 rain days each year. Arising from these rainy weather conditions comes the attitude that a quick rain shower may be beautiful, as well as moody- but first and foremost requires the right outfit. Rains focus on the whole experience of going outside on rainy days, issuing an invitation to explore even in the most mercurial weather.</p>','published','[\"products\\/product-60.jpg\",\"products\\/product-46.jpg\",\"products\\/product-8.jpg\",\"products\\/product-73.jpg\",\"products\\/product-34.jpg\",\"products\\/product-64.jpg\",\"products\\/product-61.jpg\",\"products\\/product-16.jpg\",\"products\\/product-21.jpg\",\"products\\/product-85.jpg\",\"products\\/product-11.jpg\",\"products\\/product-4.jpg\"]',NULL,'NC-154-A0',0,18,0,1,1,2,0,0,387,344.43,NULL,NULL,14.00,10.00,10.00,643.00,NULL,19436,'2024-11-20 02:45:45','2024-11-20 02:45:47','in_stock',0,'Botble\\ACL\\Models\\User',NULL,'physical',NULL,NULL,0,0,0,0,1),(65,'Honest Organic Still Lemonade','<p>Short Hooded Coat features a straight body, large pockets with button flaps, ventilation air holes, and a string detail along the hemline.</p>','<p>Short Hooded Coat features a straight body, large pockets with button flaps, ventilation air holes, and a string detail along the hemline. The style is completed with a drawstring hood, featuring Rains’ signature built-in cap. Made from waterproof, matte PU, this lightweight unisex rain jacket is an ode to nostalgia through its classic silhouette and utilitarian design details.</p>\n                                <p>- Casual unisex fit</p>\n\n                                <p>- 64% polyester, 36% polyurethane</p>\n\n                                <p>- Water column pressure: 4000 mm</p>\n\n                                <p>- Model is 187cm tall and wearing a size S / M</p>\n\n                                <p>- Unisex fit</p>\n\n                                <p>- Drawstring hood with built-in cap</p>\n\n                                <p>- Front placket with snap buttons</p>\n\n                                <p>- Ventilation under armpit</p>\n\n                                <p>- Adjustable cuffs</p>\n\n                                <p>- Double welted front pockets</p>\n\n                                <p>- Adjustable elastic string at hempen</p>\n\n                                <p>- Ultrasonically welded seams</p>\n\n                                <p>This is a unisex item, please check our clothing &amp; footwear sizing guide for specific Rains jacket sizing information. RAINS comes from the rainy nation of Denmark at the edge of the European continent, close to the ocean and with prevailing westerly winds; all factors that contribute to an average of 121 rain days each year. Arising from these rainy weather conditions comes the attitude that a quick rain shower may be beautiful, as well as moody- but first and foremost requires the right outfit. Rains focus on the whole experience of going outside on rainy days, issuing an invitation to explore even in the most mercurial weather.</p>','published','[\"products\\/product-45.jpg\",\"products\\/product-81.jpg\",\"products\\/product-86.jpg\",\"products\\/product-74.jpg\",\"products\\/product-21.jpg\",\"products\\/product-34.jpg\",\"products\\/product-95.jpg\"]',NULL,'NC-194-A0',0,12,0,1,1,1,0,0,331,NULL,NULL,NULL,11.00,15.00,15.00,604.00,NULL,124515,'2024-11-20 02:45:45','2024-11-20 02:45:47','in_stock',0,'Botble\\ACL\\Models\\User',NULL,'digital',NULL,NULL,0,0,0,0,2),(66,'Ice Beck’s Beer 350ml x 24 Pieces','<p>Short Hooded Coat features a straight body, large pockets with button flaps, ventilation air holes, and a string detail along the hemline.</p>','<p>Short Hooded Coat features a straight body, large pockets with button flaps, ventilation air holes, and a string detail along the hemline. The style is completed with a drawstring hood, featuring Rains’ signature built-in cap. Made from waterproof, matte PU, this lightweight unisex rain jacket is an ode to nostalgia through its classic silhouette and utilitarian design details.</p>\n                                <p>- Casual unisex fit</p>\n\n                                <p>- 64% polyester, 36% polyurethane</p>\n\n                                <p>- Water column pressure: 4000 mm</p>\n\n                                <p>- Model is 187cm tall and wearing a size S / M</p>\n\n                                <p>- Unisex fit</p>\n\n                                <p>- Drawstring hood with built-in cap</p>\n\n                                <p>- Front placket with snap buttons</p>\n\n                                <p>- Ventilation under armpit</p>\n\n                                <p>- Adjustable cuffs</p>\n\n                                <p>- Double welted front pockets</p>\n\n                                <p>- Adjustable elastic string at hempen</p>\n\n                                <p>- Ultrasonically welded seams</p>\n\n                                <p>This is a unisex item, please check our clothing &amp; footwear sizing guide for specific Rains jacket sizing information. RAINS comes from the rainy nation of Denmark at the edge of the European continent, close to the ocean and with prevailing westerly winds; all factors that contribute to an average of 121 rain days each year. Arising from these rainy weather conditions comes the attitude that a quick rain shower may be beautiful, as well as moody- but first and foremost requires the right outfit. Rains focus on the whole experience of going outside on rainy days, issuing an invitation to explore even in the most mercurial weather.</p>','published','[\"products\\/product-2.jpg\",\"products\\/product-52.jpg\",\"products\\/product-1.jpg\",\"products\\/product-80.jpg\",\"products\\/product-47.jpg\",\"products\\/product-16.jpg\",\"products\\/product-79.jpg\",\"products\\/product-86.jpg\",\"products\\/product-68.jpg\",\"products\\/product-60.jpg\",\"products\\/product-89.jpg\",\"products\\/product-85.jpg\"]',NULL,'NC-176-A0',0,16,0,1,1,7,0,0,472,NULL,NULL,NULL,16.00,15.00,15.00,546.00,NULL,131694,'2024-11-20 02:45:45','2024-11-20 02:45:47','in_stock',0,'Botble\\ACL\\Models\\User',NULL,'physical',NULL,NULL,0,0,0,0,2),(67,'Iceland 6 Hot Cross Buns','<p>Short Hooded Coat features a straight body, large pockets with button flaps, ventilation air holes, and a string detail along the hemline.</p>','<p>Short Hooded Coat features a straight body, large pockets with button flaps, ventilation air holes, and a string detail along the hemline. The style is completed with a drawstring hood, featuring Rains’ signature built-in cap. Made from waterproof, matte PU, this lightweight unisex rain jacket is an ode to nostalgia through its classic silhouette and utilitarian design details.</p>\n                                <p>- Casual unisex fit</p>\n\n                                <p>- 64% polyester, 36% polyurethane</p>\n\n                                <p>- Water column pressure: 4000 mm</p>\n\n                                <p>- Model is 187cm tall and wearing a size S / M</p>\n\n                                <p>- Unisex fit</p>\n\n                                <p>- Drawstring hood with built-in cap</p>\n\n                                <p>- Front placket with snap buttons</p>\n\n                                <p>- Ventilation under armpit</p>\n\n                                <p>- Adjustable cuffs</p>\n\n                                <p>- Double welted front pockets</p>\n\n                                <p>- Adjustable elastic string at hempen</p>\n\n                                <p>- Ultrasonically welded seams</p>\n\n                                <p>This is a unisex item, please check our clothing &amp; footwear sizing guide for specific Rains jacket sizing information. RAINS comes from the rainy nation of Denmark at the edge of the European continent, close to the ocean and with prevailing westerly winds; all factors that contribute to an average of 121 rain days each year. Arising from these rainy weather conditions comes the attitude that a quick rain shower may be beautiful, as well as moody- but first and foremost requires the right outfit. Rains focus on the whole experience of going outside on rainy days, issuing an invitation to explore even in the most mercurial weather.</p>','published','[\"products\\/product-20.jpg\",\"products\\/product-49.jpg\",\"products\\/product-56.jpg\",\"products\\/product-59.jpg\",\"products\\/product-67.jpg\",\"products\\/product-30.jpg\",\"products\\/product-88.jpg\",\"products\\/product-57.jpg\"]',NULL,'NC-126-A0',0,10,0,1,1,2,0,0,385,NULL,NULL,NULL,18.00,11.00,15.00,650.00,NULL,33394,'2024-11-20 02:45:45','2024-11-20 02:45:47','in_stock',0,'Botble\\ACL\\Models\\User',NULL,'physical',NULL,NULL,0,0,0,0,1),(68,'Iceland Luxury 4 Panini Rolls','<p>Short Hooded Coat features a straight body, large pockets with button flaps, ventilation air holes, and a string detail along the hemline.</p>','<p>Short Hooded Coat features a straight body, large pockets with button flaps, ventilation air holes, and a string detail along the hemline. The style is completed with a drawstring hood, featuring Rains’ signature built-in cap. Made from waterproof, matte PU, this lightweight unisex rain jacket is an ode to nostalgia through its classic silhouette and utilitarian design details.</p>\n                                <p>- Casual unisex fit</p>\n\n                                <p>- 64% polyester, 36% polyurethane</p>\n\n                                <p>- Water column pressure: 4000 mm</p>\n\n                                <p>- Model is 187cm tall and wearing a size S / M</p>\n\n                                <p>- Unisex fit</p>\n\n                                <p>- Drawstring hood with built-in cap</p>\n\n                                <p>- Front placket with snap buttons</p>\n\n                                <p>- Ventilation under armpit</p>\n\n                                <p>- Adjustable cuffs</p>\n\n                                <p>- Double welted front pockets</p>\n\n                                <p>- Adjustable elastic string at hempen</p>\n\n                                <p>- Ultrasonically welded seams</p>\n\n                                <p>This is a unisex item, please check our clothing &amp; footwear sizing guide for specific Rains jacket sizing information. RAINS comes from the rainy nation of Denmark at the edge of the European continent, close to the ocean and with prevailing westerly winds; all factors that contribute to an average of 121 rain days each year. Arising from these rainy weather conditions comes the attitude that a quick rain shower may be beautiful, as well as moody- but first and foremost requires the right outfit. Rains focus on the whole experience of going outside on rainy days, issuing an invitation to explore even in the most mercurial weather.</p>','published','[\"products\\/product-42.jpg\",\"products\\/product-72.jpg\",\"products\\/product-92.jpg\",\"products\\/product-81.jpg\",\"products\\/product-35.jpg\",\"products\\/product-15.jpg\",\"products\\/product-1.jpg\",\"products\\/product-85.jpg\",\"products\\/product-21.jpg\",\"products\\/product-84.jpg\",\"products\\/product-2.jpg\"]',NULL,'NC-143-A0',0,11,0,1,0,6,0,0,303,236.34,NULL,NULL,15.00,20.00,13.00,882.00,NULL,24966,'2024-11-20 02:45:45','2024-11-20 02:45:47','in_stock',0,'Botble\\ACL\\Models\\User',NULL,'physical',NULL,NULL,0,0,0,0,2),(69,'Iceland Soft Scoop Vanilla','<p>Short Hooded Coat features a straight body, large pockets with button flaps, ventilation air holes, and a string detail along the hemline.</p>','<p>Short Hooded Coat features a straight body, large pockets with button flaps, ventilation air holes, and a string detail along the hemline. The style is completed with a drawstring hood, featuring Rains’ signature built-in cap. Made from waterproof, matte PU, this lightweight unisex rain jacket is an ode to nostalgia through its classic silhouette and utilitarian design details.</p>\n                                <p>- Casual unisex fit</p>\n\n                                <p>- 64% polyester, 36% polyurethane</p>\n\n                                <p>- Water column pressure: 4000 mm</p>\n\n                                <p>- Model is 187cm tall and wearing a size S / M</p>\n\n                                <p>- Unisex fit</p>\n\n                                <p>- Drawstring hood with built-in cap</p>\n\n                                <p>- Front placket with snap buttons</p>\n\n                                <p>- Ventilation under armpit</p>\n\n                                <p>- Adjustable cuffs</p>\n\n                                <p>- Double welted front pockets</p>\n\n                                <p>- Adjustable elastic string at hempen</p>\n\n                                <p>- Ultrasonically welded seams</p>\n\n                                <p>This is a unisex item, please check our clothing &amp; footwear sizing guide for specific Rains jacket sizing information. RAINS comes from the rainy nation of Denmark at the edge of the European continent, close to the ocean and with prevailing westerly winds; all factors that contribute to an average of 121 rain days each year. Arising from these rainy weather conditions comes the attitude that a quick rain shower may be beautiful, as well as moody- but first and foremost requires the right outfit. Rains focus on the whole experience of going outside on rainy days, issuing an invitation to explore even in the most mercurial weather.</p>','published','[\"products\\/product-95.jpg\",\"products\\/product-32.jpg\",\"products\\/product-36.jpg\",\"products\\/product-22.jpg\",\"products\\/product-26.jpg\",\"products\\/product-92.jpg\",\"products\\/product-15.jpg\",\"products\\/product-90.jpg\",\"products\\/product-47.jpg\",\"products\\/product-25.jpg\"]',NULL,'NC-197-A0',0,18,0,1,1,6,0,0,423,NULL,NULL,NULL,12.00,18.00,17.00,689.00,NULL,88863,'2024-11-20 02:45:45','2024-11-20 02:45:47','in_stock',0,'Botble\\ACL\\Models\\User',NULL,'digital',NULL,NULL,0,0,0,0,2),(70,'Iceland Spaghetti Bolognese','<p>Short Hooded Coat features a straight body, large pockets with button flaps, ventilation air holes, and a string detail along the hemline.</p>','<p>Short Hooded Coat features a straight body, large pockets with button flaps, ventilation air holes, and a string detail along the hemline. The style is completed with a drawstring hood, featuring Rains’ signature built-in cap. Made from waterproof, matte PU, this lightweight unisex rain jacket is an ode to nostalgia through its classic silhouette and utilitarian design details.</p>\n                                <p>- Casual unisex fit</p>\n\n                                <p>- 64% polyester, 36% polyurethane</p>\n\n                                <p>- Water column pressure: 4000 mm</p>\n\n                                <p>- Model is 187cm tall and wearing a size S / M</p>\n\n                                <p>- Unisex fit</p>\n\n                                <p>- Drawstring hood with built-in cap</p>\n\n                                <p>- Front placket with snap buttons</p>\n\n                                <p>- Ventilation under armpit</p>\n\n                                <p>- Adjustable cuffs</p>\n\n                                <p>- Double welted front pockets</p>\n\n                                <p>- Adjustable elastic string at hempen</p>\n\n                                <p>- Ultrasonically welded seams</p>\n\n                                <p>This is a unisex item, please check our clothing &amp; footwear sizing guide for specific Rains jacket sizing information. RAINS comes from the rainy nation of Denmark at the edge of the European continent, close to the ocean and with prevailing westerly winds; all factors that contribute to an average of 121 rain days each year. Arising from these rainy weather conditions comes the attitude that a quick rain shower may be beautiful, as well as moody- but first and foremost requires the right outfit. Rains focus on the whole experience of going outside on rainy days, issuing an invitation to explore even in the most mercurial weather.</p>','published','[\"products\\/product-41.jpg\",\"products\\/product-46.jpg\",\"products\\/product-28.jpg\",\"products\\/product-6.jpg\",\"products\\/product-63.jpg\",\"products\\/product-36.jpg\",\"products\\/product-47.jpg\",\"products\\/product-40.jpg\",\"products\\/product-17.jpg\"]',NULL,'NC-119-A0',0,19,0,1,0,1,0,0,226,NULL,NULL,NULL,15.00,20.00,13.00,538.00,NULL,53477,'2024-11-20 02:45:45','2024-11-20 02:45:47','in_stock',0,'Botble\\ACL\\Models\\User',NULL,'physical',NULL,NULL,0,0,0,0,1),(71,'Kellogg’s Coco Pops Cereal','<p>Short Hooded Coat features a straight body, large pockets with button flaps, ventilation air holes, and a string detail along the hemline.</p>','<p>Short Hooded Coat features a straight body, large pockets with button flaps, ventilation air holes, and a string detail along the hemline. The style is completed with a drawstring hood, featuring Rains’ signature built-in cap. Made from waterproof, matte PU, this lightweight unisex rain jacket is an ode to nostalgia through its classic silhouette and utilitarian design details.</p>\n                                <p>- Casual unisex fit</p>\n\n                                <p>- 64% polyester, 36% polyurethane</p>\n\n                                <p>- Water column pressure: 4000 mm</p>\n\n                                <p>- Model is 187cm tall and wearing a size S / M</p>\n\n                                <p>- Unisex fit</p>\n\n                                <p>- Drawstring hood with built-in cap</p>\n\n                                <p>- Front placket with snap buttons</p>\n\n                                <p>- Ventilation under armpit</p>\n\n                                <p>- Adjustable cuffs</p>\n\n                                <p>- Double welted front pockets</p>\n\n                                <p>- Adjustable elastic string at hempen</p>\n\n                                <p>- Ultrasonically welded seams</p>\n\n                                <p>This is a unisex item, please check our clothing &amp; footwear sizing guide for specific Rains jacket sizing information. RAINS comes from the rainy nation of Denmark at the edge of the European continent, close to the ocean and with prevailing westerly winds; all factors that contribute to an average of 121 rain days each year. Arising from these rainy weather conditions comes the attitude that a quick rain shower may be beautiful, as well as moody- but first and foremost requires the right outfit. Rains focus on the whole experience of going outside on rainy days, issuing an invitation to explore even in the most mercurial weather.</p>','published','[\"products\\/product-14.jpg\",\"products\\/product-40.jpg\",\"products\\/product-35.jpg\",\"products\\/product-2.jpg\",\"products\\/product-49.jpg\",\"products\\/product-18.jpg\",\"products\\/product-60.jpg\",\"products\\/product-20.jpg\",\"products\\/product-3.jpg\",\"products\\/product-54.jpg\",\"products\\/product-12.jpg\",\"products\\/product-62.jpg\"]',NULL,'NC-104-A0',0,17,0,1,0,7,0,0,426,NULL,NULL,NULL,20.00,11.00,13.00,565.00,NULL,10656,'2024-11-20 02:45:45','2024-11-20 02:45:47','in_stock',0,'Botble\\ACL\\Models\\User',NULL,'physical',NULL,NULL,0,0,0,0,1),(72,'Kit Kat Chunky Milk Chocolate','<p>Short Hooded Coat features a straight body, large pockets with button flaps, ventilation air holes, and a string detail along the hemline.</p>','<p>Short Hooded Coat features a straight body, large pockets with button flaps, ventilation air holes, and a string detail along the hemline. The style is completed with a drawstring hood, featuring Rains’ signature built-in cap. Made from waterproof, matte PU, this lightweight unisex rain jacket is an ode to nostalgia through its classic silhouette and utilitarian design details.</p>\n                                <p>- Casual unisex fit</p>\n\n                                <p>- 64% polyester, 36% polyurethane</p>\n\n                                <p>- Water column pressure: 4000 mm</p>\n\n                                <p>- Model is 187cm tall and wearing a size S / M</p>\n\n                                <p>- Unisex fit</p>\n\n                                <p>- Drawstring hood with built-in cap</p>\n\n                                <p>- Front placket with snap buttons</p>\n\n                                <p>- Ventilation under armpit</p>\n\n                                <p>- Adjustable cuffs</p>\n\n                                <p>- Double welted front pockets</p>\n\n                                <p>- Adjustable elastic string at hempen</p>\n\n                                <p>- Ultrasonically welded seams</p>\n\n                                <p>This is a unisex item, please check our clothing &amp; footwear sizing guide for specific Rains jacket sizing information. RAINS comes from the rainy nation of Denmark at the edge of the European continent, close to the ocean and with prevailing westerly winds; all factors that contribute to an average of 121 rain days each year. Arising from these rainy weather conditions comes the attitude that a quick rain shower may be beautiful, as well as moody- but first and foremost requires the right outfit. Rains focus on the whole experience of going outside on rainy days, issuing an invitation to explore even in the most mercurial weather.</p>','published','[\"products\\/product-61.jpg\",\"products\\/product-52.jpg\",\"products\\/product-43.jpg\",\"products\\/product-58.jpg\",\"products\\/product-66.jpg\",\"products\\/product-34.jpg\"]',NULL,'NC-184-A0',0,10,0,1,1,6,0,0,476,395.08,NULL,NULL,10.00,14.00,19.00,890.00,NULL,142668,'2024-11-20 02:45:45','2024-11-20 02:45:47','in_stock',0,'Botble\\ACL\\Models\\User',NULL,'physical',NULL,NULL,0,0,0,0,1),(73,'Large Green Bell Pepper','<p>Short Hooded Coat features a straight body, large pockets with button flaps, ventilation air holes, and a string detail along the hemline.</p>','<p>Short Hooded Coat features a straight body, large pockets with button flaps, ventilation air holes, and a string detail along the hemline. The style is completed with a drawstring hood, featuring Rains’ signature built-in cap. Made from waterproof, matte PU, this lightweight unisex rain jacket is an ode to nostalgia through its classic silhouette and utilitarian design details.</p>\n                                <p>- Casual unisex fit</p>\n\n                                <p>- 64% polyester, 36% polyurethane</p>\n\n                                <p>- Water column pressure: 4000 mm</p>\n\n                                <p>- Model is 187cm tall and wearing a size S / M</p>\n\n                                <p>- Unisex fit</p>\n\n                                <p>- Drawstring hood with built-in cap</p>\n\n                                <p>- Front placket with snap buttons</p>\n\n                                <p>- Ventilation under armpit</p>\n\n                                <p>- Adjustable cuffs</p>\n\n                                <p>- Double welted front pockets</p>\n\n                                <p>- Adjustable elastic string at hempen</p>\n\n                                <p>- Ultrasonically welded seams</p>\n\n                                <p>This is a unisex item, please check our clothing &amp; footwear sizing guide for specific Rains jacket sizing information. RAINS comes from the rainy nation of Denmark at the edge of the European continent, close to the ocean and with prevailing westerly winds; all factors that contribute to an average of 121 rain days each year. Arising from these rainy weather conditions comes the attitude that a quick rain shower may be beautiful, as well as moody- but first and foremost requires the right outfit. Rains focus on the whole experience of going outside on rainy days, issuing an invitation to explore even in the most mercurial weather.</p>','published','[\"products\\/product-43.jpg\",\"products\\/product-77.jpg\",\"products\\/product-71.jpg\",\"products\\/product-1.jpg\",\"products\\/product-28.jpg\",\"products\\/product-16.jpg\",\"products\\/product-87.jpg\",\"products\\/product-51.jpg\",\"products\\/product-61.jpg\",\"products\\/product-57.jpg\",\"products\\/product-76.jpg\"]',NULL,'NC-101-A0',0,13,0,1,1,7,0,0,221,NULL,NULL,NULL,16.00,11.00,18.00,666.00,NULL,36167,'2024-11-20 02:45:45','2024-11-20 02:45:47','in_stock',0,'Botble\\ACL\\Models\\User',NULL,'digital',NULL,NULL,0,0,0,0,1),(74,'Pice 94w Beasley Journal','<p>Short Hooded Coat features a straight body, large pockets with button flaps, ventilation air holes, and a string detail along the hemline.</p>','<p>Short Hooded Coat features a straight body, large pockets with button flaps, ventilation air holes, and a string detail along the hemline. The style is completed with a drawstring hood, featuring Rains’ signature built-in cap. Made from waterproof, matte PU, this lightweight unisex rain jacket is an ode to nostalgia through its classic silhouette and utilitarian design details.</p>\n                                <p>- Casual unisex fit</p>\n\n                                <p>- 64% polyester, 36% polyurethane</p>\n\n                                <p>- Water column pressure: 4000 mm</p>\n\n                                <p>- Model is 187cm tall and wearing a size S / M</p>\n\n                                <p>- Unisex fit</p>\n\n                                <p>- Drawstring hood with built-in cap</p>\n\n                                <p>- Front placket with snap buttons</p>\n\n                                <p>- Ventilation under armpit</p>\n\n                                <p>- Adjustable cuffs</p>\n\n                                <p>- Double welted front pockets</p>\n\n                                <p>- Adjustable elastic string at hempen</p>\n\n                                <p>- Ultrasonically welded seams</p>\n\n                                <p>This is a unisex item, please check our clothing &amp; footwear sizing guide for specific Rains jacket sizing information. RAINS comes from the rainy nation of Denmark at the edge of the European continent, close to the ocean and with prevailing westerly winds; all factors that contribute to an average of 121 rain days each year. Arising from these rainy weather conditions comes the attitude that a quick rain shower may be beautiful, as well as moody- but first and foremost requires the right outfit. Rains focus on the whole experience of going outside on rainy days, issuing an invitation to explore even in the most mercurial weather.</p>','published','[\"products\\/product-56.jpg\",\"products\\/product-47.jpg\",\"products\\/product-87.jpg\",\"products\\/product-26.jpg\",\"products\\/product-14.jpg\",\"products\\/product-81.jpg\",\"products\\/product-95.jpg\",\"products\\/product-82.jpg\",\"products\\/product-42.jpg\"]',NULL,'NC-181-A0',0,10,0,1,0,6,0,0,368,NULL,NULL,NULL,15.00,16.00,11.00,618.00,NULL,160193,'2024-11-20 02:45:45','2024-11-20 02:45:47','in_stock',0,'Botble\\ACL\\Models\\User',NULL,'physical',NULL,NULL,0,0,0,0,1),(75,'Province Piece Glass Drinking Glass','<p>Short Hooded Coat features a straight body, large pockets with button flaps, ventilation air holes, and a string detail along the hemline.</p>','<p>Short Hooded Coat features a straight body, large pockets with button flaps, ventilation air holes, and a string detail along the hemline. The style is completed with a drawstring hood, featuring Rains’ signature built-in cap. Made from waterproof, matte PU, this lightweight unisex rain jacket is an ode to nostalgia through its classic silhouette and utilitarian design details.</p>\n                                <p>- Casual unisex fit</p>\n\n                                <p>- 64% polyester, 36% polyurethane</p>\n\n                                <p>- Water column pressure: 4000 mm</p>\n\n                                <p>- Model is 187cm tall and wearing a size S / M</p>\n\n                                <p>- Unisex fit</p>\n\n                                <p>- Drawstring hood with built-in cap</p>\n\n                                <p>- Front placket with snap buttons</p>\n\n                                <p>- Ventilation under armpit</p>\n\n                                <p>- Adjustable cuffs</p>\n\n                                <p>- Double welted front pockets</p>\n\n                                <p>- Adjustable elastic string at hempen</p>\n\n                                <p>- Ultrasonically welded seams</p>\n\n                                <p>This is a unisex item, please check our clothing &amp; footwear sizing guide for specific Rains jacket sizing information. RAINS comes from the rainy nation of Denmark at the edge of the European continent, close to the ocean and with prevailing westerly winds; all factors that contribute to an average of 121 rain days each year. Arising from these rainy weather conditions comes the attitude that a quick rain shower may be beautiful, as well as moody- but first and foremost requires the right outfit. Rains focus on the whole experience of going outside on rainy days, issuing an invitation to explore even in the most mercurial weather.</p>','published','[\"products\\/product-64.jpg\",\"products\\/product-17.jpg\",\"products\\/product-94.jpg\",\"products\\/product-75.jpg\",\"products\\/product-24.jpg\",\"products\\/product-42.jpg\",\"products\\/product-78.jpg\",\"products\\/product-28.jpg\",\"products\\/product-65.jpg\"]',NULL,'NC-153-A0',0,13,0,1,1,7,0,0,218,NULL,NULL,NULL,13.00,14.00,18.00,615.00,NULL,163818,'2024-11-20 02:45:45','2024-11-20 02:45:47','in_stock',0,'Botble\\ACL\\Models\\User',NULL,'physical',NULL,NULL,0,0,0,0,1),(76,'Miko Wooden Bluetooth Speaker',NULL,NULL,'published','[\"products\\/product-6.jpg\"]',NULL,'NC-137-A0',0,17,0,1,0,6,1,0,251,NULL,NULL,NULL,17.00,18.00,15.00,587.00,NULL,0,'2024-11-20 02:45:45','2024-11-20 02:45:47','in_stock',0,'Botble\\ACL\\Models\\User',NULL,'digital',NULL,NULL,0,0,0,0,NULL),(77,'Miko Wooden Bluetooth Speaker',NULL,NULL,'published','[\"products\\/product-5.jpg\"]',NULL,'NC-137-A0-A1',0,17,0,1,0,6,1,0,251,NULL,NULL,NULL,17.00,18.00,15.00,587.00,NULL,0,'2024-11-20 02:45:45','2024-11-20 02:45:47','in_stock',0,'Botble\\ACL\\Models\\User',NULL,'digital',NULL,NULL,0,0,0,0,NULL),(78,'Miko Wooden Bluetooth Speaker',NULL,NULL,'published','[\"products\\/product-89.jpg\"]',NULL,'NC-137-A0-A2',0,17,0,1,0,6,1,0,251,NULL,NULL,NULL,17.00,18.00,15.00,587.00,NULL,0,'2024-11-20 02:45:45','2024-11-20 02:45:47','in_stock',0,'Botble\\ACL\\Models\\User',NULL,'digital',NULL,NULL,0,0,0,0,NULL),(79,'Gorgeous Wooden Gloves',NULL,NULL,'published','[\"products\\/product-61.jpg\"]',NULL,'NC-171-A0',0,18,0,1,0,5,1,0,326,NULL,NULL,NULL,18.00,15.00,17.00,749.00,NULL,0,'2024-11-20 02:45:45','2024-11-20 02:45:47','in_stock',0,'Botble\\ACL\\Models\\User',NULL,'physical',NULL,NULL,0,0,0,0,NULL),(80,'Gorgeous Wooden Gloves',NULL,NULL,'published','[\"products\\/product-45.jpg\"]',NULL,'NC-171-A0-A1',0,18,0,1,0,5,1,0,326,NULL,NULL,NULL,18.00,15.00,17.00,749.00,NULL,0,'2024-11-20 02:45:45','2024-11-20 02:45:47','in_stock',0,'Botble\\ACL\\Models\\User',NULL,'physical',NULL,NULL,0,0,0,0,NULL),(81,'Gorgeous Wooden Gloves',NULL,NULL,'published','[\"products\\/product-88.jpg\"]',NULL,'NC-171-A0-A2',0,18,0,1,0,5,1,0,326,NULL,NULL,NULL,18.00,15.00,17.00,749.00,NULL,0,'2024-11-20 02:45:45','2024-11-20 02:45:47','in_stock',0,'Botble\\ACL\\Models\\User',NULL,'physical',NULL,NULL,0,0,0,0,NULL),(82,'Pinkol Enormous Granite Bottle',NULL,NULL,'published','[\"products\\/product-20.jpg\"]',NULL,'NC-108-A0',0,20,0,1,0,3,1,0,356,NULL,NULL,NULL,20.00,19.00,16.00,682.00,NULL,0,'2024-11-20 02:45:45','2024-11-20 02:45:47','in_stock',0,'Botble\\ACL\\Models\\User',NULL,'physical',NULL,NULL,0,0,0,0,NULL),(83,'Pinkol Enormous Granite Bottle',NULL,NULL,'published','[\"products\\/product-24.jpg\"]',NULL,'NC-108-A0-A1',0,20,0,1,0,3,1,0,356,NULL,NULL,NULL,20.00,19.00,16.00,682.00,NULL,0,'2024-11-20 02:45:45','2024-11-20 02:45:47','in_stock',0,'Botble\\ACL\\Models\\User',NULL,'physical',NULL,NULL,0,0,0,0,NULL),(84,'Pinkol Enormous Granite Bottle',NULL,NULL,'published','[\"products\\/product-15.jpg\"]',NULL,'NC-108-A0-A2',0,20,0,1,0,3,1,0,356,NULL,NULL,NULL,20.00,19.00,16.00,682.00,NULL,0,'2024-11-20 02:45:45','2024-11-20 02:45:47','in_stock',0,'Botble\\ACL\\Models\\User',NULL,'physical',NULL,NULL,0,0,0,0,NULL),(85,'Pinkol Enormous Granite Bottle',NULL,NULL,'published','[\"products\\/product-67.jpg\"]',NULL,'NC-108-A0-A3',0,20,0,1,0,3,1,0,356,NULL,NULL,NULL,20.00,19.00,16.00,682.00,NULL,0,'2024-11-20 02:45:45','2024-11-20 02:45:47','in_stock',0,'Botble\\ACL\\Models\\User',NULL,'physical',NULL,NULL,0,0,0,0,NULL),(86,'Gorgeous Aluminum Table',NULL,NULL,'published','[\"products\\/product-89.jpg\"]',NULL,'NC-194-A0',0,17,0,1,0,6,1,0,443,398.7,NULL,NULL,18.00,13.00,13.00,807.00,NULL,0,'2024-11-20 02:45:45','2024-11-20 02:45:47','in_stock',0,'Botble\\ACL\\Models\\User',NULL,'physical',NULL,NULL,0,0,0,0,NULL),(87,'Gorgeous Aluminum Table',NULL,NULL,'published','[\"products\\/product-9.jpg\"]',NULL,'NC-194-A0-A1',0,17,0,1,0,6,1,0,443,349.97,NULL,NULL,18.00,13.00,13.00,807.00,NULL,0,'2024-11-20 02:45:45','2024-11-20 02:45:47','in_stock',0,'Botble\\ACL\\Models\\User',NULL,'physical',NULL,NULL,0,0,0,0,NULL),(88,'Evo Lightweight Granite Shirt',NULL,NULL,'published','[\"products\\/product-91.jpg\"]',NULL,'NC-150-A0',0,19,0,1,0,3,1,0,228,NULL,NULL,NULL,13.00,11.00,13.00,765.00,NULL,0,'2024-11-20 02:45:45','2024-11-20 02:45:47','in_stock',0,'Botble\\ACL\\Models\\User',NULL,'digital',NULL,NULL,0,0,0,0,NULL),(89,'Evo Lightweight Granite Shirt',NULL,NULL,'published','[\"products\\/product-44.jpg\"]',NULL,'NC-150-A0-A1',0,19,0,1,0,3,1,0,228,NULL,NULL,NULL,13.00,11.00,13.00,765.00,NULL,0,'2024-11-20 02:45:45','2024-11-20 02:45:47','in_stock',0,'Botble\\ACL\\Models\\User',NULL,'digital',NULL,NULL,0,0,0,0,NULL),(90,'Evo Lightweight Granite Shirt',NULL,NULL,'published','[\"products\\/product-29.jpg\"]',NULL,'NC-150-A0-A2',0,19,0,1,0,3,1,0,228,NULL,NULL,NULL,13.00,11.00,13.00,765.00,NULL,0,'2024-11-20 02:45:45','2024-11-20 02:45:47','in_stock',0,'Botble\\ACL\\Models\\User',NULL,'digital',NULL,NULL,0,0,0,0,NULL),(91,'CLCo. Incredible Paper Car',NULL,NULL,'published','[\"products\\/product-61.jpg\"]',NULL,'NC-170-A0',0,12,0,1,0,1,1,0,418,NULL,NULL,NULL,12.00,11.00,20.00,530.00,NULL,0,'2024-11-20 02:45:45','2024-11-20 02:45:47','in_stock',0,'Botble\\ACL\\Models\\User',NULL,'physical',NULL,NULL,0,0,0,0,NULL),(92,'CLCo. Incredible Paper Car',NULL,NULL,'published','[\"products\\/product-87.jpg\"]',NULL,'NC-170-A0-A1',0,12,0,1,0,1,1,0,418,NULL,NULL,NULL,12.00,11.00,20.00,530.00,NULL,0,'2024-11-20 02:45:45','2024-11-20 02:45:47','in_stock',0,'Botble\\ACL\\Models\\User',NULL,'physical',NULL,NULL,0,0,0,0,NULL),(93,'CLCo. Incredible Paper Car',NULL,NULL,'published','[\"products\\/product-4.jpg\"]',NULL,'NC-170-A0-A2',0,12,0,1,0,1,1,0,418,NULL,NULL,NULL,12.00,11.00,20.00,530.00,NULL,0,'2024-11-20 02:45:45','2024-11-20 02:45:47','in_stock',0,'Botble\\ACL\\Models\\User',NULL,'physical',NULL,NULL,0,0,0,0,NULL),(94,'Progash Durable Granite Hat',NULL,NULL,'published','[\"products\\/product-9.jpg\"]',NULL,'NC-167-A0',0,20,0,1,0,6,1,0,338,NULL,NULL,NULL,13.00,19.00,19.00,624.00,NULL,0,'2024-11-20 02:45:45','2024-11-20 02:45:47','in_stock',0,'Botble\\ACL\\Models\\User',NULL,'physical',NULL,NULL,0,0,0,0,NULL),(95,'Progash Durable Granite Hat',NULL,NULL,'published','[\"products\\/product-66.jpg\"]',NULL,'NC-167-A0-A1',0,20,0,1,0,6,1,0,338,NULL,NULL,NULL,13.00,19.00,19.00,624.00,NULL,0,'2024-11-20 02:45:45','2024-11-20 02:45:47','in_stock',0,'Botble\\ACL\\Models\\User',NULL,'physical',NULL,NULL,0,0,0,0,NULL),(96,'Progash Durable Granite Hat',NULL,NULL,'published','[\"products\\/product-54.jpg\"]',NULL,'NC-167-A0-A2',0,20,0,1,0,6,1,0,338,NULL,NULL,NULL,13.00,19.00,19.00,624.00,NULL,0,'2024-11-20 02:45:45','2024-11-20 02:45:47','in_stock',0,'Botble\\ACL\\Models\\User',NULL,'physical',NULL,NULL,0,0,0,0,NULL),(97,'Progash Durable Granite Hat',NULL,NULL,'published','[\"products\\/product-62.jpg\"]',NULL,'NC-167-A0-A3',0,20,0,1,0,6,1,0,338,NULL,NULL,NULL,13.00,19.00,19.00,624.00,NULL,0,'2024-11-20 02:45:45','2024-11-20 02:45:47','in_stock',0,'Botble\\ACL\\Models\\User',NULL,'physical',NULL,NULL,0,0,0,0,NULL),(98,'Purab Enormous Miranda Bottle',NULL,NULL,'published','[\"products\\/product-57.jpg\"]',NULL,'NC-126-A0',0,14,0,1,0,4,1,0,221,179.01,NULL,NULL,12.00,15.00,15.00,605.00,NULL,0,'2024-11-20 02:45:45','2024-11-20 02:45:47','in_stock',0,'Botble\\ACL\\Models\\User',NULL,'physical',NULL,NULL,0,0,0,0,NULL),(99,'Purab Enormous Miranda Bottle',NULL,NULL,'published','[\"products\\/product-5.jpg\"]',NULL,'NC-126-A0-A1',0,14,0,1,0,4,1,0,221,183.43,NULL,NULL,12.00,15.00,15.00,605.00,NULL,0,'2024-11-20 02:45:45','2024-11-20 02:45:47','in_stock',0,'Botble\\ACL\\Models\\User',NULL,'physical',NULL,NULL,0,0,0,0,NULL),(100,'Purab Enormous Miranda Bottle',NULL,NULL,'published','[\"products\\/product-46.jpg\"]',NULL,'NC-126-A0-A2',0,14,0,1,0,4,1,0,221,192.27,NULL,NULL,12.00,15.00,15.00,605.00,NULL,0,'2024-11-20 02:45:45','2024-11-20 02:45:47','in_stock',0,'Botble\\ACL\\Models\\User',NULL,'physical',NULL,NULL,0,0,0,0,NULL),(101,'Purab Enormous Miranda Bottle',NULL,NULL,'published','[\"products\\/product-95.jpg\"]',NULL,'NC-126-A0-A3',0,14,0,1,0,4,1,0,221,156.91,NULL,NULL,12.00,15.00,15.00,605.00,NULL,0,'2024-11-20 02:45:45','2024-11-20 02:45:47','in_stock',0,'Botble\\ACL\\Models\\User',NULL,'physical',NULL,NULL,0,0,0,0,NULL),(102,'Miklonda Co. Crafted Candles',NULL,NULL,'published','[\"products\\/product-50.jpg\"]',NULL,'NC-160-A0',0,14,0,1,0,7,1,0,379,NULL,NULL,NULL,19.00,14.00,17.00,867.00,NULL,0,'2024-11-20 02:45:45','2024-11-20 02:45:47','in_stock',0,'Botble\\ACL\\Models\\User',NULL,'digital',NULL,NULL,0,0,0,0,NULL),(103,'Miklonda Co. Crafted Candles',NULL,NULL,'published','[\"products\\/product-66.jpg\"]',NULL,'NC-160-A0-A1',0,14,0,1,0,7,1,0,379,NULL,NULL,NULL,19.00,14.00,17.00,867.00,NULL,0,'2024-11-20 02:45:45','2024-11-20 02:45:47','in_stock',0,'Botble\\ACL\\Models\\User',NULL,'digital',NULL,NULL,0,0,0,0,NULL),(104,'Miklonda Co. Crafted Candles',NULL,NULL,'published','[\"products\\/product-29.jpg\"]',NULL,'NC-160-A0-A2',0,14,0,1,0,7,1,0,379,NULL,NULL,NULL,19.00,14.00,17.00,867.00,NULL,0,'2024-11-20 02:45:45','2024-11-20 02:45:47','in_stock',0,'Botble\\ACL\\Models\\User',NULL,'digital',NULL,NULL,0,0,0,0,NULL),(105,'Pinkol Enormous Granite Bottle',NULL,NULL,'published','[\"products\\/product-37.jpg\"]',NULL,'NC-196-A0',0,15,0,1,0,1,1,0,467,NULL,NULL,NULL,19.00,17.00,10.00,820.00,NULL,0,'2024-11-20 02:45:45','2024-11-20 02:45:47','in_stock',0,'Botble\\ACL\\Models\\User',NULL,'physical',NULL,NULL,0,0,0,0,NULL),(106,'Dual Camera 20MP',NULL,NULL,'published','[\"products\\/product-52.jpg\"]',NULL,'NC-151-A0',0,11,0,1,0,7,1,0,448,NULL,NULL,NULL,19.00,20.00,12.00,783.00,NULL,0,'2024-11-20 02:45:45','2024-11-20 02:45:47','in_stock',0,'Botble\\ACL\\Models\\User',NULL,'physical',NULL,NULL,0,0,0,0,NULL),(107,'Dual Camera 20MP',NULL,NULL,'published','[\"products\\/product-92.jpg\"]',NULL,'NC-151-A0-A1',0,11,0,1,0,7,1,0,448,NULL,NULL,NULL,19.00,20.00,12.00,783.00,NULL,0,'2024-11-20 02:45:45','2024-11-20 02:45:47','in_stock',0,'Botble\\ACL\\Models\\User',NULL,'physical',NULL,NULL,0,0,0,0,NULL),(108,'Dual Camera 20MP',NULL,NULL,'published','[\"products\\/product-3.jpg\"]',NULL,'NC-151-A0-A2',0,11,0,1,0,7,1,0,448,NULL,NULL,NULL,19.00,20.00,12.00,783.00,NULL,0,'2024-11-20 02:45:45','2024-11-20 02:45:47','in_stock',0,'Botble\\ACL\\Models\\User',NULL,'physical',NULL,NULL,0,0,0,0,NULL),(109,'Smart Watches',NULL,NULL,'published','[\"products\\/product-82.jpg\"]',NULL,'NC-179-A0',0,17,0,1,0,4,1,0,450,337.5,NULL,NULL,13.00,13.00,13.00,847.00,NULL,0,'2024-11-20 02:45:45','2024-11-20 02:45:47','in_stock',0,'Botble\\ACL\\Models\\User',NULL,'physical',NULL,NULL,0,0,0,0,NULL),(110,'Smart Watches',NULL,NULL,'published','[\"products\\/product-9.jpg\"]',NULL,'NC-179-A0-A1',0,17,0,1,0,4,1,0,450,328.5,NULL,NULL,13.00,13.00,13.00,847.00,NULL,0,'2024-11-20 02:45:45','2024-11-20 02:45:47','in_stock',0,'Botble\\ACL\\Models\\User',NULL,'physical',NULL,NULL,0,0,0,0,NULL),(111,'Smart Watches',NULL,NULL,'published','[\"products\\/product-39.jpg\"]',NULL,'NC-179-A0-A2',0,17,0,1,0,4,1,0,450,337.5,NULL,NULL,13.00,13.00,13.00,847.00,NULL,0,'2024-11-20 02:45:45','2024-11-20 02:45:47','in_stock',0,'Botble\\ACL\\Models\\User',NULL,'physical',NULL,NULL,0,0,0,0,NULL),(112,'Beat Headphone',NULL,NULL,'published','[\"products\\/product-90.jpg\"]',NULL,'NC-146-A0',0,15,0,1,0,4,1,0,460,NULL,NULL,NULL,17.00,11.00,14.00,628.00,NULL,0,'2024-11-20 02:45:45','2024-11-20 02:45:47','in_stock',0,'Botble\\ACL\\Models\\User',NULL,'digital',NULL,NULL,0,0,0,0,NULL),(113,'Red & Black Headphone',NULL,NULL,'published','[\"products\\/product-29.jpg\"]',NULL,'NC-173-A0',0,14,0,1,0,4,1,0,324,NULL,NULL,NULL,17.00,11.00,14.00,689.00,NULL,0,'2024-11-20 02:45:45','2024-11-20 02:45:47','in_stock',0,'Botble\\ACL\\Models\\User',NULL,'physical',NULL,NULL,0,0,0,0,NULL),(114,'Red & Black Headphone',NULL,NULL,'published','[\"products\\/product-74.jpg\"]',NULL,'NC-173-A0-A1',0,14,0,1,0,4,1,0,324,NULL,NULL,NULL,17.00,11.00,14.00,689.00,NULL,0,'2024-11-20 02:45:45','2024-11-20 02:45:47','in_stock',0,'Botble\\ACL\\Models\\User',NULL,'physical',NULL,NULL,0,0,0,0,NULL),(115,'Red & Black Headphone',NULL,NULL,'published','[\"products\\/product-72.jpg\"]',NULL,'NC-173-A0-A2',0,14,0,1,0,4,1,0,324,NULL,NULL,NULL,17.00,11.00,14.00,689.00,NULL,0,'2024-11-20 02:45:45','2024-11-20 02:45:47','in_stock',0,'Botble\\ACL\\Models\\User',NULL,'physical',NULL,NULL,0,0,0,0,NULL),(116,'Smart Watch External',NULL,NULL,'published','[\"products\\/product-86.jpg\"]',NULL,'NC-169-A0',0,11,0,1,0,6,1,0,205,NULL,NULL,NULL,14.00,17.00,13.00,699.00,NULL,0,'2024-11-20 02:45:45','2024-11-20 02:45:47','in_stock',0,'Botble\\ACL\\Models\\User',NULL,'physical',NULL,NULL,0,0,0,0,NULL),(117,'Smart Watch External',NULL,NULL,'published','[\"products\\/product-92.jpg\"]',NULL,'NC-169-A0-A1',0,11,0,1,0,6,1,0,205,NULL,NULL,NULL,14.00,17.00,13.00,699.00,NULL,0,'2024-11-20 02:45:45','2024-11-20 02:45:47','in_stock',0,'Botble\\ACL\\Models\\User',NULL,'physical',NULL,NULL,0,0,0,0,NULL),(118,'Smart Watch External',NULL,NULL,'published','[\"products\\/product-51.jpg\"]',NULL,'NC-169-A0-A2',0,11,0,1,0,6,1,0,205,NULL,NULL,NULL,14.00,17.00,13.00,699.00,NULL,0,'2024-11-20 02:45:45','2024-11-20 02:45:47','in_stock',0,'Botble\\ACL\\Models\\User',NULL,'physical',NULL,NULL,0,0,0,0,NULL),(119,'Nikon HD camera',NULL,NULL,'published','[\"products\\/product-41.jpg\"]',NULL,'NC-151-A0',0,19,0,1,0,4,1,0,315,261.45,NULL,NULL,17.00,12.00,20.00,728.00,NULL,0,'2024-11-20 02:45:45','2024-11-20 02:45:47','in_stock',0,'Botble\\ACL\\Models\\User',NULL,'physical',NULL,NULL,0,0,0,0,NULL),(120,'Audio Equipment',NULL,NULL,'published','[\"products\\/product-49.jpg\"]',NULL,'NC-117-A0',0,12,0,1,0,3,1,0,230,NULL,NULL,NULL,15.00,10.00,12.00,699.00,NULL,0,'2024-11-20 02:45:45','2024-11-20 02:45:47','in_stock',0,'Botble\\ACL\\Models\\User',NULL,'digital',NULL,NULL,0,0,0,0,NULL),(121,'Audio Equipment',NULL,NULL,'published','[\"products\\/product-31.jpg\"]',NULL,'NC-117-A0-A1',0,12,0,1,0,3,1,0,230,NULL,NULL,NULL,15.00,10.00,12.00,699.00,NULL,0,'2024-11-20 02:45:45','2024-11-20 02:45:47','in_stock',0,'Botble\\ACL\\Models\\User',NULL,'digital',NULL,NULL,0,0,0,0,NULL),(122,'Audio Equipment',NULL,NULL,'published','[\"products\\/product-8.jpg\"]',NULL,'NC-117-A0-A2',0,12,0,1,0,3,1,0,230,NULL,NULL,NULL,15.00,10.00,12.00,699.00,NULL,0,'2024-11-20 02:45:45','2024-11-20 02:45:47','in_stock',0,'Botble\\ACL\\Models\\User',NULL,'digital',NULL,NULL,0,0,0,0,NULL),(123,'Smart Televisions',NULL,NULL,'published','[\"products\\/product-59.jpg\"]',NULL,'NC-173-A0',0,13,0,1,0,2,1,0,328,NULL,NULL,NULL,19.00,14.00,17.00,638.00,NULL,0,'2024-11-20 02:45:45','2024-11-20 02:45:47','in_stock',0,'Botble\\ACL\\Models\\User',NULL,'physical',NULL,NULL,0,0,0,0,NULL),(124,'Smart Televisions',NULL,NULL,'published','[\"products\\/product-32.jpg\"]',NULL,'NC-173-A0-A1',0,13,0,1,0,2,1,0,328,NULL,NULL,NULL,19.00,14.00,17.00,638.00,NULL,0,'2024-11-20 02:45:45','2024-11-20 02:45:47','in_stock',0,'Botble\\ACL\\Models\\User',NULL,'physical',NULL,NULL,0,0,0,0,NULL),(125,'Samsung Smart Phone',NULL,NULL,'published','[\"products\\/product-78.jpg\"]',NULL,'NC-156-A0',0,13,0,1,0,5,1,0,373,NULL,NULL,NULL,12.00,12.00,13.00,618.00,NULL,0,'2024-11-20 02:45:45','2024-11-20 02:45:47','in_stock',0,'Botble\\ACL\\Models\\User',NULL,'physical',NULL,NULL,0,0,0,0,NULL),(126,'Samsung Smart Phone',NULL,NULL,'published','[\"products\\/product-75.jpg\"]',NULL,'NC-156-A0-A1',0,13,0,1,0,5,1,0,373,NULL,NULL,NULL,12.00,12.00,13.00,618.00,NULL,0,'2024-11-20 02:45:45','2024-11-20 02:45:47','in_stock',0,'Botble\\ACL\\Models\\User',NULL,'physical',NULL,NULL,0,0,0,0,NULL),(127,'Samsung Smart Phone',NULL,NULL,'published','[\"products\\/product-45.jpg\"]',NULL,'NC-156-A0-A2',0,13,0,1,0,5,1,0,373,NULL,NULL,NULL,12.00,12.00,13.00,618.00,NULL,0,'2024-11-20 02:45:45','2024-11-20 02:45:47','in_stock',0,'Botble\\ACL\\Models\\User',NULL,'physical',NULL,NULL,0,0,0,0,NULL),(128,'Samsung Smart Phone',NULL,NULL,'published','[\"products\\/product-10.jpg\"]',NULL,'NC-156-A0-A3',0,13,0,1,0,5,1,0,373,NULL,NULL,NULL,12.00,12.00,13.00,618.00,NULL,0,'2024-11-20 02:45:45','2024-11-20 02:45:47','in_stock',0,'Botble\\ACL\\Models\\User',NULL,'physical',NULL,NULL,0,0,0,0,NULL),(129,'Herschel Leather Duffle Bag In Brown Color',NULL,NULL,'published','[\"products\\/product-24.jpg\"]',NULL,'NC-185-A0',0,17,0,1,0,4,1,0,294,214.62,NULL,NULL,15.00,14.00,13.00,809.00,NULL,0,'2024-11-20 02:45:45','2024-11-20 02:45:47','in_stock',0,'Botble\\ACL\\Models\\User',NULL,'physical',NULL,NULL,0,0,0,0,NULL),(130,'Xbox One Wireless Controller Black Color',NULL,NULL,'published','[\"products\\/product-49.jpg\"]',NULL,'NC-101-A0',0,20,0,1,0,5,1,0,403,NULL,NULL,NULL,10.00,14.00,11.00,866.00,NULL,0,'2024-11-20 02:45:45','2024-11-20 02:45:47','in_stock',0,'Botble\\ACL\\Models\\User',NULL,'digital',NULL,NULL,0,0,0,0,NULL),(131,'Xbox One Wireless Controller Black Color',NULL,NULL,'published','[\"products\\/product-60.jpg\"]',NULL,'NC-101-A0-A1',0,20,0,1,0,5,1,0,403,NULL,NULL,NULL,10.00,14.00,11.00,866.00,NULL,0,'2024-11-20 02:45:45','2024-11-20 02:45:47','in_stock',0,'Botble\\ACL\\Models\\User',NULL,'digital',NULL,NULL,0,0,0,0,NULL),(132,'Xbox One Wireless Controller Black Color',NULL,NULL,'published','[\"products\\/product-34.jpg\"]',NULL,'NC-101-A0-A2',0,20,0,1,0,5,1,0,403,NULL,NULL,NULL,10.00,14.00,11.00,866.00,NULL,0,'2024-11-20 02:45:45','2024-11-20 02:45:47','in_stock',0,'Botble\\ACL\\Models\\User',NULL,'digital',NULL,NULL,0,0,0,0,NULL),(133,'Xbox One Wireless Controller Black Color',NULL,NULL,'published','[\"products\\/product-56.jpg\"]',NULL,'NC-101-A0-A3',0,20,0,1,0,5,1,0,403,NULL,NULL,NULL,10.00,14.00,11.00,866.00,NULL,0,'2024-11-20 02:45:45','2024-11-20 02:45:47','in_stock',0,'Botble\\ACL\\Models\\User',NULL,'digital',NULL,NULL,0,0,0,0,NULL),(134,'EPSION Plaster Printer',NULL,NULL,'published','[\"products\\/product-60.jpg\"]',NULL,'NC-151-A0',0,20,0,1,0,3,1,0,218,NULL,NULL,NULL,16.00,16.00,11.00,593.00,NULL,0,'2024-11-20 02:45:46','2024-11-20 02:45:47','in_stock',0,'Botble\\ACL\\Models\\User',NULL,'physical',NULL,NULL,0,0,0,0,NULL),(135,'EPSION Plaster Printer',NULL,NULL,'published','[\"products\\/product-82.jpg\"]',NULL,'NC-151-A0-A1',0,20,0,1,0,3,1,0,218,NULL,NULL,NULL,16.00,16.00,11.00,593.00,NULL,0,'2024-11-20 02:45:46','2024-11-20 02:45:47','in_stock',0,'Botble\\ACL\\Models\\User',NULL,'physical',NULL,NULL,0,0,0,0,NULL),(136,'EPSION Plaster Printer',NULL,NULL,'published','[\"products\\/product-31.jpg\"]',NULL,'NC-151-A0-A2',0,20,0,1,0,3,1,0,218,NULL,NULL,NULL,16.00,16.00,11.00,593.00,NULL,0,'2024-11-20 02:45:46','2024-11-20 02:45:47','in_stock',0,'Botble\\ACL\\Models\\User',NULL,'physical',NULL,NULL,0,0,0,0,NULL),(137,'Sound Intone I65 Earphone White Version',NULL,NULL,'published','[\"products\\/product-10.jpg\"]',NULL,'NC-153-A0',0,10,0,1,0,4,1,0,368,NULL,NULL,NULL,11.00,14.00,19.00,519.00,NULL,0,'2024-11-20 02:45:46','2024-11-20 02:45:47','in_stock',0,'Botble\\ACL\\Models\\User',NULL,'physical',NULL,NULL,0,0,0,0,NULL),(138,'Sound Intone I65 Earphone White Version',NULL,NULL,'published','[\"products\\/product-35.jpg\"]',NULL,'NC-153-A0-A1',0,10,0,1,0,4,1,0,368,NULL,NULL,NULL,11.00,14.00,19.00,519.00,NULL,0,'2024-11-20 02:45:46','2024-11-20 02:45:47','in_stock',0,'Botble\\ACL\\Models\\User',NULL,'physical',NULL,NULL,0,0,0,0,NULL),(139,'Sound Intone I65 Earphone White Version',NULL,NULL,'published','[\"products\\/product-49.jpg\"]',NULL,'NC-153-A0-A2',0,10,0,1,0,4,1,0,368,NULL,NULL,NULL,11.00,14.00,19.00,519.00,NULL,0,'2024-11-20 02:45:46','2024-11-20 02:45:47','in_stock',0,'Botble\\ACL\\Models\\User',NULL,'physical',NULL,NULL,0,0,0,0,NULL),(140,'B&O Play Mini Bluetooth Speaker',NULL,NULL,'published','[\"products\\/product-45.jpg\"]',NULL,'NC-153-A0',0,11,0,1,0,5,1,0,465,409.2,NULL,NULL,12.00,17.00,15.00,594.00,NULL,0,'2024-11-20 02:45:46','2024-11-20 02:45:47','in_stock',0,'Botble\\ACL\\Models\\User',NULL,'physical',NULL,NULL,0,0,0,0,NULL),(141,'Apple MacBook Air Retina 13.3-Inch Laptop',NULL,NULL,'published','[\"products\\/product-72.jpg\"]',NULL,'NC-104-A0',0,10,0,1,0,4,1,0,281,NULL,NULL,NULL,15.00,19.00,16.00,593.00,NULL,0,'2024-11-20 02:45:46','2024-11-20 02:45:47','in_stock',0,'Botble\\ACL\\Models\\User',NULL,'digital',NULL,NULL,0,0,0,0,NULL),(142,'Apple MacBook Air Retina 13.3-Inch Laptop',NULL,NULL,'published','[\"products\\/product-74.jpg\"]',NULL,'NC-104-A0-A1',0,10,0,1,0,4,1,0,281,NULL,NULL,NULL,15.00,19.00,16.00,593.00,NULL,0,'2024-11-20 02:45:46','2024-11-20 02:45:47','in_stock',0,'Botble\\ACL\\Models\\User',NULL,'digital',NULL,NULL,0,0,0,0,NULL),(143,'Apple MacBook Air Retina 13.3-Inch Laptop',NULL,NULL,'published','[\"products\\/product-61.jpg\"]',NULL,'NC-104-A0-A2',0,10,0,1,0,4,1,0,281,NULL,NULL,NULL,15.00,19.00,16.00,593.00,NULL,0,'2024-11-20 02:45:46','2024-11-20 02:45:47','in_stock',0,'Botble\\ACL\\Models\\User',NULL,'digital',NULL,NULL,0,0,0,0,NULL),(144,'Apple MacBook Air Retina 12-Inch Laptop',NULL,NULL,'published','[\"products\\/product-42.jpg\"]',NULL,'NC-131-A0',0,20,0,1,0,5,1,0,404,NULL,NULL,NULL,19.00,10.00,15.00,595.00,NULL,0,'2024-11-20 02:45:46','2024-11-20 02:45:47','in_stock',0,'Botble\\ACL\\Models\\User',NULL,'physical',NULL,NULL,0,0,0,0,NULL),(145,'Apple MacBook Air Retina 12-Inch Laptop',NULL,NULL,'published','[\"products\\/product-9.jpg\"]',NULL,'NC-131-A0-A1',0,20,0,1,0,5,1,0,404,NULL,NULL,NULL,19.00,10.00,15.00,595.00,NULL,0,'2024-11-20 02:45:46','2024-11-20 02:45:47','in_stock',0,'Botble\\ACL\\Models\\User',NULL,'physical',NULL,NULL,0,0,0,0,NULL),(146,'Apple MacBook Air Retina 12-Inch Laptop',NULL,NULL,'published','[\"products\\/product-36.jpg\"]',NULL,'NC-131-A0-A2',0,20,0,1,0,5,1,0,404,NULL,NULL,NULL,19.00,10.00,15.00,595.00,NULL,0,'2024-11-20 02:45:46','2024-11-20 02:45:47','in_stock',0,'Botble\\ACL\\Models\\User',NULL,'physical',NULL,NULL,0,0,0,0,NULL),(147,'Samsung Gear VR Virtual Reality Headset',NULL,NULL,'published','[\"products\\/product-10.jpg\"]',NULL,'NC-137-A0',0,18,0,1,0,6,1,0,316,NULL,NULL,NULL,12.00,15.00,11.00,761.00,NULL,0,'2024-11-20 02:45:46','2024-11-20 02:45:47','in_stock',0,'Botble\\ACL\\Models\\User',NULL,'physical',NULL,NULL,0,0,0,0,NULL),(148,'Samsung Gear VR Virtual Reality Headset',NULL,NULL,'published','[\"products\\/product-69.jpg\"]',NULL,'NC-137-A0-A1',0,18,0,1,0,6,1,0,316,NULL,NULL,NULL,12.00,15.00,11.00,761.00,NULL,0,'2024-11-20 02:45:46','2024-11-20 02:45:47','in_stock',0,'Botble\\ACL\\Models\\User',NULL,'physical',NULL,NULL,0,0,0,0,NULL),(149,'Samsung Gear VR Virtual Reality Headset',NULL,NULL,'published','[\"products\\/product-14.jpg\"]',NULL,'NC-137-A0-A2',0,18,0,1,0,6,1,0,316,NULL,NULL,NULL,12.00,15.00,11.00,761.00,NULL,0,'2024-11-20 02:45:46','2024-11-20 02:45:47','in_stock',0,'Botble\\ACL\\Models\\User',NULL,'physical',NULL,NULL,0,0,0,0,NULL),(150,'Aveeno Moisturizing Body Shower 450ml',NULL,NULL,'published','[\"products\\/product-52.jpg\"]',NULL,'NC-158-A0',0,20,0,1,0,5,1,0,276,209.76,NULL,NULL,10.00,19.00,13.00,896.00,NULL,0,'2024-11-20 02:45:46','2024-11-20 02:45:47','in_stock',0,'Botble\\ACL\\Models\\User',NULL,'physical',NULL,NULL,0,0,0,0,NULL),(151,'Aveeno Moisturizing Body Shower 450ml',NULL,NULL,'published','[\"products\\/product-21.jpg\"]',NULL,'NC-158-A0-A1',0,20,0,1,0,5,1,0,276,209.76,NULL,NULL,10.00,19.00,13.00,896.00,NULL,0,'2024-11-20 02:45:46','2024-11-20 02:45:47','in_stock',0,'Botble\\ACL\\Models\\User',NULL,'physical',NULL,NULL,0,0,0,0,NULL),(152,'Aveeno Moisturizing Body Shower 450ml',NULL,NULL,'published','[\"products\\/product-39.jpg\"]',NULL,'NC-158-A0-A2',0,20,0,1,0,5,1,0,276,204.24,NULL,NULL,10.00,19.00,13.00,896.00,NULL,0,'2024-11-20 02:45:46','2024-11-20 02:45:47','in_stock',0,'Botble\\ACL\\Models\\User',NULL,'physical',NULL,NULL,0,0,0,0,NULL),(153,'Aveeno Moisturizing Body Shower 450ml',NULL,NULL,'published','[\"products\\/product-75.jpg\"]',NULL,'NC-158-A0-A3',0,20,0,1,0,5,1,0,276,226.32,NULL,NULL,10.00,19.00,13.00,896.00,NULL,0,'2024-11-20 02:45:46','2024-11-20 02:45:47','in_stock',0,'Botble\\ACL\\Models\\User',NULL,'physical',NULL,NULL,0,0,0,0,NULL),(154,'NYX Beauty Couton Pallete Makeup 12',NULL,NULL,'published','[\"products\\/product-69.jpg\"]',NULL,'NC-153-A0',0,19,0,1,0,6,1,0,283,NULL,NULL,NULL,16.00,13.00,14.00,511.00,NULL,0,'2024-11-20 02:45:46','2024-11-20 02:45:47','in_stock',0,'Botble\\ACL\\Models\\User',NULL,'digital',NULL,NULL,0,0,0,0,NULL),(155,'NYX Beauty Couton Pallete Makeup 12',NULL,NULL,'published','[\"products\\/product-82.jpg\"]',NULL,'NC-153-A0-A1',0,19,0,1,0,6,1,0,283,NULL,NULL,NULL,16.00,13.00,14.00,511.00,NULL,0,'2024-11-20 02:45:46','2024-11-20 02:45:47','in_stock',0,'Botble\\ACL\\Models\\User',NULL,'digital',NULL,NULL,0,0,0,0,NULL),(156,'NYX Beauty Couton Pallete Makeup 12',NULL,NULL,'published','[\"products\\/product-66.jpg\"]',NULL,'NC-133-A0',0,20,0,1,0,4,1,0,394,NULL,NULL,NULL,18.00,19.00,16.00,722.00,NULL,0,'2024-11-20 02:45:46','2024-11-20 02:45:47','in_stock',0,'Botble\\ACL\\Models\\User',NULL,'physical',NULL,NULL,0,0,0,0,NULL),(157,'NYX Beauty Couton Pallete Makeup 12',NULL,NULL,'published','[\"products\\/product-90.jpg\"]',NULL,'NC-133-A0-A1',0,20,0,1,0,4,1,0,394,NULL,NULL,NULL,18.00,19.00,16.00,722.00,NULL,0,'2024-11-20 02:45:46','2024-11-20 02:45:47','in_stock',0,'Botble\\ACL\\Models\\User',NULL,'physical',NULL,NULL,0,0,0,0,NULL),(158,'NYX Beauty Couton Pallete Makeup 12',NULL,NULL,'published','[\"products\\/product-18.jpg\"]',NULL,'NC-133-A0-A2',0,20,0,1,0,4,1,0,394,NULL,NULL,NULL,18.00,19.00,16.00,722.00,NULL,0,'2024-11-20 02:45:46','2024-11-20 02:45:47','in_stock',0,'Botble\\ACL\\Models\\User',NULL,'physical',NULL,NULL,0,0,0,0,NULL),(159,'MVMTH Classical Leather Watch In Black',NULL,NULL,'published','[\"products\\/product-7.jpg\"]',NULL,'NC-135-A0',0,17,0,1,0,4,1,0,394,NULL,NULL,NULL,11.00,18.00,14.00,796.00,NULL,0,'2024-11-20 02:45:46','2024-11-20 02:45:47','in_stock',0,'Botble\\ACL\\Models\\User',NULL,'physical',NULL,NULL,0,0,0,0,NULL),(160,'MVMTH Classical Leather Watch In Black',NULL,NULL,'published','[\"products\\/product-70.jpg\"]',NULL,'NC-135-A0-A1',0,17,0,1,0,4,1,0,394,NULL,NULL,NULL,11.00,18.00,14.00,796.00,NULL,0,'2024-11-20 02:45:46','2024-11-20 02:45:47','in_stock',0,'Botble\\ACL\\Models\\User',NULL,'physical',NULL,NULL,0,0,0,0,NULL),(161,'Baxter Care Hair Kit For Bearded Mens',NULL,NULL,'published','[\"products\\/product-27.jpg\"]',NULL,'NC-167-A0',0,10,0,1,0,2,1,0,352,292.16,NULL,NULL,13.00,14.00,10.00,820.00,NULL,0,'2024-11-20 02:45:46','2024-11-20 02:45:47','in_stock',0,'Botble\\ACL\\Models\\User',NULL,'physical',NULL,NULL,0,0,0,0,NULL),(162,'Baxter Care Hair Kit For Bearded Mens',NULL,NULL,'published','[\"products\\/product-76.jpg\"]',NULL,'NC-167-A0-A1',0,10,0,1,0,2,1,0,352,274.56,NULL,NULL,13.00,14.00,10.00,820.00,NULL,0,'2024-11-20 02:45:46','2024-11-20 02:45:47','in_stock',0,'Botble\\ACL\\Models\\User',NULL,'physical',NULL,NULL,0,0,0,0,NULL),(163,'Ciate Palemore Lipstick Bold Red Color',NULL,NULL,'published','[\"products\\/product-28.jpg\"]',NULL,'NC-114-A0',0,11,0,1,0,1,1,0,355,NULL,NULL,NULL,16.00,17.00,15.00,549.00,NULL,0,'2024-11-20 02:45:46','2024-11-20 02:45:47','in_stock',0,'Botble\\ACL\\Models\\User',NULL,'digital',NULL,NULL,0,0,0,0,NULL),(164,'Ciate Palemore Lipstick Bold Red Color',NULL,NULL,'published','[\"products\\/product-82.jpg\"]',NULL,'NC-114-A0-A1',0,11,0,1,0,1,1,0,355,NULL,NULL,NULL,16.00,17.00,15.00,549.00,NULL,0,'2024-11-20 02:45:46','2024-11-20 02:45:47','in_stock',0,'Botble\\ACL\\Models\\User',NULL,'digital',NULL,NULL,0,0,0,0,NULL),(165,'Ciate Palemore Lipstick Bold Red Color',NULL,NULL,'published','[\"products\\/product-7.jpg\"]',NULL,'NC-114-A0-A2',0,11,0,1,0,1,1,0,355,NULL,NULL,NULL,16.00,17.00,15.00,549.00,NULL,0,'2024-11-20 02:45:46','2024-11-20 02:45:47','in_stock',0,'Botble\\ACL\\Models\\User',NULL,'digital',NULL,NULL,0,0,0,0,NULL),(166,'Vimto Squash Remix Apple 1.5 Litres',NULL,NULL,'published','[\"products\\/product-33.jpg\"]',NULL,'NC-190-A0',0,10,0,1,0,2,1,0,333,NULL,NULL,NULL,20.00,16.00,15.00,745.00,NULL,0,'2024-11-20 02:45:46','2024-11-20 02:45:47','in_stock',0,'Botble\\ACL\\Models\\User',NULL,'physical',NULL,NULL,0,0,0,0,NULL),(167,'Vimto Squash Remix Apple 1.5 Litres',NULL,NULL,'published','[\"products\\/product-50.jpg\"]',NULL,'NC-190-A0-A1',0,10,0,1,0,2,1,0,333,NULL,NULL,NULL,20.00,16.00,15.00,745.00,NULL,0,'2024-11-20 02:45:46','2024-11-20 02:45:47','in_stock',0,'Botble\\ACL\\Models\\User',NULL,'physical',NULL,NULL,0,0,0,0,NULL),(168,'Crock Pot Slow Cooker',NULL,NULL,'published','[\"products\\/product-57.jpg\"]',NULL,'NC-166-A0',0,15,0,1,0,2,1,0,283,NULL,NULL,NULL,20.00,12.00,15.00,630.00,NULL,0,'2024-11-20 02:45:46','2024-11-20 02:45:47','in_stock',0,'Botble\\ACL\\Models\\User',NULL,'physical',NULL,NULL,0,0,0,0,NULL),(169,'Taylors of Harrogate Yorkshire Coffee',NULL,NULL,'published','[\"products\\/product-75.jpg\"]',NULL,'NC-156-A0',0,13,0,1,0,1,1,0,338,267.02,NULL,NULL,11.00,16.00,15.00,867.00,NULL,0,'2024-11-20 02:45:46','2024-11-20 02:45:47','in_stock',0,'Botble\\ACL\\Models\\User',NULL,'physical',NULL,NULL,0,0,0,0,NULL),(170,'Taylors of Harrogate Yorkshire Coffee',NULL,NULL,'published','[\"products\\/product-70.jpg\"]',NULL,'NC-156-A0-A1',0,13,0,1,0,1,1,0,338,253.5,NULL,NULL,11.00,16.00,15.00,867.00,NULL,0,'2024-11-20 02:45:46','2024-11-20 02:45:47','in_stock',0,'Botble\\ACL\\Models\\User',NULL,'physical',NULL,NULL,0,0,0,0,NULL),(171,'Soft Mochi & Galeto Ice Cream',NULL,NULL,'published','[\"products\\/product-52.jpg\"]',NULL,'NC-167-A0',0,15,0,1,0,7,1,0,297,NULL,NULL,NULL,11.00,20.00,11.00,598.00,NULL,0,'2024-11-20 02:45:46','2024-11-20 02:45:47','in_stock',0,'Botble\\ACL\\Models\\User',NULL,'digital',NULL,NULL,0,0,0,0,NULL),(172,'Soft Mochi & Galeto Ice Cream',NULL,NULL,'published','[\"products\\/product-63.jpg\"]',NULL,'NC-167-A0-A1',0,15,0,1,0,7,1,0,297,NULL,NULL,NULL,11.00,20.00,11.00,598.00,NULL,0,'2024-11-20 02:45:46','2024-11-20 02:45:47','in_stock',0,'Botble\\ACL\\Models\\User',NULL,'digital',NULL,NULL,0,0,0,0,NULL),(173,'Soft Mochi & Galeto Ice Cream',NULL,NULL,'published','[\"products\\/product-47.jpg\"]',NULL,'NC-167-A0-A2',0,15,0,1,0,7,1,0,297,NULL,NULL,NULL,11.00,20.00,11.00,598.00,NULL,0,'2024-11-20 02:45:46','2024-11-20 02:45:47','in_stock',0,'Botble\\ACL\\Models\\User',NULL,'digital',NULL,NULL,0,0,0,0,NULL),(174,'Soft Mochi & Galeto Ice Cream',NULL,NULL,'published','[\"products\\/product-60.jpg\"]',NULL,'NC-167-A0-A3',0,15,0,1,0,7,1,0,297,NULL,NULL,NULL,11.00,20.00,11.00,598.00,NULL,0,'2024-11-20 02:45:46','2024-11-20 02:45:47','in_stock',0,'Botble\\ACL\\Models\\User',NULL,'digital',NULL,NULL,0,0,0,0,NULL),(175,'Naked Noodle Egg Noodles Singapore',NULL,NULL,'published','[\"products\\/product-84.jpg\"]',NULL,'NC-149-A0',0,15,0,1,0,2,1,0,477,NULL,NULL,NULL,11.00,15.00,15.00,759.00,NULL,0,'2024-11-20 02:45:46','2024-11-20 02:45:47','in_stock',0,'Botble\\ACL\\Models\\User',NULL,'physical',NULL,NULL,0,0,0,0,NULL),(176,'Naked Noodle Egg Noodles Singapore',NULL,NULL,'published','[\"products\\/product-91.jpg\"]',NULL,'NC-149-A0-A1',0,15,0,1,0,2,1,0,477,NULL,NULL,NULL,11.00,15.00,15.00,759.00,NULL,0,'2024-11-20 02:45:46','2024-11-20 02:45:47','in_stock',0,'Botble\\ACL\\Models\\User',NULL,'physical',NULL,NULL,0,0,0,0,NULL),(177,'Saute Pan Silver',NULL,NULL,'published','[\"products\\/product-55.jpg\"]',NULL,'NC-192-A0',0,13,0,1,0,6,1,0,344,NULL,NULL,NULL,13.00,13.00,12.00,503.00,NULL,0,'2024-11-20 02:45:46','2024-11-20 02:45:47','in_stock',0,'Botble\\ACL\\Models\\User',NULL,'physical',NULL,NULL,0,0,0,0,NULL),(178,'Saute Pan Silver',NULL,NULL,'published','[\"products\\/product-91.jpg\"]',NULL,'NC-192-A0-A1',0,13,0,1,0,6,1,0,344,NULL,NULL,NULL,13.00,13.00,12.00,503.00,NULL,0,'2024-11-20 02:45:46','2024-11-20 02:45:47','in_stock',0,'Botble\\ACL\\Models\\User',NULL,'physical',NULL,NULL,0,0,0,0,NULL),(179,'Saute Pan Silver',NULL,NULL,'published','[\"products\\/product-51.jpg\"]',NULL,'NC-192-A0-A2',0,13,0,1,0,6,1,0,344,NULL,NULL,NULL,13.00,13.00,12.00,503.00,NULL,0,'2024-11-20 02:45:46','2024-11-20 02:45:47','in_stock',0,'Botble\\ACL\\Models\\User',NULL,'physical',NULL,NULL,0,0,0,0,NULL),(180,'Saute Pan Silver',NULL,NULL,'published','[\"products\\/product-14.jpg\"]',NULL,'NC-192-A0-A3',0,13,0,1,0,6,1,0,344,NULL,NULL,NULL,13.00,13.00,12.00,503.00,NULL,0,'2024-11-20 02:45:46','2024-11-20 02:45:47','in_stock',0,'Botble\\ACL\\Models\\User',NULL,'physical',NULL,NULL,0,0,0,0,NULL),(181,'Bar S – Classic Bun Length Franks',NULL,NULL,'published','[\"products\\/product-47.jpg\"]',NULL,'NC-180-A0',0,19,0,1,0,6,1,0,356,295.48,NULL,NULL,11.00,12.00,17.00,829.00,NULL,0,'2024-11-20 02:45:46','2024-11-20 02:45:47','in_stock',0,'Botble\\ACL\\Models\\User',NULL,'physical',NULL,NULL,0,0,0,0,NULL),(182,'Bar S – Classic Bun Length Franks',NULL,NULL,'published','[\"products\\/product-7.jpg\"]',NULL,'NC-180-A0-A1',0,19,0,1,0,6,1,0,356,291.92,NULL,NULL,11.00,12.00,17.00,829.00,NULL,0,'2024-11-20 02:45:46','2024-11-20 02:45:47','in_stock',0,'Botble\\ACL\\Models\\User',NULL,'physical',NULL,NULL,0,0,0,0,NULL),(183,'Bar S – Classic Bun Length Franks',NULL,NULL,'published','[\"products\\/product-61.jpg\"]',NULL,'NC-180-A0-A2',0,19,0,1,0,6,1,0,356,295.48,NULL,NULL,11.00,12.00,17.00,829.00,NULL,0,'2024-11-20 02:45:46','2024-11-20 02:45:47','in_stock',0,'Botble\\ACL\\Models\\User',NULL,'physical',NULL,NULL,0,0,0,0,NULL),(184,'Bar S – Classic Bun Length Franks',NULL,NULL,'published','[\"products\\/product-78.jpg\"]',NULL,'NC-180-A0-A3',0,19,0,1,0,6,1,0,356,306.16,NULL,NULL,11.00,12.00,17.00,829.00,NULL,0,'2024-11-20 02:45:46','2024-11-20 02:45:47','in_stock',0,'Botble\\ACL\\Models\\User',NULL,'physical',NULL,NULL,0,0,0,0,NULL),(185,'Bar S – Classic Bun Length Franks',NULL,NULL,'published','[\"products\\/product-95.jpg\"]',NULL,'NC-180-A0-A4',0,19,0,1,0,6,1,0,356,270.56,NULL,NULL,11.00,12.00,17.00,829.00,NULL,0,'2024-11-20 02:45:46','2024-11-20 02:45:47','in_stock',0,'Botble\\ACL\\Models\\User',NULL,'physical',NULL,NULL,0,0,0,0,NULL),(186,'Broccoli Crowns',NULL,NULL,'published','[\"products\\/product-9.jpg\"]',NULL,'NC-131-A0',0,16,0,1,0,5,1,0,266,NULL,NULL,NULL,14.00,11.00,10.00,894.00,NULL,0,'2024-11-20 02:45:46','2024-11-20 02:45:47','in_stock',0,'Botble\\ACL\\Models\\User',NULL,'digital',NULL,NULL,0,0,0,0,NULL),(187,'Broccoli Crowns',NULL,NULL,'published','[\"products\\/product-89.jpg\"]',NULL,'NC-131-A0-A1',0,16,0,1,0,5,1,0,266,NULL,NULL,NULL,14.00,11.00,10.00,894.00,NULL,0,'2024-11-20 02:45:46','2024-11-20 02:45:47','in_stock',0,'Botble\\ACL\\Models\\User',NULL,'digital',NULL,NULL,0,0,0,0,NULL),(188,'Slimming World Vegan Mac Greens',NULL,NULL,'published','[\"products\\/product-13.jpg\"]',NULL,'NC-195-A0',0,16,0,1,0,2,1,0,298,NULL,NULL,NULL,10.00,20.00,19.00,843.00,NULL,0,'2024-11-20 02:45:46','2024-11-20 02:45:47','in_stock',0,'Botble\\ACL\\Models\\User',NULL,'physical',NULL,NULL,0,0,0,0,NULL),(189,'Slimming World Vegan Mac Greens',NULL,NULL,'published','[\"products\\/product-60.jpg\"]',NULL,'NC-195-A0-A1',0,16,0,1,0,2,1,0,298,NULL,NULL,NULL,10.00,20.00,19.00,843.00,NULL,0,'2024-11-20 02:45:46','2024-11-20 02:45:47','in_stock',0,'Botble\\ACL\\Models\\User',NULL,'physical',NULL,NULL,0,0,0,0,NULL),(190,'Häagen-Dazs Salted Caramel',NULL,NULL,'published','[\"products\\/product-84.jpg\"]',NULL,'NC-155-A0',0,20,0,1,0,4,1,0,308,NULL,NULL,NULL,14.00,11.00,19.00,635.00,NULL,0,'2024-11-20 02:45:46','2024-11-20 02:45:47','in_stock',0,'Botble\\ACL\\Models\\User',NULL,'physical',NULL,NULL,0,0,0,0,NULL),(191,'Häagen-Dazs Salted Caramel',NULL,NULL,'published','[\"products\\/product-38.jpg\"]',NULL,'NC-155-A0-A1',0,20,0,1,0,4,1,0,308,NULL,NULL,NULL,14.00,11.00,19.00,635.00,NULL,0,'2024-11-20 02:45:46','2024-11-20 02:45:47','in_stock',0,'Botble\\ACL\\Models\\User',NULL,'physical',NULL,NULL,0,0,0,0,NULL),(192,'Iceland 3 Solo Exotic Burst',NULL,NULL,'published','[\"products\\/product-39.jpg\"]',NULL,'NC-198-A0',0,14,0,1,0,2,1,0,415,361.05,NULL,NULL,19.00,14.00,17.00,798.00,NULL,0,'2024-11-20 02:45:46','2024-11-20 02:45:47','in_stock',0,'Botble\\ACL\\Models\\User',NULL,'physical',NULL,NULL,0,0,0,0,NULL),(193,'Extreme Budweiser Light Can',NULL,NULL,'published','[\"products\\/product-5.jpg\"]',NULL,'NC-136-A0',0,11,0,1,0,6,1,0,345,NULL,NULL,NULL,11.00,14.00,11.00,894.00,NULL,0,'2024-11-20 02:45:46','2024-11-20 02:45:47','in_stock',0,'Botble\\ACL\\Models\\User',NULL,'digital',NULL,NULL,0,0,0,0,NULL),(194,'Extreme Budweiser Light Can',NULL,NULL,'published','[\"products\\/product-2.jpg\"]',NULL,'NC-136-A0-A1',0,11,0,1,0,6,1,0,345,NULL,NULL,NULL,11.00,14.00,11.00,894.00,NULL,0,'2024-11-20 02:45:46','2024-11-20 02:45:47','in_stock',0,'Botble\\ACL\\Models\\User',NULL,'digital',NULL,NULL,0,0,0,0,NULL),(195,'Extreme Budweiser Light Can',NULL,NULL,'published','[\"products\\/product-15.jpg\"]',NULL,'NC-136-A0-A2',0,11,0,1,0,6,1,0,345,NULL,NULL,NULL,11.00,14.00,11.00,894.00,NULL,0,'2024-11-20 02:45:46','2024-11-20 02:45:47','in_stock',0,'Botble\\ACL\\Models\\User',NULL,'digital',NULL,NULL,0,0,0,0,NULL),(196,'Extreme Budweiser Light Can',NULL,NULL,'published','[\"products\\/product-80.jpg\"]',NULL,'NC-136-A0-A3',0,11,0,1,0,6,1,0,345,NULL,NULL,NULL,11.00,14.00,11.00,894.00,NULL,0,'2024-11-20 02:45:46','2024-11-20 02:45:47','in_stock',0,'Botble\\ACL\\Models\\User',NULL,'digital',NULL,NULL,0,0,0,0,NULL),(197,'Iceland Macaroni Cheese Traybake',NULL,NULL,'published','[\"products\\/product-28.jpg\"]',NULL,'NC-157-A0',0,10,0,1,0,1,1,0,334,NULL,NULL,NULL,20.00,11.00,20.00,831.00,NULL,0,'2024-11-20 02:45:46','2024-11-20 02:45:47','in_stock',0,'Botble\\ACL\\Models\\User',NULL,'physical',NULL,NULL,0,0,0,0,NULL),(198,'Iceland Macaroni Cheese Traybake',NULL,NULL,'published','[\"products\\/product-44.jpg\"]',NULL,'NC-157-A0-A1',0,10,0,1,0,1,1,0,334,NULL,NULL,NULL,20.00,11.00,20.00,831.00,NULL,0,'2024-11-20 02:45:46','2024-11-20 02:45:47','in_stock',0,'Botble\\ACL\\Models\\User',NULL,'physical',NULL,NULL,0,0,0,0,NULL),(199,'Dolmio Bolognese Pasta Sauce',NULL,NULL,'published','[\"products\\/product-86.jpg\"]',NULL,'NC-176-A0',0,20,0,1,0,6,1,0,241,NULL,NULL,NULL,10.00,12.00,12.00,585.00,NULL,0,'2024-11-20 02:45:46','2024-11-20 02:45:47','in_stock',0,'Botble\\ACL\\Models\\User',NULL,'physical',NULL,NULL,0,0,0,0,NULL),(200,'Sitema BakeIT Plastic Box',NULL,NULL,'published','[\"products\\/product-87.jpg\"]',NULL,'NC-154-A0',0,13,0,1,0,7,1,0,469,332.99,NULL,NULL,11.00,16.00,19.00,859.00,NULL,0,'2024-11-20 02:45:46','2024-11-20 02:45:47','in_stock',0,'Botble\\ACL\\Models\\User',NULL,'physical',NULL,NULL,0,0,0,0,NULL),(201,'Wayfair Basics Dinner Plate Storage',NULL,NULL,'published','[\"products\\/product-60.jpg\"]',NULL,'NC-161-A0',0,16,0,1,0,3,1,0,388,NULL,NULL,NULL,16.00,15.00,11.00,773.00,NULL,0,'2024-11-20 02:45:46','2024-11-20 02:45:47','in_stock',0,'Botble\\ACL\\Models\\User',NULL,'digital',NULL,NULL,0,0,0,0,NULL),(202,'Miko The Panda Water Bottle',NULL,NULL,'published','[\"products\\/product-66.jpg\"]',NULL,'NC-116-A0',0,10,0,1,0,2,1,0,343,NULL,NULL,NULL,19.00,17.00,10.00,647.00,NULL,0,'2024-11-20 02:45:46','2024-11-20 02:45:47','in_stock',0,'Botble\\ACL\\Models\\User',NULL,'physical',NULL,NULL,0,0,0,0,NULL),(203,'Miko The Panda Water Bottle',NULL,NULL,'published','[\"products\\/product-37.jpg\"]',NULL,'NC-116-A0-A1',0,10,0,1,0,2,1,0,343,NULL,NULL,NULL,19.00,17.00,10.00,647.00,NULL,0,'2024-11-20 02:45:46','2024-11-20 02:45:47','in_stock',0,'Botble\\ACL\\Models\\User',NULL,'physical',NULL,NULL,0,0,0,0,NULL),(204,'Miko The Panda Water Bottle',NULL,NULL,'published','[\"products\\/product-21.jpg\"]',NULL,'NC-116-A0-A2',0,10,0,1,0,2,1,0,343,NULL,NULL,NULL,19.00,17.00,10.00,647.00,NULL,0,'2024-11-20 02:45:46','2024-11-20 02:45:47','in_stock',0,'Botble\\ACL\\Models\\User',NULL,'physical',NULL,NULL,0,0,0,0,NULL),(205,'Miko The Panda Water Bottle',NULL,NULL,'published','[\"products\\/product-65.jpg\"]',NULL,'NC-116-A0-A3',0,10,0,1,0,2,1,0,343,NULL,NULL,NULL,19.00,17.00,10.00,647.00,NULL,0,'2024-11-20 02:45:46','2024-11-20 02:45:47','in_stock',0,'Botble\\ACL\\Models\\User',NULL,'physical',NULL,NULL,0,0,0,0,NULL),(206,'Sesame Seed Bread',NULL,NULL,'published','[\"products\\/product-92.jpg\"]',NULL,'NC-177-A0',0,19,0,1,0,3,1,0,253,NULL,NULL,NULL,10.00,11.00,15.00,812.00,NULL,0,'2024-11-20 02:45:46','2024-11-20 02:45:47','in_stock',0,'Botble\\ACL\\Models\\User',NULL,'physical',NULL,NULL,0,0,0,0,NULL),(207,'Morrisons The Best Beef',NULL,NULL,'published','[\"products\\/product-79.jpg\"]',NULL,'NC-159-A0',0,17,0,1,0,1,1,0,224,188.16,NULL,NULL,15.00,19.00,12.00,832.00,NULL,0,'2024-11-20 02:45:46','2024-11-20 02:45:47','in_stock',0,'Botble\\ACL\\Models\\User',NULL,'physical',NULL,NULL,0,0,0,0,NULL),(208,'Morrisons The Best Beef',NULL,NULL,'published','[\"products\\/product-64.jpg\"]',NULL,'NC-159-A0-A1',0,17,0,1,0,1,1,0,224,183.68,NULL,NULL,15.00,19.00,12.00,832.00,NULL,0,'2024-11-20 02:45:46','2024-11-20 02:45:47','in_stock',0,'Botble\\ACL\\Models\\User',NULL,'physical',NULL,NULL,0,0,0,0,NULL),(209,'Avocado, Hass Large',NULL,NULL,'published','[\"products\\/product-36.jpg\"]',NULL,'NC-132-A0',0,19,0,1,0,3,1,0,411,NULL,NULL,NULL,14.00,10.00,19.00,849.00,NULL,0,'2024-11-20 02:45:46','2024-11-20 02:45:47','in_stock',0,'Botble\\ACL\\Models\\User',NULL,'digital',NULL,NULL,0,0,0,0,NULL),(210,'Avocado, Hass Large',NULL,NULL,'published','[\"products\\/product-4.jpg\"]',NULL,'NC-132-A0-A1',0,19,0,1,0,3,1,0,411,NULL,NULL,NULL,14.00,10.00,19.00,849.00,NULL,0,'2024-11-20 02:45:46','2024-11-20 02:45:47','in_stock',0,'Botble\\ACL\\Models\\User',NULL,'digital',NULL,NULL,0,0,0,0,NULL),(211,'Avocado, Hass Large',NULL,NULL,'published','[\"products\\/product-94.jpg\"]',NULL,'NC-132-A0-A2',0,19,0,1,0,3,1,0,411,NULL,NULL,NULL,14.00,10.00,19.00,849.00,NULL,0,'2024-11-20 02:45:46','2024-11-20 02:45:47','in_stock',0,'Botble\\ACL\\Models\\User',NULL,'digital',NULL,NULL,0,0,0,0,NULL),(212,'Avocado, Hass Large',NULL,NULL,'published','[\"products\\/product-39.jpg\"]',NULL,'NC-132-A0-A3',0,19,0,1,0,3,1,0,411,NULL,NULL,NULL,14.00,10.00,19.00,849.00,NULL,0,'2024-11-20 02:45:46','2024-11-20 02:45:47','in_stock',0,'Botble\\ACL\\Models\\User',NULL,'digital',NULL,NULL,0,0,0,0,NULL),(213,'Avocado, Hass Large',NULL,NULL,'published','[\"products\\/product-27.jpg\"]',NULL,'NC-132-A0-A4',0,19,0,1,0,3,1,0,411,NULL,NULL,NULL,14.00,10.00,19.00,849.00,NULL,0,'2024-11-20 02:45:46','2024-11-20 02:45:47','in_stock',0,'Botble\\ACL\\Models\\User',NULL,'digital',NULL,NULL,0,0,0,0,NULL),(214,'Italia Beef Lasagne',NULL,NULL,'published','[\"products\\/product-94.jpg\"]',NULL,'NC-130-A0',0,12,0,1,0,5,1,0,445,NULL,NULL,NULL,16.00,14.00,15.00,865.00,NULL,0,'2024-11-20 02:45:46','2024-11-20 02:45:47','in_stock',0,'Botble\\ACL\\Models\\User',NULL,'physical',NULL,NULL,0,0,0,0,NULL),(215,'Italia Beef Lasagne',NULL,NULL,'published','[\"products\\/product-76.jpg\"]',NULL,'NC-130-A0-A1',0,12,0,1,0,5,1,0,445,NULL,NULL,NULL,16.00,14.00,15.00,865.00,NULL,0,'2024-11-20 02:45:46','2024-11-20 02:45:47','in_stock',0,'Botble\\ACL\\Models\\User',NULL,'physical',NULL,NULL,0,0,0,0,NULL),(216,'Italia Beef Lasagne',NULL,NULL,'published','[\"products\\/product-34.jpg\"]',NULL,'NC-130-A0-A2',0,12,0,1,0,5,1,0,445,NULL,NULL,NULL,16.00,14.00,15.00,865.00,NULL,0,'2024-11-20 02:45:46','2024-11-20 02:45:47','in_stock',0,'Botble\\ACL\\Models\\User',NULL,'physical',NULL,NULL,0,0,0,0,NULL),(217,'Italia Beef Lasagne',NULL,NULL,'published','[\"products\\/product-27.jpg\"]',NULL,'NC-130-A0-A3',0,12,0,1,0,5,1,0,445,NULL,NULL,NULL,16.00,14.00,15.00,865.00,NULL,0,'2024-11-20 02:45:46','2024-11-20 02:45:47','in_stock',0,'Botble\\ACL\\Models\\User',NULL,'physical',NULL,NULL,0,0,0,0,NULL),(218,'Maxwell House Classic Roast Mocha',NULL,NULL,'published','[\"products\\/product-44.jpg\"]',NULL,'NC-147-A0',0,10,0,1,0,7,1,0,459,NULL,NULL,NULL,10.00,13.00,17.00,778.00,NULL,0,'2024-11-20 02:45:46','2024-11-20 02:45:47','in_stock',0,'Botble\\ACL\\Models\\User',NULL,'physical',NULL,NULL,0,0,0,0,NULL),(219,'Bottled Pure Water 500ml',NULL,NULL,'published','[\"products\\/product-17.jpg\"]',NULL,'NC-128-A0',0,14,0,1,0,3,1,0,391,351.9,NULL,NULL,11.00,10.00,11.00,739.00,NULL,0,'2024-11-20 02:45:46','2024-11-20 02:45:47','in_stock',0,'Botble\\ACL\\Models\\User',NULL,'physical',NULL,NULL,0,0,0,0,NULL),(220,'Bottled Pure Water 500ml',NULL,NULL,'published','[\"products\\/product-19.jpg\"]',NULL,'NC-128-A0-A1',0,14,0,1,0,3,1,0,391,328.44,NULL,NULL,11.00,10.00,11.00,739.00,NULL,0,'2024-11-20 02:45:46','2024-11-20 02:45:47','in_stock',0,'Botble\\ACL\\Models\\User',NULL,'physical',NULL,NULL,0,0,0,0,NULL),(221,'Bottled Pure Water 500ml',NULL,NULL,'published','[\"products\\/product-61.jpg\"]',NULL,'NC-128-A0-A2',0,14,0,1,0,3,1,0,391,340.17,NULL,NULL,11.00,10.00,11.00,739.00,NULL,0,'2024-11-20 02:45:46','2024-11-20 02:45:47','in_stock',0,'Botble\\ACL\\Models\\User',NULL,'physical',NULL,NULL,0,0,0,0,NULL),(222,'Famart Farmhouse Soft White',NULL,NULL,'published','[\"products\\/product-1.jpg\"]',NULL,'NC-125-A0',0,11,0,1,0,1,1,0,200,NULL,NULL,NULL,13.00,18.00,16.00,612.00,NULL,0,'2024-11-20 02:45:46','2024-11-20 02:45:47','in_stock',0,'Botble\\ACL\\Models\\User',NULL,'digital',NULL,NULL,0,0,0,0,NULL),(223,'Famart Farmhouse Soft White',NULL,NULL,'published','[\"products\\/product-94.jpg\"]',NULL,'NC-125-A0-A1',0,11,0,1,0,1,1,0,200,NULL,NULL,NULL,13.00,18.00,16.00,612.00,NULL,0,'2024-11-20 02:45:46','2024-11-20 02:45:47','in_stock',0,'Botble\\ACL\\Models\\User',NULL,'digital',NULL,NULL,0,0,0,0,NULL),(224,'Coca-Cola Original Taste',NULL,NULL,'published','[\"products\\/product-21.jpg\"]',NULL,'NC-124-A0',0,17,0,1,0,7,1,0,311,NULL,NULL,NULL,18.00,17.00,15.00,588.00,NULL,0,'2024-11-20 02:45:46','2024-11-20 02:45:47','in_stock',0,'Botble\\ACL\\Models\\User',NULL,'physical',NULL,NULL,0,0,0,0,NULL),(225,'Coca-Cola Original Taste',NULL,NULL,'published','[\"products\\/product-33.jpg\"]',NULL,'NC-124-A0-A1',0,17,0,1,0,7,1,0,311,NULL,NULL,NULL,18.00,17.00,15.00,588.00,NULL,0,'2024-11-20 02:45:46','2024-11-20 02:45:47','in_stock',0,'Botble\\ACL\\Models\\User',NULL,'physical',NULL,NULL,0,0,0,0,NULL),(226,'Coca-Cola Original Taste',NULL,NULL,'published','[\"products\\/product-59.jpg\"]',NULL,'NC-124-A0-A2',0,17,0,1,0,7,1,0,311,NULL,NULL,NULL,18.00,17.00,15.00,588.00,NULL,0,'2024-11-20 02:45:46','2024-11-20 02:45:47','in_stock',0,'Botble\\ACL\\Models\\User',NULL,'physical',NULL,NULL,0,0,0,0,NULL),(227,'Casillero Diablo Cabernet Sauvignon',NULL,NULL,'published','[\"products\\/product-95.jpg\"]',NULL,'NC-178-A0',0,17,0,1,0,4,1,0,411,NULL,NULL,NULL,15.00,13.00,15.00,827.00,NULL,0,'2024-11-20 02:45:46','2024-11-20 02:45:47','in_stock',0,'Botble\\ACL\\Models\\User',NULL,'physical',NULL,NULL,0,0,0,0,NULL),(228,'Casillero Diablo Cabernet Sauvignon',NULL,NULL,'published','[\"products\\/product-7.jpg\"]',NULL,'NC-178-A0-A1',0,17,0,1,0,4,1,0,411,NULL,NULL,NULL,15.00,13.00,15.00,827.00,NULL,0,'2024-11-20 02:45:46','2024-11-20 02:45:47','in_stock',0,'Botble\\ACL\\Models\\User',NULL,'physical',NULL,NULL,0,0,0,0,NULL),(229,'Casillero Diablo Cabernet Sauvignon',NULL,NULL,'published','[\"products\\/product-11.jpg\"]',NULL,'NC-178-A0-A2',0,17,0,1,0,4,1,0,411,NULL,NULL,NULL,15.00,13.00,15.00,827.00,NULL,0,'2024-11-20 02:45:46','2024-11-20 02:45:47','in_stock',0,'Botble\\ACL\\Models\\User',NULL,'physical',NULL,NULL,0,0,0,0,NULL),(230,'Arla Organic Free Range Milk',NULL,NULL,'published','[\"products\\/product-68.jpg\"]',NULL,'NC-195-A0',0,18,0,1,0,2,1,0,471,339.12,NULL,NULL,19.00,18.00,14.00,770.00,NULL,0,'2024-11-20 02:45:46','2024-11-20 02:45:47','in_stock',0,'Botble\\ACL\\Models\\User',NULL,'physical',NULL,NULL,0,0,0,0,NULL),(231,'Aptamil Follow On Baby Milk',NULL,NULL,'published','[\"products\\/product-29.jpg\"]',NULL,'NC-150-A0',0,12,0,1,0,7,1,0,327,NULL,NULL,NULL,15.00,18.00,12.00,512.00,NULL,0,'2024-11-20 02:45:46','2024-11-20 02:45:47','in_stock',0,'Botble\\ACL\\Models\\User',NULL,'digital',NULL,NULL,0,0,0,0,NULL),(232,'Aptamil Follow On Baby Milk',NULL,NULL,'published','[\"products\\/product-71.jpg\"]',NULL,'NC-150-A0-A1',0,12,0,1,0,7,1,0,327,NULL,NULL,NULL,15.00,18.00,12.00,512.00,NULL,0,'2024-11-20 02:45:47','2024-11-20 02:45:47','in_stock',0,'Botble\\ACL\\Models\\User',NULL,'digital',NULL,NULL,0,0,0,0,NULL),(233,'Aptamil Follow On Baby Milk',NULL,NULL,'published','[\"products\\/product-1.jpg\"]',NULL,'NC-150-A0-A2',0,12,0,1,0,7,1,0,327,NULL,NULL,NULL,15.00,18.00,12.00,512.00,NULL,0,'2024-11-20 02:45:47','2024-11-20 02:45:47','in_stock',0,'Botble\\ACL\\Models\\User',NULL,'digital',NULL,NULL,0,0,0,0,NULL),(234,'Aptamil Follow On Baby Milk',NULL,NULL,'published','[\"products\\/product-82.jpg\"]',NULL,'NC-150-A0-A3',0,12,0,1,0,7,1,0,327,NULL,NULL,NULL,15.00,18.00,12.00,512.00,NULL,0,'2024-11-20 02:45:47','2024-11-20 02:45:47','in_stock',0,'Botble\\ACL\\Models\\User',NULL,'digital',NULL,NULL,0,0,0,0,NULL),(235,'Aptamil Follow On Baby Milk',NULL,NULL,'published','[\"products\\/product-33.jpg\"]',NULL,'NC-150-A0-A4',0,12,0,1,0,7,1,0,327,NULL,NULL,NULL,15.00,18.00,12.00,512.00,NULL,0,'2024-11-20 02:45:47','2024-11-20 02:45:47','in_stock',0,'Botble\\ACL\\Models\\User',NULL,'digital',NULL,NULL,0,0,0,0,NULL),(236,'Cuisinart Chef’S Classic Hard-Anodized',NULL,NULL,'published','[\"products\\/product-46.jpg\"]',NULL,'NC-126-A0',0,18,0,1,0,4,1,0,437,NULL,NULL,NULL,12.00,20.00,20.00,821.00,NULL,0,'2024-11-20 02:45:47','2024-11-20 02:45:47','in_stock',0,'Botble\\ACL\\Models\\User',NULL,'physical',NULL,NULL,0,0,0,0,NULL),(237,'Cuisinart Chef’S Classic Hard-Anodized',NULL,NULL,'published','[\"products\\/product-15.jpg\"]',NULL,'NC-126-A0-A1',0,18,0,1,0,4,1,0,437,NULL,NULL,NULL,12.00,20.00,20.00,821.00,NULL,0,'2024-11-20 02:45:47','2024-11-20 02:45:47','in_stock',0,'Botble\\ACL\\Models\\User',NULL,'physical',NULL,NULL,0,0,0,0,NULL),(238,'Cuisinart Chef’S Classic Hard-Anodized',NULL,NULL,'published','[\"products\\/product-50.jpg\"]',NULL,'NC-126-A0-A2',0,18,0,1,0,4,1,0,437,NULL,NULL,NULL,12.00,20.00,20.00,821.00,NULL,0,'2024-11-20 02:45:47','2024-11-20 02:45:47','in_stock',0,'Botble\\ACL\\Models\\User',NULL,'physical',NULL,NULL,0,0,0,0,NULL),(239,'Corn, Yellow Sweet',NULL,NULL,'published','[\"products\\/product-64.jpg\"]',NULL,'NC-102-A0',0,14,0,1,0,5,1,0,244,NULL,NULL,NULL,17.00,16.00,13.00,842.00,NULL,0,'2024-11-20 02:45:47','2024-11-20 02:45:47','in_stock',0,'Botble\\ACL\\Models\\User',NULL,'physical',NULL,NULL,0,0,0,0,NULL),(240,'Corn, Yellow Sweet',NULL,NULL,'published','[\"products\\/product-80.jpg\"]',NULL,'NC-102-A0-A1',0,14,0,1,0,5,1,0,244,NULL,NULL,NULL,17.00,16.00,13.00,842.00,NULL,0,'2024-11-20 02:45:47','2024-11-20 02:45:47','in_stock',0,'Botble\\ACL\\Models\\User',NULL,'physical',NULL,NULL,0,0,0,0,NULL),(241,'Corn, Yellow Sweet',NULL,NULL,'published','[\"products\\/product-42.jpg\"]',NULL,'NC-102-A0-A2',0,14,0,1,0,5,1,0,244,NULL,NULL,NULL,17.00,16.00,13.00,842.00,NULL,0,'2024-11-20 02:45:47','2024-11-20 02:45:47','in_stock',0,'Botble\\ACL\\Models\\User',NULL,'physical',NULL,NULL,0,0,0,0,NULL),(242,'Hobnobs The Nobbly Biscuit',NULL,NULL,'published','[\"products\\/product-60.jpg\"]',NULL,'NC-154-A0',0,18,0,1,0,2,1,0,387,344.43,NULL,NULL,14.00,10.00,10.00,643.00,NULL,0,'2024-11-20 02:45:47','2024-11-20 02:45:47','in_stock',0,'Botble\\ACL\\Models\\User',NULL,'physical',NULL,NULL,0,0,0,0,NULL),(243,'Hobnobs The Nobbly Biscuit',NULL,NULL,'published','[\"products\\/product-46.jpg\"]',NULL,'NC-154-A0-A1',0,18,0,1,0,2,1,0,387,294.12,NULL,NULL,14.00,10.00,10.00,643.00,NULL,0,'2024-11-20 02:45:47','2024-11-20 02:45:47','in_stock',0,'Botble\\ACL\\Models\\User',NULL,'physical',NULL,NULL,0,0,0,0,NULL),(244,'Honest Organic Still Lemonade',NULL,NULL,'published','[\"products\\/product-45.jpg\"]',NULL,'NC-194-A0',0,12,0,1,0,1,1,0,331,NULL,NULL,NULL,11.00,15.00,15.00,604.00,NULL,0,'2024-11-20 02:45:47','2024-11-20 02:45:47','in_stock',0,'Botble\\ACL\\Models\\User',NULL,'digital',NULL,NULL,0,0,0,0,NULL),(245,'Honest Organic Still Lemonade',NULL,NULL,'published','[\"products\\/product-81.jpg\"]',NULL,'NC-194-A0-A1',0,12,0,1,0,1,1,0,331,NULL,NULL,NULL,11.00,15.00,15.00,604.00,NULL,0,'2024-11-20 02:45:47','2024-11-20 02:45:47','in_stock',0,'Botble\\ACL\\Models\\User',NULL,'digital',NULL,NULL,0,0,0,0,NULL),(246,'Ice Beck’s Beer 350ml x 24 Pieces',NULL,NULL,'published','[\"products\\/product-2.jpg\"]',NULL,'NC-176-A0',0,16,0,1,0,7,1,0,472,NULL,NULL,NULL,16.00,15.00,15.00,546.00,NULL,0,'2024-11-20 02:45:47','2024-11-20 02:45:47','in_stock',0,'Botble\\ACL\\Models\\User',NULL,'physical',NULL,NULL,0,0,0,0,NULL),(247,'Iceland 6 Hot Cross Buns',NULL,NULL,'published','[\"products\\/product-20.jpg\"]',NULL,'NC-126-A0',0,10,0,1,0,2,1,0,385,NULL,NULL,NULL,18.00,11.00,15.00,650.00,NULL,0,'2024-11-20 02:45:47','2024-11-20 02:45:47','in_stock',0,'Botble\\ACL\\Models\\User',NULL,'physical',NULL,NULL,0,0,0,0,NULL),(248,'Iceland 6 Hot Cross Buns',NULL,NULL,'published','[\"products\\/product-49.jpg\"]',NULL,'NC-126-A0-A1',0,10,0,1,0,2,1,0,385,NULL,NULL,NULL,18.00,11.00,15.00,650.00,NULL,0,'2024-11-20 02:45:47','2024-11-20 02:45:47','in_stock',0,'Botble\\ACL\\Models\\User',NULL,'physical',NULL,NULL,0,0,0,0,NULL),(249,'Iceland 6 Hot Cross Buns',NULL,NULL,'published','[\"products\\/product-56.jpg\"]',NULL,'NC-126-A0-A2',0,10,0,1,0,2,1,0,385,NULL,NULL,NULL,18.00,11.00,15.00,650.00,NULL,0,'2024-11-20 02:45:47','2024-11-20 02:45:47','in_stock',0,'Botble\\ACL\\Models\\User',NULL,'physical',NULL,NULL,0,0,0,0,NULL),(250,'Iceland Luxury 4 Panini Rolls',NULL,NULL,'published','[\"products\\/product-42.jpg\"]',NULL,'NC-143-A0',0,11,0,1,0,6,1,0,303,236.34,NULL,NULL,15.00,20.00,13.00,882.00,NULL,0,'2024-11-20 02:45:47','2024-11-20 02:45:47','in_stock',0,'Botble\\ACL\\Models\\User',NULL,'physical',NULL,NULL,0,0,0,0,NULL),(251,'Iceland Luxury 4 Panini Rolls',NULL,NULL,'published','[\"products\\/product-72.jpg\"]',NULL,'NC-143-A0-A1',0,11,0,1,0,6,1,0,303,233.31,NULL,NULL,15.00,20.00,13.00,882.00,NULL,0,'2024-11-20 02:45:47','2024-11-20 02:45:47','in_stock',0,'Botble\\ACL\\Models\\User',NULL,'physical',NULL,NULL,0,0,0,0,NULL),(252,'Iceland Luxury 4 Panini Rolls',NULL,NULL,'published','[\"products\\/product-92.jpg\"]',NULL,'NC-143-A0-A2',0,11,0,1,0,6,1,0,303,269.67,NULL,NULL,15.00,20.00,13.00,882.00,NULL,0,'2024-11-20 02:45:47','2024-11-20 02:45:47','in_stock',0,'Botble\\ACL\\Models\\User',NULL,'physical',NULL,NULL,0,0,0,0,NULL),(253,'Iceland Soft Scoop Vanilla',NULL,NULL,'published','[\"products\\/product-95.jpg\"]',NULL,'NC-197-A0',0,18,0,1,0,6,1,0,423,NULL,NULL,NULL,12.00,18.00,17.00,689.00,NULL,0,'2024-11-20 02:45:47','2024-11-20 02:45:47','in_stock',0,'Botble\\ACL\\Models\\User',NULL,'digital',NULL,NULL,0,0,0,0,NULL),(254,'Iceland Soft Scoop Vanilla',NULL,NULL,'published','[\"products\\/product-32.jpg\"]',NULL,'NC-197-A0-A1',0,18,0,1,0,6,1,0,423,NULL,NULL,NULL,12.00,18.00,17.00,689.00,NULL,0,'2024-11-20 02:45:47','2024-11-20 02:45:47','in_stock',0,'Botble\\ACL\\Models\\User',NULL,'digital',NULL,NULL,0,0,0,0,NULL),(255,'Iceland Spaghetti Bolognese',NULL,NULL,'published','[\"products\\/product-41.jpg\"]',NULL,'NC-119-A0',0,19,0,1,0,1,1,0,226,NULL,NULL,NULL,15.00,20.00,13.00,538.00,NULL,0,'2024-11-20 02:45:47','2024-11-20 02:45:47','in_stock',0,'Botble\\ACL\\Models\\User',NULL,'physical',NULL,NULL,0,0,0,0,NULL),(256,'Kellogg’s Coco Pops Cereal',NULL,NULL,'published','[\"products\\/product-14.jpg\"]',NULL,'NC-104-A0',0,17,0,1,0,7,1,0,426,NULL,NULL,NULL,20.00,11.00,13.00,565.00,NULL,0,'2024-11-20 02:45:47','2024-11-20 02:45:47','in_stock',0,'Botble\\ACL\\Models\\User',NULL,'physical',NULL,NULL,0,0,0,0,NULL),(257,'Kellogg’s Coco Pops Cereal',NULL,NULL,'published','[\"products\\/product-40.jpg\"]',NULL,'NC-104-A0-A1',0,17,0,1,0,7,1,0,426,NULL,NULL,NULL,20.00,11.00,13.00,565.00,NULL,0,'2024-11-20 02:45:47','2024-11-20 02:45:47','in_stock',0,'Botble\\ACL\\Models\\User',NULL,'physical',NULL,NULL,0,0,0,0,NULL),(258,'Kit Kat Chunky Milk Chocolate',NULL,NULL,'published','[\"products\\/product-61.jpg\"]',NULL,'NC-184-A0',0,10,0,1,0,6,1,0,476,395.08,NULL,NULL,10.00,14.00,19.00,890.00,NULL,0,'2024-11-20 02:45:47','2024-11-20 02:45:47','in_stock',0,'Botble\\ACL\\Models\\User',NULL,'physical',NULL,NULL,0,0,0,0,NULL),(259,'Large Green Bell Pepper',NULL,NULL,'published','[\"products\\/product-43.jpg\"]',NULL,'NC-101-A0',0,13,0,1,0,7,1,0,221,NULL,NULL,NULL,16.00,11.00,18.00,666.00,NULL,0,'2024-11-20 02:45:47','2024-11-20 02:45:47','in_stock',0,'Botble\\ACL\\Models\\User',NULL,'digital',NULL,NULL,0,0,0,0,NULL),(260,'Large Green Bell Pepper',NULL,NULL,'published','[\"products\\/product-77.jpg\"]',NULL,'NC-101-A0-A1',0,13,0,1,0,7,1,0,221,NULL,NULL,NULL,16.00,11.00,18.00,666.00,NULL,0,'2024-11-20 02:45:47','2024-11-20 02:45:47','in_stock',0,'Botble\\ACL\\Models\\User',NULL,'digital',NULL,NULL,0,0,0,0,NULL),(261,'Pice 94w Beasley Journal',NULL,NULL,'published','[\"products\\/product-56.jpg\"]',NULL,'NC-181-A0',0,10,0,1,0,6,1,0,368,NULL,NULL,NULL,15.00,16.00,11.00,618.00,NULL,0,'2024-11-20 02:45:47','2024-11-20 02:45:47','in_stock',0,'Botble\\ACL\\Models\\User',NULL,'physical',NULL,NULL,0,0,0,0,NULL),(262,'Pice 94w Beasley Journal',NULL,NULL,'published','[\"products\\/product-47.jpg\"]',NULL,'NC-181-A0-A1',0,10,0,1,0,6,1,0,368,NULL,NULL,NULL,15.00,16.00,11.00,618.00,NULL,0,'2024-11-20 02:45:47','2024-11-20 02:45:47','in_stock',0,'Botble\\ACL\\Models\\User',NULL,'physical',NULL,NULL,0,0,0,0,NULL),(263,'Pice 94w Beasley Journal',NULL,NULL,'published','[\"products\\/product-87.jpg\"]',NULL,'NC-181-A0-A2',0,10,0,1,0,6,1,0,368,NULL,NULL,NULL,15.00,16.00,11.00,618.00,NULL,0,'2024-11-20 02:45:47','2024-11-20 02:45:47','in_stock',0,'Botble\\ACL\\Models\\User',NULL,'physical',NULL,NULL,0,0,0,0,NULL),(264,'Province Piece Glass Drinking Glass',NULL,NULL,'published','[\"products\\/product-64.jpg\"]',NULL,'NC-153-A0',0,13,0,1,0,7,1,0,218,NULL,NULL,NULL,13.00,14.00,18.00,615.00,NULL,0,'2024-11-20 02:45:47','2024-11-20 02:45:47','in_stock',0,'Botble\\ACL\\Models\\User',NULL,'physical',NULL,NULL,0,0,0,0,NULL),(265,'Province Piece Glass Drinking Glass',NULL,NULL,'published','[\"products\\/product-17.jpg\"]',NULL,'NC-153-A0-A1',0,13,0,1,0,7,1,0,218,NULL,NULL,NULL,13.00,14.00,18.00,615.00,NULL,0,'2024-11-20 02:45:47','2024-11-20 02:45:47','in_stock',0,'Botble\\ACL\\Models\\User',NULL,'physical',NULL,NULL,0,0,0,0,NULL);
/*!40000 ALTER TABLE `ec_products` ENABLE KEYS */;
UNLOCK TABLES;

--
-- Table structure for table `ec_products_translations`
--

DROP TABLE IF EXISTS `ec_products_translations`;
/*!40101 SET @saved_cs_client     = @@character_set_client */;
/*!40101 SET character_set_client = utf8 */;
CREATE TABLE `ec_products_translations` (
  `lang_code` varchar(191) COLLATE utf8mb4_unicode_ci NOT NULL,
  `ec_products_id` bigint unsigned NOT NULL,
  `name` varchar(191) COLLATE utf8mb4_unicode_ci DEFAULT NULL,
  `description` text COLLATE utf8mb4_unicode_ci,
  `content` text COLLATE utf8mb4_unicode_ci,
  PRIMARY KEY (`lang_code`,`ec_products_id`)
) ENGINE=InnoDB DEFAULT CHARSET=utf8mb4 COLLATE=utf8mb4_unicode_ci;
/*!40101 SET character_set_client = @saved_cs_client */;

--
-- Dumping data for table `ec_products_translations`
--

LOCK TABLES `ec_products_translations` WRITE;
/*!40000 ALTER TABLE `ec_products_translations` DISABLE KEYS */;
/*!40000 ALTER TABLE `ec_products_translations` ENABLE KEYS */;
UNLOCK TABLES;

--
-- Table structure for table `ec_review_replies`
--

DROP TABLE IF EXISTS `ec_review_replies`;
/*!40101 SET @saved_cs_client     = @@character_set_client */;
/*!40101 SET character_set_client = utf8 */;
CREATE TABLE `ec_review_replies` (
  `id` bigint unsigned NOT NULL AUTO_INCREMENT,
  `user_id` bigint unsigned NOT NULL,
  `review_id` bigint unsigned NOT NULL,
  `message` text COLLATE utf8mb4_unicode_ci NOT NULL,
  `created_at` timestamp NULL DEFAULT NULL,
  `updated_at` timestamp NULL DEFAULT NULL,
  PRIMARY KEY (`id`),
  UNIQUE KEY `ec_review_replies_review_id_user_id_unique` (`review_id`,`user_id`)
) ENGINE=InnoDB DEFAULT CHARSET=utf8mb4 COLLATE=utf8mb4_unicode_ci;
/*!40101 SET character_set_client = @saved_cs_client */;

--
-- Dumping data for table `ec_review_replies`
--

LOCK TABLES `ec_review_replies` WRITE;
/*!40000 ALTER TABLE `ec_review_replies` DISABLE KEYS */;
/*!40000 ALTER TABLE `ec_review_replies` ENABLE KEYS */;
UNLOCK TABLES;

--
-- Table structure for table `ec_reviews`
--

DROP TABLE IF EXISTS `ec_reviews`;
/*!40101 SET @saved_cs_client     = @@character_set_client */;
/*!40101 SET character_set_client = utf8 */;
CREATE TABLE `ec_reviews` (
  `id` bigint unsigned NOT NULL AUTO_INCREMENT,
  `customer_id` bigint unsigned DEFAULT NULL,
  `customer_name` varchar(191) COLLATE utf8mb4_unicode_ci DEFAULT NULL,
  `customer_email` varchar(191) COLLATE utf8mb4_unicode_ci DEFAULT NULL,
  `product_id` bigint unsigned NOT NULL,
  `star` double(8,2) NOT NULL,
  `comment` text COLLATE utf8mb4_unicode_ci NOT NULL,
  `status` varchar(60) COLLATE utf8mb4_unicode_ci NOT NULL DEFAULT 'published',
  `created_at` timestamp NULL DEFAULT NULL,
  `updated_at` timestamp NULL DEFAULT NULL,
  `images` text COLLATE utf8mb4_unicode_ci,
  PRIMARY KEY (`id`),
  UNIQUE KEY `ec_reviews_product_id_customer_id_unique` (`product_id`,`customer_id`),
  KEY `ec_reviews_product_id_customer_id_status_created_at_index` (`product_id`,`customer_id`,`status`,`created_at`),
  KEY `review_relation_index` (`product_id`,`customer_id`,`status`)
) ENGINE=InnoDB AUTO_INCREMENT=1001 DEFAULT CHARSET=utf8mb4 COLLATE=utf8mb4_unicode_ci;
/*!40101 SET character_set_client = @saved_cs_client */;

--
-- Dumping data for table `ec_reviews`
--

LOCK TABLES `ec_reviews` WRITE;
/*!40000 ALTER TABLE `ec_reviews` DISABLE KEYS */;
INSERT INTO `ec_reviews` VALUES (1,9,NULL,NULL,36,4.00,'These guys are amazing! Responses immediately, amazing support and help... I immediately feel at ease after Purchasing..','published','2024-11-20 02:45:51','2024-11-20 02:45:51','[\"products\\/product-76.jpg\"]'),(2,6,NULL,NULL,66,3.00,'Great system, great support, good job Botble. I\'m looking forward to more great functional plugins.','published','2024-11-20 02:45:51','2024-11-20 02:45:51','[\"products\\/product-37.jpg\"]'),(3,10,NULL,NULL,34,5.00,'Second or third time that I buy a Botble product, happy with the products and support. You guys do a good job :)','published','2024-11-20 02:45:51','2024-11-20 02:45:51','[\"products\\/product-16.jpg\",\"products\\/product-37.jpg\",\"products\\/product-41.jpg\",\"products\\/product-92.jpg\"]'),(4,3,NULL,NULL,13,1.00,'Those guys now what they are doing, the release such a good product that it\'s a pleasure to work with ! Even when I was stuck on the project, I created a ticket and the next day it was replied by the team. GOOD JOB guys. I love working with them :)','published','2024-11-20 02:45:51','2024-11-20 02:45:51','[\"products\\/product-11.jpg\",\"products\\/product-20.jpg\",\"products\\/product-50.jpg\",\"products\\/product-54.jpg\"]'),(5,1,NULL,NULL,69,2.00,'Amazing code, amazing support. Overall, im really confident in Botble and im happy I made the right choice! Thank you so much guys for coding this masterpiece','published','2024-11-20 02:45:51','2024-11-20 02:45:51','[\"products\\/product-9.jpg\",\"products\\/product-55.jpg\",\"products\\/product-65.jpg\"]'),(6,5,NULL,NULL,6,1.00,'This script is well coded and is super fast. The support is pretty quick. Very patient and helpful team. I strongly recommend it and they deserve more than 5 stars.','published','2024-11-20 02:45:51','2024-11-20 02:45:51','[\"products\\/product-4.jpg\",\"products\\/product-5.jpg\"]'),(7,2,NULL,NULL,60,2.00,'The script is the best of its class, fast, easy to implement and work with , and the most important thing is the great support team , Recommend with no doubt.','published','2024-11-20 02:45:51','2024-11-20 02:45:51','[\"products\\/product-37.jpg\",\"products\\/product-56.jpg\"]'),(8,9,NULL,NULL,37,5.00,'Clean & perfect source code','published','2024-11-20 02:45:51','2024-11-20 02:45:51','[\"products\\/product-61.jpg\"]'),(9,8,NULL,NULL,55,1.00,'The best ecommerce CMS! Excellent coding! best support service! Thank you so much..... I really like your hard work.','published','2024-11-20 02:45:51','2024-11-20 02:45:51','[\"products\\/product-12.jpg\"]'),(10,1,NULL,NULL,50,3.00,'The script is the best of its class, fast, easy to implement and work with , and the most important thing is the great support team , Recommend with no doubt.','published','2024-11-20 02:45:51','2024-11-20 02:45:51','[\"products\\/product-75.jpg\",\"products\\/product-91.jpg\"]'),(11,1,NULL,NULL,70,1.00,'We have received brilliant service support and will be expanding the features with the developer. Nice product!','published','2024-11-20 02:45:51','2024-11-20 02:45:51','[\"products\\/product-1.jpg\",\"products\\/product-3.jpg\"]'),(12,6,NULL,NULL,7,2.00,'The best store template! Excellent coding! Very good support! Thank you so much for all the help, I really appreciated.','published','2024-11-20 02:45:51','2024-11-20 02:45:51','[\"products\\/product-13.jpg\",\"products\\/product-22.jpg\",\"products\\/product-23.jpg\"]'),(13,6,NULL,NULL,62,1.00,'I Love this Script. I also found how to add other fees. Now I just wait the BIG update for the Marketplace with the Bulk Import. Just do not forget to make it to be Multi-language for us the Botble Fans.','published','2024-11-20 02:45:51','2024-11-20 02:45:51','[\"products\\/product-19.jpg\",\"products\\/product-88.jpg\"]'),(14,5,NULL,NULL,21,2.00,'Great system, great support, good job Botble. I\'m looking forward to more great functional plugins.','published','2024-11-20 02:45:51','2024-11-20 02:45:51','[\"products\\/pla-product-02.jpg\",\"products\\/product-1.jpg\",\"products\\/product-49.jpg\"]'),(15,9,NULL,NULL,51,4.00,'Cool template. Excellent code quality. The support responds very quickly, which is very rare on themeforest and codecanyon.net, I buy a lot of templates, and everyone will have a response from technical support for two or three days. Thanks to tech support. I recommend to buy.','published','2024-11-20 02:45:51','2024-11-20 02:45:51','[\"products\\/product-10.jpg\",\"products\\/product-44.jpg\",\"products\\/product-65.jpg\"]'),(16,4,NULL,NULL,17,4.00,'We have received brilliant service support and will be expanding the features with the developer. Nice product!','published','2024-11-20 02:45:51','2024-11-20 02:45:51','[\"products\\/product-60.jpg\"]'),(17,5,NULL,NULL,8,1.00,'These guys are amazing! Responses immediately, amazing support and help... I immediately feel at ease after Purchasing..','published','2024-11-20 02:45:51','2024-11-20 02:45:51','[\"products\\/product-88.jpg\"]'),(18,2,NULL,NULL,21,5.00,'Best ecommerce CMS online store!','published','2024-11-20 02:45:51','2024-11-20 02:45:51','[\"products\\/product-2.jpg\",\"products\\/product-4.jpg\",\"products\\/product-40.jpg\",\"products\\/product-63.jpg\"]'),(19,5,NULL,NULL,2,3.00,'Great E-commerce system. And much more : Wonderful Customer Support.','published','2024-11-20 02:45:51','2024-11-20 02:45:51','[\"products\\/product-52.jpg\",\"products\\/product-55.jpg\"]'),(20,4,NULL,NULL,24,5.00,'This script is well coded and is super fast. The support is pretty quick. Very patient and helpful team. I strongly recommend it and they deserve more than 5 stars.','published','2024-11-20 02:45:51','2024-11-20 02:45:51','[\"products\\/pla-product-02.jpg\",\"products\\/product-30.jpg\"]'),(21,9,NULL,NULL,6,4.00,'For me the best eCommerce script on Envato at this moment: modern, clean code, a lot of great features. The customer support is great too: I always get an answer within hours!','published','2024-11-20 02:45:51','2024-11-20 02:45:51','[\"products\\/product-19.jpg\",\"products\\/product-32.jpg\"]'),(22,8,NULL,NULL,29,1.00,'This script is well coded and is super fast. The support is pretty quick. Very patient and helpful team. I strongly recommend it and they deserve more than 5 stars.','published','2024-11-20 02:45:51','2024-11-20 02:45:51','[\"products\\/product-15.jpg\",\"products\\/product-19.jpg\",\"products\\/product-24.jpg\",\"products\\/product-56.jpg\"]'),(23,1,NULL,NULL,42,3.00,'Very enthusiastic support! Excellent code is written. It\'s a true pleasure working with.','published','2024-11-20 02:45:51','2024-11-20 02:45:51','[\"products\\/product-28.jpg\"]'),(24,7,NULL,NULL,55,1.00,'Very enthusiastic support! Excellent code is written. It\'s a true pleasure working with.','published','2024-11-20 02:45:51','2024-11-20 02:45:51','[\"products\\/product-7.jpg\"]'),(25,6,NULL,NULL,18,1.00,'The script is the best of its class, fast, easy to implement and work with , and the most important thing is the great support team , Recommend with no doubt.','published','2024-11-20 02:45:51','2024-11-20 02:45:51','[\"products\\/product-14.jpg\",\"products\\/product-27.jpg\",\"products\\/product-83.jpg\",\"products\\/product-85.jpg\"]'),(26,8,NULL,NULL,53,1.00,'As a developer I reviewed this script. This is really awesome ecommerce script. I have convinced when I noticed that it\'s built on fully WordPress concept.','published','2024-11-20 02:45:51','2024-11-20 02:45:51','[\"products\\/product-92.jpg\"]'),(27,6,NULL,NULL,52,3.00,'Ok good product. I have some issues in customizations. But its not correct to blame the developer. The product is good. Good luck for your business.','published','2024-11-20 02:45:51','2024-11-20 02:45:51','[\"products\\/product-65.jpg\",\"products\\/product-84.jpg\"]'),(28,3,NULL,NULL,50,4.00,'Very enthusiastic support! Excellent code is written. It\'s a true pleasure working with.','published','2024-11-20 02:45:51','2024-11-20 02:45:51','[\"products\\/product-17.jpg\",\"products\\/product-49.jpg\"]'),(29,3,NULL,NULL,34,2.00,'These guys are amazing! Responses immediately, amazing support and help... I immediately feel at ease after Purchasing..','published','2024-11-20 02:45:51','2024-11-20 02:45:51','[\"products\\/product-7.jpg\",\"products\\/product-46.jpg\",\"products\\/product-83.jpg\",\"products\\/product-94.jpg\"]'),(30,2,NULL,NULL,3,2.00,'For me the best eCommerce script on Envato at this moment: modern, clean code, a lot of great features. The customer support is great too: I always get an answer within hours!','published','2024-11-20 02:45:51','2024-11-20 02:45:51','[\"products\\/product-84.jpg\"]'),(31,8,NULL,NULL,46,1.00,'Clean & perfect source code','published','2024-11-20 02:45:51','2024-11-20 02:45:51','[\"products\\/product-76.jpg\"]'),(32,2,NULL,NULL,62,2.00,'This script is well coded and is super fast. The support is pretty quick. Very patient and helpful team. I strongly recommend it and they deserve more than 5 stars.','published','2024-11-20 02:45:51','2024-11-20 02:45:51','[\"products\\/product-38.jpg\",\"products\\/product-94.jpg\"]'),(33,7,NULL,NULL,22,3.00,'Ok good product. I have some issues in customizations. But its not correct to blame the developer. The product is good. Good luck for your business.','published','2024-11-20 02:45:51','2024-11-20 02:45:51','[\"products\\/product-35.jpg\",\"products\\/product-85.jpg\"]'),(34,8,NULL,NULL,41,1.00,'Ok good product. I have some issues in customizations. But its not correct to blame the developer. The product is good. Good luck for your business.','published','2024-11-20 02:45:51','2024-11-20 02:45:51','[\"products\\/product-19.jpg\"]'),(35,4,NULL,NULL,61,4.00,'Great system, great support, good job Botble. I\'m looking forward to more great functional plugins.','published','2024-11-20 02:45:51','2024-11-20 02:45:51','[\"products\\/product-16.jpg\",\"products\\/product-41.jpg\",\"products\\/product-56.jpg\",\"products\\/product-70.jpg\"]'),(36,9,NULL,NULL,3,2.00,'The best store template! Excellent coding! Very good support! Thank you so much for all the help, I really appreciated.','published','2024-11-20 02:45:51','2024-11-20 02:45:51','[\"products\\/product-29.jpg\",\"products\\/product-69.jpg\",\"products\\/product-74.jpg\"]'),(37,8,NULL,NULL,7,3.00,'Great system, great support, good job Botble. I\'m looking forward to more great functional plugins.','published','2024-11-20 02:45:51','2024-11-20 02:45:51','[\"products\\/product-5.jpg\",\"products\\/product-35.jpg\",\"products\\/product-73.jpg\",\"products\\/product-80.jpg\"]'),(38,9,NULL,NULL,24,1.00,'The best store template! Excellent coding! Very good support! Thank you so much for all the help, I really appreciated.','published','2024-11-20 02:45:51','2024-11-20 02:45:51','[\"products\\/product-15.jpg\",\"products\\/product-49.jpg\"]'),(39,9,NULL,NULL,65,1.00,'This web app is really good in design, code quality & features. Besides, the customer support provided by the Botble team was really fast & helpful. You guys are awesome!','published','2024-11-20 02:45:51','2024-11-20 02:45:51','[\"products\\/product-56.jpg\"]'),(40,7,NULL,NULL,10,2.00,'I Love this Script. I also found how to add other fees. Now I just wait the BIG update for the Marketplace with the Bulk Import. Just do not forget to make it to be Multi-language for us the Botble Fans.','published','2024-11-20 02:45:51','2024-11-20 02:45:51','[\"products\\/product-24.jpg\",\"products\\/product-34.jpg\"]'),(41,5,NULL,NULL,57,2.00,'Ok good product. I have some issues in customizations. But its not correct to blame the developer. The product is good. Good luck for your business.','published','2024-11-20 02:45:51','2024-11-20 02:45:51','[\"products\\/product-8.jpg\",\"products\\/product-14.jpg\",\"products\\/product-50.jpg\",\"products\\/product-94.jpg\"]'),(42,5,NULL,NULL,69,1.00,'Very enthusiastic support! Excellent code is written. It\'s a true pleasure working with.','published','2024-11-20 02:45:51','2024-11-20 02:45:51','[\"products\\/product-9.jpg\",\"products\\/product-20.jpg\",\"products\\/product-43.jpg\",\"products\\/product-50.jpg\"]'),(43,4,NULL,NULL,12,2.00,'Best ecommerce CMS online store!','published','2024-11-20 02:45:51','2024-11-20 02:45:51','[\"products\\/product-90.jpg\"]'),(45,1,NULL,NULL,40,3.00,'Ok good product. I have some issues in customizations. But its not correct to blame the developer. The product is good. Good luck for your business.','published','2024-11-20 02:45:51','2024-11-20 02:45:51','[\"products\\/product-18.jpg\",\"products\\/product-75.jpg\"]'),(46,6,NULL,NULL,13,4.00,'Best ecommerce CMS online store!','published','2024-11-20 02:45:51','2024-11-20 02:45:51','[\"products\\/product-92.jpg\"]'),(47,6,NULL,NULL,38,4.00,'Perfect +++++++++ i love it really also i get to fast ticket answers... Thanks Lot BOTBLE Teams','published','2024-11-20 02:45:51','2024-11-20 02:45:51','[\"products\\/product-43.jpg\",\"products\\/product-44.jpg\",\"products\\/product-73.jpg\"]'),(48,1,NULL,NULL,51,3.00,'The code is good, in general, if you like it, can you give it 5 stars?','published','2024-11-20 02:45:51','2024-11-20 02:45:51','[\"products\\/pla-product-03.jpg\",\"products\\/product-52.jpg\",\"products\\/product-80.jpg\"]'),(49,6,NULL,NULL,49,4.00,'The script is the best of its class, fast, easy to implement and work with , and the most important thing is the great support team , Recommend with no doubt.','published','2024-11-20 02:45:51','2024-11-20 02:45:51','[\"products\\/product-18.jpg\",\"products\\/product-30.jpg\",\"products\\/product-71.jpg\"]'),(50,6,NULL,NULL,12,1.00,'I Love this Script. I also found how to add other fees. Now I just wait the BIG update for the Marketplace with the Bulk Import. Just do not forget to make it to be Multi-language for us the Botble Fans.','published','2024-11-20 02:45:51','2024-11-20 02:45:51','[\"products\\/product-44.jpg\",\"products\\/product-59.jpg\",\"products\\/product-90.jpg\"]'),(51,10,NULL,NULL,48,1.00,'The best ecommerce CMS! Excellent coding! best support service! Thank you so much..... I really like your hard work.','published','2024-11-20 02:45:51','2024-11-20 02:45:51','[\"products\\/product-16.jpg\"]'),(53,5,NULL,NULL,23,5.00,'Great system, great support, good job Botble. I\'m looking forward to more great functional plugins.','published','2024-11-20 02:45:51','2024-11-20 02:45:51','[\"products\\/product-17.jpg\",\"products\\/product-25.jpg\",\"products\\/product-68.jpg\",\"products\\/product-77.jpg\"]'),(54,7,NULL,NULL,32,3.00,'Best ecommerce CMS online store!','published','2024-11-20 02:45:51','2024-11-20 02:45:51','[\"products\\/product-17.jpg\",\"products\\/product-64.jpg\",\"products\\/product-87.jpg\",\"products\\/product-94.jpg\"]'),(55,8,NULL,NULL,14,4.00,'Great system, great support, good job Botble. I\'m looking forward to more great functional plugins.','published','2024-11-20 02:45:51','2024-11-20 02:45:51','[\"products\\/product-45.jpg\",\"products\\/product-54.jpg\",\"products\\/product-74.jpg\"]'),(56,9,NULL,NULL,67,5.00,'Great E-commerce system. And much more : Wonderful Customer Support.','published','2024-11-20 02:45:51','2024-11-20 02:45:51','[\"products\\/product-11.jpg\",\"products\\/product-40.jpg\",\"products\\/product-51.jpg\",\"products\\/product-71.jpg\"]'),(57,2,NULL,NULL,35,1.00,'Ok good product. I have some issues in customizations. But its not correct to blame the developer. The product is good. Good luck for your business.','published','2024-11-20 02:45:51','2024-11-20 02:45:51','[\"products\\/product-21.jpg\",\"products\\/product-40.jpg\",\"products\\/product-55.jpg\",\"products\\/product-83.jpg\"]'),(58,5,NULL,NULL,73,2.00,'Great E-commerce system. And much more : Wonderful Customer Support.','published','2024-11-20 02:45:51','2024-11-20 02:45:51','[\"products\\/pla-product-03.jpg\",\"products\\/product-62.jpg\"]'),(59,2,NULL,NULL,5,2.00,'It\'s not my first experience here on Codecanyon and I can honestly tell you all that Botble puts a LOT of effort into the support. They answer so fast, they helped me tons of times. REALLY by far THE BEST EXPERIENCE on Codecanyon. Those guys at Botble are so good that they deserve 5 stars. I recommend them, I trust them and I can\'t wait to see what they will sell in a near future. Thank you Botble :)','published','2024-11-20 02:45:51','2024-11-20 02:45:51','[\"products\\/product-21.jpg\",\"products\\/product-41.jpg\",\"products\\/product-47.jpg\",\"products\\/product-94.jpg\"]'),(60,3,NULL,NULL,64,3.00,'Great system, great support, good job Botble. I\'m looking forward to more great functional plugins.','published','2024-11-20 02:45:51','2024-11-20 02:45:51','[\"products\\/product-34.jpg\",\"products\\/product-88.jpg\"]'),(61,1,NULL,NULL,21,1.00,'Clean & perfect source code','published','2024-11-20 02:45:51','2024-11-20 02:45:51','[\"products\\/product-60.jpg\",\"products\\/product-83.jpg\"]'),(62,5,NULL,NULL,18,3.00,'This script is well coded and is super fast. The support is pretty quick. Very patient and helpful team. I strongly recommend it and they deserve more than 5 stars.','published','2024-11-20 02:45:51','2024-11-20 02:45:51','[\"products\\/product-32.jpg\",\"products\\/product-56.jpg\"]'),(63,2,NULL,NULL,54,3.00,'Very enthusiastic support! Excellent code is written. It\'s a true pleasure working with.','published','2024-11-20 02:45:51','2024-11-20 02:45:51','[\"products\\/pla-product-01.jpg\",\"products\\/product-6.jpg\",\"products\\/product-76.jpg\"]'),(64,4,NULL,NULL,57,5.00,'These guys are amazing! Responses immediately, amazing support and help... I immediately feel at ease after Purchasing..','published','2024-11-20 02:45:51','2024-11-20 02:45:51','[\"products\\/product-67.jpg\"]'),(65,7,NULL,NULL,57,5.00,'Great E-commerce system. And much more : Wonderful Customer Support.','published','2024-11-20 02:45:51','2024-11-20 02:45:51','[\"products\\/product-1.jpg\",\"products\\/product-63.jpg\"]'),(66,8,NULL,NULL,37,4.00,'The script is the best of its class, fast, easy to implement and work with , and the most important thing is the great support team , Recommend with no doubt.','published','2024-11-20 02:45:51','2024-11-20 02:45:51','[\"products\\/product-11.jpg\"]'),(67,7,NULL,NULL,2,4.00,'The best ecommerce CMS! Excellent coding! best support service! Thank you so much..... I really like your hard work.','published','2024-11-20 02:45:51','2024-11-20 02:45:51','[\"products\\/product-17.jpg\"]'),(68,7,NULL,NULL,73,3.00,'Amazing code, amazing support. Overall, im really confident in Botble and im happy I made the right choice! Thank you so much guys for coding this masterpiece','published','2024-11-20 02:45:51','2024-11-20 02:45:51','[\"products\\/product-13.jpg\",\"products\\/product-44.jpg\",\"products\\/product-50.jpg\"]'),(69,5,NULL,NULL,4,2.00,'The script is the best of its class, fast, easy to implement and work with , and the most important thing is the great support team , Recommend with no doubt.','published','2024-11-20 02:45:51','2024-11-20 02:45:51','[\"products\\/pla-product-01.jpg\",\"products\\/product-41.jpg\",\"products\\/product-76.jpg\",\"products\\/product-93.jpg\"]'),(70,7,NULL,NULL,7,2.00,'The code is good, in general, if you like it, can you give it 5 stars?','published','2024-11-20 02:45:51','2024-11-20 02:45:51','[\"products\\/product-7.jpg\",\"products\\/product-53.jpg\",\"products\\/product-92.jpg\"]'),(71,9,NULL,NULL,40,1.00,'Great system, great support, good job Botble. I\'m looking forward to more great functional plugins.','published','2024-11-20 02:45:51','2024-11-20 02:45:51','[\"products\\/product-62.jpg\",\"products\\/product-64.jpg\",\"products\\/product-92.jpg\"]'),(72,7,NULL,NULL,48,4.00,'Ok good product. I have some issues in customizations. But its not correct to blame the developer. The product is good. Good luck for your business.','published','2024-11-20 02:45:51','2024-11-20 02:45:51','[\"products\\/product-44.jpg\",\"products\\/product-51.jpg\"]'),(73,6,NULL,NULL,54,5.00,'Second or third time that I buy a Botble product, happy with the products and support. You guys do a good job :)','published','2024-11-20 02:45:51','2024-11-20 02:45:51','[\"products\\/product-60.jpg\",\"products\\/product-86.jpg\",\"products\\/product-93.jpg\"]'),(74,8,NULL,NULL,68,2.00,'Cool template. Excellent code quality. The support responds very quickly, which is very rare on themeforest and codecanyon.net, I buy a lot of templates, and everyone will have a response from technical support for two or three days. Thanks to tech support. I recommend to buy.','published','2024-11-20 02:45:51','2024-11-20 02:45:51','[\"products\\/product-30.jpg\"]'),(75,9,NULL,NULL,39,5.00,'Solution is too robust for our purpose so we didn\'t use it at the end. But I appreciate customer support during initial configuration.','published','2024-11-20 02:45:51','2024-11-20 02:45:51','[\"products\\/product-22.jpg\",\"products\\/product-34.jpg\"]'),(76,1,NULL,NULL,37,1.00,'Great system, great support, good job Botble. I\'m looking forward to more great functional plugins.','published','2024-11-20 02:45:51','2024-11-20 02:45:51','[\"products\\/product-40.jpg\",\"products\\/product-64.jpg\",\"products\\/product-81.jpg\",\"products\\/product-89.jpg\"]'),(77,1,NULL,NULL,29,1.00,'Perfect +++++++++ i love it really also i get to fast ticket answers... Thanks Lot BOTBLE Teams','published','2024-11-20 02:45:51','2024-11-20 02:45:51','[\"products\\/pla-product-02.jpg\",\"products\\/product-2.jpg\",\"products\\/product-57.jpg\"]'),(78,8,NULL,NULL,72,2.00,'Cool template. Excellent code quality. The support responds very quickly, which is very rare on themeforest and codecanyon.net, I buy a lot of templates, and everyone will have a response from technical support for two or three days. Thanks to tech support. I recommend to buy.','published','2024-11-20 02:45:51','2024-11-20 02:45:51','[\"products\\/product-45.jpg\"]'),(79,2,NULL,NULL,65,3.00,'Perfect +++++++++ i love it really also i get to fast ticket answers... Thanks Lot BOTBLE Teams','published','2024-11-20 02:45:51','2024-11-20 02:45:51','[\"products\\/product-18.jpg\",\"products\\/product-38.jpg\",\"products\\/product-43.jpg\",\"products\\/product-68.jpg\"]'),(81,5,NULL,NULL,49,3.00,'As a developer I reviewed this script. This is really awesome ecommerce script. I have convinced when I noticed that it\'s built on fully WordPress concept.','published','2024-11-20 02:45:51','2024-11-20 02:45:51','[\"products\\/product-39.jpg\"]'),(82,2,NULL,NULL,25,3.00,'We have received brilliant service support and will be expanding the features with the developer. Nice product!','published','2024-11-20 02:45:51','2024-11-20 02:45:51','[\"products\\/pla-product-01.jpg\",\"products\\/product-48.jpg\",\"products\\/product-76.jpg\"]'),(83,7,NULL,NULL,64,5.00,'The code is good, in general, if you like it, can you give it 5 stars?','published','2024-11-20 02:45:51','2024-11-20 02:45:51','[\"products\\/pla-product-03.jpg\",\"products\\/product-13.jpg\",\"products\\/product-21.jpg\",\"products\\/product-61.jpg\"]'),(85,7,NULL,NULL,41,3.00,'As a developer I reviewed this script. This is really awesome ecommerce script. I have convinced when I noticed that it\'s built on fully WordPress concept.','published','2024-11-20 02:45:51','2024-11-20 02:45:51','[\"products\\/product-87.jpg\"]'),(86,1,NULL,NULL,5,2.00,'Perfect +++++++++ i love it really also i get to fast ticket answers... Thanks Lot BOTBLE Teams','published','2024-11-20 02:45:51','2024-11-20 02:45:51','[\"products\\/product-87.jpg\"]'),(87,7,NULL,NULL,68,5.00,'I Love this Script. I also found how to add other fees. Now I just wait the BIG update for the Marketplace with the Bulk Import. Just do not forget to make it to be Multi-language for us the Botble Fans.','published','2024-11-20 02:45:51','2024-11-20 02:45:51','[\"products\\/product-17.jpg\",\"products\\/product-26.jpg\",\"products\\/product-32.jpg\",\"products\\/product-37.jpg\"]'),(88,9,NULL,NULL,74,3.00,'We have received brilliant service support and will be expanding the features with the developer. Nice product!','published','2024-11-20 02:45:51','2024-11-20 02:45:51','[\"products\\/product-5.jpg\",\"products\\/product-7.jpg\",\"products\\/product-52.jpg\"]'),(89,7,NULL,NULL,46,2.00,'The best store template! Excellent coding! Very good support! Thank you so much for all the help, I really appreciated.','published','2024-11-20 02:45:51','2024-11-20 02:45:51','[\"products\\/product-74.jpg\"]'),(90,6,NULL,NULL,35,4.00,'The code is good, in general, if you like it, can you give it 5 stars?','published','2024-11-20 02:45:51','2024-11-20 02:45:51','[\"products\\/product-5.jpg\"]'),(91,9,NULL,NULL,63,4.00,'Great system, great support, good job Botble. I\'m looking forward to more great functional plugins.','published','2024-11-20 02:45:51','2024-11-20 02:45:51','[\"products\\/pla-product-03.jpg\",\"products\\/product-73.jpg\",\"products\\/product-93.jpg\",\"products\\/product-94.jpg\"]'),(92,6,NULL,NULL,72,4.00,'Amazing code, amazing support. Overall, im really confident in Botble and im happy I made the right choice! Thank you so much guys for coding this masterpiece','published','2024-11-20 02:45:51','2024-11-20 02:45:51','[\"products\\/product-24.jpg\",\"products\\/product-25.jpg\"]'),(93,1,NULL,NULL,24,3.00,'Perfect +++++++++ i love it really also i get to fast ticket answers... Thanks Lot BOTBLE Teams','published','2024-11-20 02:45:51','2024-11-20 02:45:51','[\"products\\/product-86.jpg\"]'),(94,6,NULL,NULL,63,2.00,'The script is the best of its class, fast, easy to implement and work with , and the most important thing is the great support team , Recommend with no doubt.','published','2024-11-20 02:45:51','2024-11-20 02:45:51','[\"products\\/product-46.jpg\",\"products\\/product-50.jpg\",\"products\\/product-84.jpg\"]'),(95,2,NULL,NULL,6,4.00,'Ok good product. I have some issues in customizations. But its not correct to blame the developer. The product is good. Good luck for your business.','published','2024-11-20 02:45:51','2024-11-20 02:45:51','[\"products\\/product-88.jpg\"]'),(96,4,NULL,NULL,28,4.00,'Customer Support are grade (A*), however the code is a way too over engineered for it\'s purpose.','published','2024-11-20 02:45:51','2024-11-20 02:45:51','[\"products\\/product-10.jpg\",\"products\\/product-82.jpg\"]'),(103,8,NULL,NULL,35,1.00,'This script is well coded and is super fast. The support is pretty quick. Very patient and helpful team. I strongly recommend it and they deserve more than 5 stars.','published','2024-11-20 02:45:51','2024-11-20 02:45:51','[\"products\\/product-13.jpg\",\"products\\/product-24.jpg\",\"products\\/product-29.jpg\"]'),(104,1,NULL,NULL,7,1.00,'We have received brilliant service support and will be expanding the features with the developer. Nice product!','published','2024-11-20 02:45:51','2024-11-20 02:45:51','[\"products\\/product-1.jpg\",\"products\\/product-12.jpg\",\"products\\/product-36.jpg\",\"products\\/product-69.jpg\"]'),(105,7,NULL,NULL,12,5.00,'Good app, good backup service and support. Good documentation.','published','2024-11-20 02:45:51','2024-11-20 02:45:51','[\"products\\/pla-product-01.jpg\",\"products\\/product-74.jpg\"]'),(106,4,NULL,NULL,20,5.00,'Very enthusiastic support! Excellent code is written. It\'s a true pleasure working with.','published','2024-11-20 02:45:51','2024-11-20 02:45:51','[\"products\\/product-8.jpg\",\"products\\/product-73.jpg\"]'),(107,6,NULL,NULL,71,2.00,'Very enthusiastic support! Excellent code is written. It\'s a true pleasure working with.','published','2024-11-20 02:45:51','2024-11-20 02:45:51','[\"products\\/product-36.jpg\"]'),(109,9,NULL,NULL,64,1.00,'These guys are amazing! Responses immediately, amazing support and help... I immediately feel at ease after Purchasing..','published','2024-11-20 02:45:51','2024-11-20 02:45:51','[\"products\\/product-78.jpg\"]'),(112,3,NULL,NULL,72,1.00,'Perfect +++++++++ i love it really also i get to fast ticket answers... Thanks Lot BOTBLE Teams','published','2024-11-20 02:45:51','2024-11-20 02:45:51','[\"products\\/product-80.jpg\"]'),(113,10,NULL,NULL,33,5.00,'Cool template. Excellent code quality. The support responds very quickly, which is very rare on themeforest and codecanyon.net, I buy a lot of templates, and everyone will have a response from technical support for two or three days. Thanks to tech support. I recommend to buy.','published','2024-11-20 02:45:51','2024-11-20 02:45:51','[\"products\\/product-47.jpg\"]'),(114,4,NULL,NULL,55,3.00,'Amazing code, amazing support. Overall, im really confident in Botble and im happy I made the right choice! Thank you so much guys for coding this masterpiece','published','2024-11-20 02:45:51','2024-11-20 02:45:51','[\"products\\/product-44.jpg\"]'),(115,9,NULL,NULL,56,5.00,'Good app, good backup service and support. Good documentation.','published','2024-11-20 02:45:51','2024-11-20 02:45:51','[\"products\\/product-19.jpg\",\"products\\/product-32.jpg\",\"products\\/product-77.jpg\"]'),(117,10,NULL,NULL,13,5.00,'Clean & perfect source code','published','2024-11-20 02:45:51','2024-11-20 02:45:51','[\"products\\/product-36.jpg\",\"products\\/product-45.jpg\",\"products\\/product-60.jpg\"]'),(118,7,NULL,NULL,49,1.00,'We have received brilliant service support and will be expanding the features with the developer. Nice product!','published','2024-11-20 02:45:51','2024-11-20 02:45:51','[\"products\\/product-22.jpg\",\"products\\/product-55.jpg\",\"products\\/product-81.jpg\"]'),(119,10,NULL,NULL,6,2.00,'Second or third time that I buy a Botble product, happy with the products and support. You guys do a good job :)','published','2024-11-20 02:45:51','2024-11-20 02:45:51','[\"products\\/pla-product-03.jpg\",\"products\\/product-24.jpg\"]'),(120,6,NULL,NULL,22,3.00,'Perfect +++++++++ i love it really also i get to fast ticket answers... Thanks Lot BOTBLE Teams','published','2024-11-20 02:45:51','2024-11-20 02:45:51','[\"products\\/product-36.jpg\",\"products\\/product-72.jpg\"]'),(121,9,NULL,NULL,2,4.00,'Very enthusiastic support! Excellent code is written. It\'s a true pleasure working with.','published','2024-11-20 02:45:51','2024-11-20 02:45:51','[\"products\\/product-75.jpg\",\"products\\/product-82.jpg\",\"products\\/product-92.jpg\"]'),(122,3,NULL,NULL,19,2.00,'I Love this Script. I also found how to add other fees. Now I just wait the BIG update for the Marketplace with the Bulk Import. Just do not forget to make it to be Multi-language for us the Botble Fans.','published','2024-11-20 02:45:51','2024-11-20 02:45:51','[\"products\\/product-22.jpg\",\"products\\/product-48.jpg\"]'),(124,7,NULL,NULL,28,2.00,'Those guys now what they are doing, the release such a good product that it\'s a pleasure to work with ! Even when I was stuck on the project, I created a ticket and the next day it was replied by the team. GOOD JOB guys. I love working with them :)','published','2024-11-20 02:45:51','2024-11-20 02:45:51','[\"products\\/product-3.jpg\",\"products\\/product-15.jpg\",\"products\\/product-35.jpg\",\"products\\/product-69.jpg\"]'),(125,7,NULL,NULL,21,5.00,'This web app is really good in design, code quality & features. Besides, the customer support provided by the Botble team was really fast & helpful. You guys are awesome!','published','2024-11-20 02:45:51','2024-11-20 02:45:51','[\"products\\/product-47.jpg\"]'),(126,9,NULL,NULL,12,3.00,'The code is good, in general, if you like it, can you give it 5 stars?','published','2024-11-20 02:45:51','2024-11-20 02:45:51','[\"products\\/product-15.jpg\",\"products\\/product-22.jpg\",\"products\\/product-78.jpg\"]'),(127,3,NULL,NULL,42,3.00,'For me the best eCommerce script on Envato at this moment: modern, clean code, a lot of great features. The customer support is great too: I always get an answer within hours!','published','2024-11-20 02:45:51','2024-11-20 02:45:51','[\"products\\/product-93.jpg\"]'),(128,2,NULL,NULL,73,1.00,'Perfect +++++++++ i love it really also i get to fast ticket answers... Thanks Lot BOTBLE Teams','published','2024-11-20 02:45:51','2024-11-20 02:45:51','[\"products\\/product-55.jpg\"]'),(129,9,NULL,NULL,1,2.00,'We have received brilliant service support and will be expanding the features with the developer. Nice product!','published','2024-11-20 02:45:51','2024-11-20 02:45:51','[\"products\\/product-5.jpg\",\"products\\/product-44.jpg\",\"products\\/product-83.jpg\"]'),(130,9,NULL,NULL,23,2.00,'Customer Support are grade (A*), however the code is a way too over engineered for it\'s purpose.','published','2024-11-20 02:45:51','2024-11-20 02:45:51','[\"products\\/product-9.jpg\",\"products\\/product-18.jpg\",\"products\\/product-79.jpg\"]'),(131,2,NULL,NULL,67,4.00,'Perfect +++++++++ i love it really also i get to fast ticket answers... Thanks Lot BOTBLE Teams','published','2024-11-20 02:45:51','2024-11-20 02:45:51','[\"products\\/product-31.jpg\",\"products\\/product-36.jpg\",\"products\\/product-39.jpg\"]'),(132,2,NULL,NULL,66,5.00,'We have received brilliant service support and will be expanding the features with the developer. Nice product!','published','2024-11-20 02:45:51','2024-11-20 02:45:51','[\"products\\/product-33.jpg\",\"products\\/product-44.jpg\",\"products\\/product-78.jpg\",\"products\\/product-85.jpg\"]'),(133,9,NULL,NULL,57,3.00,'These guys are amazing! Responses immediately, amazing support and help... I immediately feel at ease after Purchasing..','published','2024-11-20 02:45:51','2024-11-20 02:45:51','[\"products\\/product-24.jpg\"]'),(134,9,NULL,NULL,58,2.00,'Solution is too robust for our purpose so we didn\'t use it at the end. But I appreciate customer support during initial configuration.','published','2024-11-20 02:45:51','2024-11-20 02:45:51','[\"products\\/product-18.jpg\",\"products\\/product-22.jpg\"]'),(135,7,NULL,NULL,66,5.00,'The code is good, in general, if you like it, can you give it 5 stars?','published','2024-11-20 02:45:51','2024-11-20 02:45:51','[\"products\\/product-6.jpg\",\"products\\/product-40.jpg\",\"products\\/product-66.jpg\"]'),(136,3,NULL,NULL,36,4.00,'For me the best eCommerce script on Envato at this moment: modern, clean code, a lot of great features. The customer support is great too: I always get an answer within hours!','published','2024-11-20 02:45:51','2024-11-20 02:45:51','[\"products\\/product-15.jpg\",\"products\\/product-33.jpg\",\"products\\/product-75.jpg\"]'),(137,7,NULL,NULL,37,1.00,'This web app is really good in design, code quality & features. Besides, the customer support provided by the Botble team was really fast & helpful. You guys are awesome!','published','2024-11-20 02:45:51','2024-11-20 02:45:51','[\"products\\/product-43.jpg\",\"products\\/product-67.jpg\",\"products\\/product-80.jpg\"]'),(138,6,NULL,NULL,8,1.00,'Clean & perfect source code','published','2024-11-20 02:45:51','2024-11-20 02:45:51','[\"products\\/product-30.jpg\",\"products\\/product-64.jpg\"]'),(139,1,NULL,NULL,18,4.00,'Perfect +++++++++ i love it really also i get to fast ticket answers... Thanks Lot BOTBLE Teams','published','2024-11-20 02:45:51','2024-11-20 02:45:51','[\"products\\/product-47.jpg\",\"products\\/product-69.jpg\"]'),(140,9,NULL,NULL,61,1.00,'The script is the best of its class, fast, easy to implement and work with , and the most important thing is the great support team , Recommend with no doubt.','published','2024-11-20 02:45:51','2024-11-20 02:45:51','[\"products\\/product-49.jpg\",\"products\\/product-58.jpg\"]'),(141,2,NULL,NULL,2,3.00,'Best ecommerce CMS online store!','published','2024-11-20 02:45:51','2024-11-20 02:45:51','[\"products\\/product-18.jpg\",\"products\\/product-48.jpg\"]'),(142,5,NULL,NULL,72,5.00,'This script is well coded and is super fast. The support is pretty quick. Very patient and helpful team. I strongly recommend it and they deserve more than 5 stars.','published','2024-11-20 02:45:51','2024-11-20 02:45:51','[\"products\\/pla-product-02.jpg\"]'),(143,3,NULL,NULL,65,4.00,'Those guys now what they are doing, the release such a good product that it\'s a pleasure to work with ! Even when I was stuck on the project, I created a ticket and the next day it was replied by the team. GOOD JOB guys. I love working with them :)','published','2024-11-20 02:45:51','2024-11-20 02:45:51','[\"products\\/product-19.jpg\",\"products\\/product-26.jpg\",\"products\\/product-35.jpg\",\"products\\/product-69.jpg\"]'),(144,8,NULL,NULL,15,1.00,'Ok good product. I have some issues in customizations. But its not correct to blame the developer. The product is good. Good luck for your business.','published','2024-11-20 02:45:51','2024-11-20 02:45:51','[\"products\\/pla-product-01.jpg\",\"products\\/product-85.jpg\",\"products\\/product-92.jpg\"]'),(145,3,NULL,NULL,43,5.00,'We have received brilliant service support and will be expanding the features with the developer. Nice product!','published','2024-11-20 02:45:51','2024-11-20 02:45:51','[\"products\\/product-2.jpg\",\"products\\/product-14.jpg\",\"products\\/product-32.jpg\"]'),(146,10,NULL,NULL,15,1.00,'We have received brilliant service support and will be expanding the features with the developer. Nice product!','published','2024-11-20 02:45:51','2024-11-20 02:45:51','[\"products\\/product-39.jpg\",\"products\\/product-45.jpg\"]'),(149,5,NULL,NULL,62,2.00,'Clean & perfect source code','published','2024-11-20 02:45:51','2024-11-20 02:45:51','[\"products\\/product-19.jpg\",\"products\\/product-28.jpg\",\"products\\/product-74.jpg\"]'),(150,6,NULL,NULL,17,4.00,'This web app is really good in design, code quality & features. Besides, the customer support provided by the Botble team was really fast & helpful. You guys are awesome!','published','2024-11-20 02:45:51','2024-11-20 02:45:51','[\"products\\/product-13.jpg\",\"products\\/product-16.jpg\",\"products\\/product-70.jpg\",\"products\\/product-71.jpg\"]'),(151,8,NULL,NULL,69,1.00,'Great E-commerce system. And much more : Wonderful Customer Support.','published','2024-11-20 02:45:51','2024-11-20 02:45:51','[\"products\\/product-2.jpg\",\"products\\/product-30.jpg\",\"products\\/product-45.jpg\",\"products\\/product-78.jpg\"]'),(152,10,NULL,NULL,8,2.00,'Customer Support are grade (A*), however the code is a way too over engineered for it\'s purpose.','published','2024-11-20 02:45:51','2024-11-20 02:45:51','[\"products\\/product-58.jpg\"]'),(153,4,NULL,NULL,6,4.00,'This script is well coded and is super fast. The support is pretty quick. Very patient and helpful team. I strongly recommend it and they deserve more than 5 stars.','published','2024-11-20 02:45:51','2024-11-20 02:45:51','[\"products\\/product-76.jpg\",\"products\\/product-78.jpg\",\"products\\/product-86.jpg\"]'),(155,10,NULL,NULL,7,3.00,'These guys are amazing! Responses immediately, amazing support and help... I immediately feel at ease after Purchasing..','published','2024-11-20 02:45:51','2024-11-20 02:45:51','[\"products\\/product-90.jpg\"]'),(156,2,NULL,NULL,22,4.00,'Best ecommerce CMS online store!','published','2024-11-20 02:45:51','2024-11-20 02:45:51','[\"products\\/product-59.jpg\"]'),(159,10,NULL,NULL,58,1.00,'Second or third time that I buy a Botble product, happy with the products and support. You guys do a good job :)','published','2024-11-20 02:45:51','2024-11-20 02:45:51','[\"products\\/product-6.jpg\",\"products\\/product-13.jpg\",\"products\\/product-67.jpg\"]'),(160,1,NULL,NULL,3,1.00,'We have received brilliant service support and will be expanding the features with the developer. Nice product!','published','2024-11-20 02:45:51','2024-11-20 02:45:51','[\"products\\/product-29.jpg\",\"products\\/product-45.jpg\"]'),(161,10,NULL,NULL,12,1.00,'This script is well coded and is super fast. The support is pretty quick. Very patient and helpful team. I strongly recommend it and they deserve more than 5 stars.','published','2024-11-20 02:45:51','2024-11-20 02:45:51','[\"products\\/product-8.jpg\",\"products\\/product-66.jpg\"]'),(163,7,NULL,NULL,53,5.00,'Perfect +++++++++ i love it really also i get to fast ticket answers... Thanks Lot BOTBLE Teams','published','2024-11-20 02:45:51','2024-11-20 02:45:51','[\"products\\/product-88.jpg\"]'),(164,7,NULL,NULL,15,5.00,'This web app is really good in design, code quality & features. Besides, the customer support provided by the Botble team was really fast & helpful. You guys are awesome!','published','2024-11-20 02:45:51','2024-11-20 02:45:51','[\"products\\/product-15.jpg\",\"products\\/product-38.jpg\",\"products\\/product-61.jpg\"]'),(166,3,NULL,NULL,53,5.00,'These guys are amazing! Responses immediately, amazing support and help... I immediately feel at ease after Purchasing..','published','2024-11-20 02:45:51','2024-11-20 02:45:51','[\"products\\/product-21.jpg\",\"products\\/product-71.jpg\"]'),(167,4,NULL,NULL,45,1.00,'Great E-commerce system. And much more : Wonderful Customer Support.','published','2024-11-20 02:45:51','2024-11-20 02:45:51','[\"products\\/product-12.jpg\",\"products\\/product-22.jpg\",\"products\\/product-42.jpg\"]'),(169,1,NULL,NULL,56,4.00,'I Love this Script. I also found how to add other fees. Now I just wait the BIG update for the Marketplace with the Bulk Import. Just do not forget to make it to be Multi-language for us the Botble Fans.','published','2024-11-20 02:45:51','2024-11-20 02:45:51','[\"products\\/product-44.jpg\"]'),(170,6,NULL,NULL,73,2.00,'This script is well coded and is super fast. The support is pretty quick. Very patient and helpful team. I strongly recommend it and they deserve more than 5 stars.','published','2024-11-20 02:45:51','2024-11-20 02:45:51','[\"products\\/product-17.jpg\",\"products\\/product-73.jpg\"]'),(171,10,NULL,NULL,17,1.00,'Customer Support are grade (A*), however the code is a way too over engineered for it\'s purpose.','published','2024-11-20 02:45:51','2024-11-20 02:45:51','[\"products\\/product-33.jpg\",\"products\\/product-93.jpg\"]'),(172,7,NULL,NULL,6,5.00,'Amazing code, amazing support. Overall, im really confident in Botble and im happy I made the right choice! Thank you so much guys for coding this masterpiece','published','2024-11-20 02:45:51','2024-11-20 02:45:51','[\"products\\/product-40.jpg\",\"products\\/product-86.jpg\"]'),(173,2,NULL,NULL,8,3.00,'Cool template. Excellent code quality. The support responds very quickly, which is very rare on themeforest and codecanyon.net, I buy a lot of templates, and everyone will have a response from technical support for two or three days. Thanks to tech support. I recommend to buy.','published','2024-11-20 02:45:51','2024-11-20 02:45:51','[\"products\\/product-8.jpg\",\"products\\/product-52.jpg\"]'),(174,5,NULL,NULL,38,1.00,'Best ecommerce CMS online store!','published','2024-11-20 02:45:51','2024-11-20 02:45:51','[\"products\\/product-9.jpg\",\"products\\/product-73.jpg\",\"products\\/product-74.jpg\"]'),(176,1,NULL,NULL,62,2.00,'Best ecommerce CMS online store!','published','2024-11-20 02:45:51','2024-11-20 02:45:51','[\"products\\/product-70.jpg\"]'),(178,8,NULL,NULL,38,3.00,'The code is good, in general, if you like it, can you give it 5 stars?','published','2024-11-20 02:45:51','2024-11-20 02:45:51','[\"products\\/product-11.jpg\",\"products\\/product-19.jpg\",\"products\\/product-25.jpg\",\"products\\/product-76.jpg\"]'),(180,2,NULL,NULL,59,5.00,'The best store template! Excellent coding! Very good support! Thank you so much for all the help, I really appreciated.','published','2024-11-20 02:45:51','2024-11-20 02:45:51','[\"products\\/product-62.jpg\"]'),(181,8,NULL,NULL,60,1.00,'Amazing code, amazing support. Overall, im really confident in Botble and im happy I made the right choice! Thank you so much guys for coding this masterpiece','published','2024-11-20 02:45:51','2024-11-20 02:45:51','[\"products\\/product-22.jpg\"]'),(182,1,NULL,NULL,73,1.00,'The best ecommerce CMS! Excellent coding! best support service! Thank you so much..... I really like your hard work.','published','2024-11-20 02:45:51','2024-11-20 02:45:51','[\"products\\/product-9.jpg\",\"products\\/product-66.jpg\"]'),(183,5,NULL,NULL,16,3.00,'For me the best eCommerce script on Envato at this moment: modern, clean code, a lot of great features. The customer support is great too: I always get an answer within hours!','published','2024-11-20 02:45:51','2024-11-20 02:45:51','[\"products\\/product-6.jpg\",\"products\\/product-13.jpg\",\"products\\/product-27.jpg\"]'),(184,5,NULL,NULL,11,4.00,'Second or third time that I buy a Botble product, happy with the products and support. You guys do a good job :)','published','2024-11-20 02:45:51','2024-11-20 02:45:51','[\"products\\/product-11.jpg\",\"products\\/product-30.jpg\",\"products\\/product-72.jpg\"]'),(186,10,NULL,NULL,54,3.00,'Great E-commerce system. And much more : Wonderful Customer Support.','published','2024-11-20 02:45:51','2024-11-20 02:45:51','[\"products\\/pla-product-04.jpg\",\"products\\/product-36.jpg\",\"products\\/product-54.jpg\"]'),(187,1,NULL,NULL,25,2.00,'The best ecommerce CMS! Excellent coding! best support service! Thank you so much..... I really like your hard work.','published','2024-11-20 02:45:51','2024-11-20 02:45:51','[\"products\\/product-7.jpg\"]'),(188,10,NULL,NULL,70,4.00,'Great system, great support, good job Botble. I\'m looking forward to more great functional plugins.','published','2024-11-20 02:45:51','2024-11-20 02:45:51','[\"products\\/product-17.jpg\",\"products\\/product-43.jpg\",\"products\\/product-61.jpg\",\"products\\/product-80.jpg\"]'),(189,10,NULL,NULL,37,2.00,'The code is good, in general, if you like it, can you give it 5 stars?','published','2024-11-20 02:45:51','2024-11-20 02:45:51','[\"products\\/product-20.jpg\",\"products\\/product-47.jpg\",\"products\\/product-49.jpg\",\"products\\/product-75.jpg\"]'),(190,10,NULL,NULL,31,5.00,'Cool template. Excellent code quality. The support responds very quickly, which is very rare on themeforest and codecanyon.net, I buy a lot of templates, and everyone will have a response from technical support for two or three days. Thanks to tech support. I recommend to buy.','published','2024-11-20 02:45:51','2024-11-20 02:45:51','[\"products\\/product-13.jpg\",\"products\\/product-56.jpg\",\"products\\/product-64.jpg\",\"products\\/product-81.jpg\"]'),(191,8,NULL,NULL,9,1.00,'Customer Support are grade (A*), however the code is a way too over engineered for it\'s purpose.','published','2024-11-20 02:45:51','2024-11-20 02:45:51','[\"products\\/product-90.jpg\",\"products\\/product-92.jpg\"]'),(192,9,NULL,NULL,8,2.00,'As a developer I reviewed this script. This is really awesome ecommerce script. I have convinced when I noticed that it\'s built on fully WordPress concept.','published','2024-11-20 02:45:51','2024-11-20 02:45:51','[\"products\\/product-52.jpg\"]'),(193,7,NULL,NULL,38,3.00,'Cool template. Excellent code quality. The support responds very quickly, which is very rare on themeforest and codecanyon.net, I buy a lot of templates, and everyone will have a response from technical support for two or three days. Thanks to tech support. I recommend to buy.','published','2024-11-20 02:45:51','2024-11-20 02:45:51','[\"products\\/product-60.jpg\",\"products\\/product-82.jpg\"]'),(194,6,NULL,NULL,29,2.00,'The code is good, in general, if you like it, can you give it 5 stars?','published','2024-11-20 02:45:51','2024-11-20 02:45:51','[\"products\\/product-32.jpg\",\"products\\/product-54.jpg\",\"products\\/product-63.jpg\"]'),(196,3,NULL,NULL,14,3.00,'Very enthusiastic support! Excellent code is written. It\'s a true pleasure working with.','published','2024-11-20 02:45:51','2024-11-20 02:45:51','[\"products\\/product-18.jpg\",\"products\\/product-30.jpg\"]'),(197,4,NULL,NULL,39,5.00,'Ok good product. I have some issues in customizations. But its not correct to blame the developer. The product is good. Good luck for your business.','published','2024-11-20 02:45:51','2024-11-20 02:45:51','[\"products\\/product-31.jpg\"]'),(198,5,NULL,NULL,71,3.00,'Second or third time that I buy a Botble product, happy with the products and support. You guys do a good job :)','published','2024-11-20 02:45:51','2024-11-20 02:45:51','[\"products\\/product-18.jpg\",\"products\\/product-40.jpg\",\"products\\/product-94.jpg\"]'),(199,3,NULL,NULL,11,4.00,'The best store template! Excellent coding! Very good support! Thank you so much for all the help, I really appreciated.','published','2024-11-20 02:45:51','2024-11-20 02:45:51','[\"products\\/product-1.jpg\",\"products\\/product-12.jpg\",\"products\\/product-48.jpg\",\"products\\/product-81.jpg\"]'),(200,2,NULL,NULL,28,5.00,'Cool template. Excellent code quality. The support responds very quickly, which is very rare on themeforest and codecanyon.net, I buy a lot of templates, and everyone will have a response from technical support for two or three days. Thanks to tech support. I recommend to buy.','published','2024-11-20 02:45:51','2024-11-20 02:45:51','[\"products\\/product-18.jpg\"]'),(201,7,NULL,NULL,50,5.00,'As a developer I reviewed this script. This is really awesome ecommerce script. I have convinced when I noticed that it\'s built on fully WordPress concept.','published','2024-11-20 02:45:51','2024-11-20 02:45:51','[\"products\\/product-2.jpg\",\"products\\/product-59.jpg\",\"products\\/product-90.jpg\"]'),(202,4,NULL,NULL,26,4.00,'Ok good product. I have some issues in customizations. But its not correct to blame the developer. The product is good. Good luck for your business.','published','2024-11-20 02:45:51','2024-11-20 02:45:51','[\"products\\/product-8.jpg\",\"products\\/product-41.jpg\"]'),(203,3,NULL,NULL,5,1.00,'Second or third time that I buy a Botble product, happy with the products and support. You guys do a good job :)','published','2024-11-20 02:45:51','2024-11-20 02:45:51','[\"products\\/product-20.jpg\",\"products\\/product-77.jpg\"]'),(204,10,NULL,NULL,55,1.00,'Clean & perfect source code','published','2024-11-20 02:45:51','2024-11-20 02:45:51','[\"products\\/product-16.jpg\",\"products\\/product-78.jpg\"]'),(206,6,NULL,NULL,10,4.00,'This script is well coded and is super fast. The support is pretty quick. Very patient and helpful team. I strongly recommend it and they deserve more than 5 stars.','published','2024-11-20 02:45:51','2024-11-20 02:45:51','[\"products\\/pla-product-03.jpg\",\"products\\/product-31.jpg\",\"products\\/product-66.jpg\",\"products\\/product-80.jpg\"]'),(208,10,NULL,NULL,62,3.00,'These guys are amazing! Responses immediately, amazing support and help... I immediately feel at ease after Purchasing..','published','2024-11-20 02:45:51','2024-11-20 02:45:51','[\"products\\/pla-product-03.jpg\",\"products\\/product-30.jpg\",\"products\\/product-82.jpg\"]'),(209,8,NULL,NULL,32,1.00,'The code is good, in general, if you like it, can you give it 5 stars?','published','2024-11-20 02:45:51','2024-11-20 02:45:51','[\"products\\/product-9.jpg\",\"products\\/product-32.jpg\",\"products\\/product-36.jpg\"]'),(210,3,NULL,NULL,7,4.00,'Solution is too robust for our purpose so we didn\'t use it at the end. But I appreciate customer support during initial configuration.','published','2024-11-20 02:45:51','2024-11-20 02:45:51','[\"products\\/product-35.jpg\"]'),(212,8,NULL,NULL,13,5.00,'This web app is really good in design, code quality & features. Besides, the customer support provided by the Botble team was really fast & helpful. You guys are awesome!','published','2024-11-20 02:45:51','2024-11-20 02:45:51','[\"products\\/product-76.jpg\"]'),(213,4,NULL,NULL,30,1.00,'As a developer I reviewed this script. This is really awesome ecommerce script. I have convinced when I noticed that it\'s built on fully WordPress concept.','published','2024-11-20 02:45:51','2024-11-20 02:45:51','[\"products\\/product-52.jpg\"]'),(214,10,NULL,NULL,16,4.00,'Clean & perfect source code','published','2024-11-20 02:45:51','2024-11-20 02:45:51','[\"products\\/product-8.jpg\"]'),(215,9,NULL,NULL,46,1.00,'Clean & perfect source code','published','2024-11-20 02:45:51','2024-11-20 02:45:51','[\"products\\/product-76.jpg\",\"products\\/product-90.jpg\"]'),(216,1,NULL,NULL,72,5.00,'Best ecommerce CMS online store!','published','2024-11-20 02:45:51','2024-11-20 02:45:51','[\"products\\/product-45.jpg\",\"products\\/product-58.jpg\",\"products\\/product-67.jpg\"]'),(217,4,NULL,NULL,8,1.00,'The code is good, in general, if you like it, can you give it 5 stars?','published','2024-11-20 02:45:51','2024-11-20 02:45:51','[\"products\\/product-14.jpg\",\"products\\/product-30.jpg\",\"products\\/product-60.jpg\"]'),(218,5,NULL,NULL,30,3.00,'This script is well coded and is super fast. The support is pretty quick. Very patient and helpful team. I strongly recommend it and they deserve more than 5 stars.','published','2024-11-20 02:45:51','2024-11-20 02:45:51','[\"products\\/product-65.jpg\",\"products\\/product-66.jpg\"]'),(219,3,NULL,NULL,59,3.00,'Cool template. Excellent code quality. The support responds very quickly, which is very rare on themeforest and codecanyon.net, I buy a lot of templates, and everyone will have a response from technical support for two or three days. Thanks to tech support. I recommend to buy.','published','2024-11-20 02:45:51','2024-11-20 02:45:51','[\"products\\/product-24.jpg\"]'),(223,5,NULL,NULL,10,2.00,'Ok good product. I have some issues in customizations. But its not correct to blame the developer. The product is good. Good luck for your business.','published','2024-11-20 02:45:51','2024-11-20 02:45:51','[\"products\\/pla-product-01.jpg\",\"products\\/product-34.jpg\",\"products\\/product-36.jpg\",\"products\\/product-58.jpg\"]'),(224,3,NULL,NULL,48,4.00,'Best ecommerce CMS online store!','published','2024-11-20 02:45:51','2024-11-20 02:45:51','[\"products\\/product-15.jpg\"]'),(226,6,NULL,NULL,32,4.00,'The best store template! Excellent coding! Very good support! Thank you so much for all the help, I really appreciated.','published','2024-11-20 02:45:51','2024-11-20 02:45:51','[\"products\\/product-6.jpg\",\"products\\/product-23.jpg\",\"products\\/product-50.jpg\",\"products\\/product-87.jpg\"]'),(227,10,NULL,NULL,26,5.00,'The script is the best of its class, fast, easy to implement and work with , and the most important thing is the great support team , Recommend with no doubt.','published','2024-11-20 02:45:51','2024-11-20 02:45:51','[\"products\\/product-3.jpg\",\"products\\/product-11.jpg\",\"products\\/product-37.jpg\",\"products\\/product-71.jpg\"]'),(228,3,NULL,NULL,22,3.00,'Customer Support are grade (A*), however the code is a way too over engineered for it\'s purpose.','published','2024-11-20 02:45:51','2024-11-20 02:45:51','[\"products\\/product-2.jpg\",\"products\\/product-80.jpg\"]'),(231,7,NULL,NULL,60,3.00,'Second or third time that I buy a Botble product, happy with the products and support. You guys do a good job :)','published','2024-11-20 02:45:51','2024-11-20 02:45:51','[\"products\\/product-64.jpg\",\"products\\/product-71.jpg\"]'),(234,5,NULL,NULL,56,4.00,'The code is good, in general, if you like it, can you give it 5 stars?','published','2024-11-20 02:45:51','2024-11-20 02:45:51','[\"products\\/product-1.jpg\",\"products\\/product-12.jpg\",\"products\\/product-50.jpg\",\"products\\/product-73.jpg\"]'),(235,8,NULL,NULL,62,4.00,'I Love this Script. I also found how to add other fees. Now I just wait the BIG update for the Marketplace with the Bulk Import. Just do not forget to make it to be Multi-language for us the Botble Fans.','published','2024-11-20 02:45:51','2024-11-20 02:45:51','[\"products\\/pla-product-03.jpg\",\"products\\/product-81.jpg\"]'),(236,9,NULL,NULL,43,3.00,'As a developer I reviewed this script. This is really awesome ecommerce script. I have convinced when I noticed that it\'s built on fully WordPress concept.','published','2024-11-20 02:45:51','2024-11-20 02:45:51','[\"products\\/product-2.jpg\",\"products\\/product-6.jpg\"]'),(238,10,NULL,NULL,9,5.00,'Second or third time that I buy a Botble product, happy with the products and support. You guys do a good job :)','published','2024-11-20 02:45:51','2024-11-20 02:45:51','[\"products\\/product-31.jpg\"]'),(239,4,NULL,NULL,53,2.00,'Perfect +++++++++ i love it really also i get to fast ticket answers... Thanks Lot BOTBLE Teams','published','2024-11-20 02:45:51','2024-11-20 02:45:51','[\"products\\/product-9.jpg\",\"products\\/product-19.jpg\",\"products\\/product-24.jpg\",\"products\\/product-67.jpg\"]'),(240,4,NULL,NULL,40,4.00,'Good app, good backup service and support. Good documentation.','published','2024-11-20 02:45:51','2024-11-20 02:45:51','[\"products\\/product-14.jpg\",\"products\\/product-32.jpg\",\"products\\/product-71.jpg\"]'),(241,7,NULL,NULL,39,1.00,'We have received brilliant service support and will be expanding the features with the developer. Nice product!','published','2024-11-20 02:45:51','2024-11-20 02:45:51','[\"products\\/product-29.jpg\",\"products\\/product-34.jpg\",\"products\\/product-76.jpg\",\"products\\/product-91.jpg\"]'),(242,6,NULL,NULL,37,3.00,'Clean & perfect source code','published','2024-11-20 02:45:51','2024-11-20 02:45:51','[\"products\\/product-82.jpg\"]'),(244,8,NULL,NULL,18,2.00,'Amazing code, amazing support. Overall, im really confident in Botble and im happy I made the right choice! Thank you so much guys for coding this masterpiece','published','2024-11-20 02:45:51','2024-11-20 02:45:51','[\"products\\/product-38.jpg\",\"products\\/product-47.jpg\"]'),(247,10,NULL,NULL,50,5.00,'Second or third time that I buy a Botble product, happy with the products and support. You guys do a good job :)','published','2024-11-20 02:45:51','2024-11-20 02:45:51','[\"products\\/product-19.jpg\",\"products\\/product-24.jpg\",\"products\\/product-70.jpg\",\"products\\/product-90.jpg\"]'),(248,5,NULL,NULL,51,5.00,'Clean & perfect source code','published','2024-11-20 02:45:51','2024-11-20 02:45:51','[\"products\\/product-74.jpg\",\"products\\/product-81.jpg\"]'),(251,4,NULL,NULL,71,5.00,'Clean & perfect source code','published','2024-11-20 02:45:51','2024-11-20 02:45:51','[\"products\\/product-1.jpg\"]'),(253,8,NULL,NULL,24,3.00,'Great system, great support, good job Botble. I\'m looking forward to more great functional plugins.','published','2024-11-20 02:45:51','2024-11-20 02:45:51','[\"products\\/product-75.jpg\"]'),(254,1,NULL,NULL,52,4.00,'Cool template. Excellent code quality. The support responds very quickly, which is very rare on themeforest and codecanyon.net, I buy a lot of templates, and everyone will have a response from technical support for two or three days. Thanks to tech support. I recommend to buy.','published','2024-11-20 02:45:51','2024-11-20 02:45:51','[\"products\\/product-51.jpg\",\"products\\/product-62.jpg\"]'),(255,6,NULL,NULL,65,5.00,'As a developer I reviewed this script. This is really awesome ecommerce script. I have convinced when I noticed that it\'s built on fully WordPress concept.','published','2024-11-20 02:45:51','2024-11-20 02:45:51','[\"products\\/product-60.jpg\",\"products\\/product-69.jpg\",\"products\\/product-75.jpg\",\"products\\/product-84.jpg\"]'),(256,3,NULL,NULL,4,1.00,'Great E-commerce system. And much more : Wonderful Customer Support.','published','2024-11-20 02:45:51','2024-11-20 02:45:51','[\"products\\/product-72.jpg\",\"products\\/product-77.jpg\",\"products\\/product-81.jpg\",\"products\\/product-91.jpg\"]'),(258,9,NULL,NULL,25,5.00,'Good app, good backup service and support. Good documentation.','published','2024-11-20 02:45:51','2024-11-20 02:45:51','[\"products\\/product-56.jpg\",\"products\\/product-64.jpg\",\"products\\/product-90.jpg\"]'),(259,7,NULL,NULL,42,4.00,'The best ecommerce CMS! Excellent coding! best support service! Thank you so much..... I really like your hard work.','published','2024-11-20 02:45:51','2024-11-20 02:45:51','[\"products\\/product-6.jpg\"]'),(260,10,NULL,NULL,73,4.00,'As a developer I reviewed this script. This is really awesome ecommerce script. I have convinced when I noticed that it\'s built on fully WordPress concept.','published','2024-11-20 02:45:51','2024-11-20 02:45:51','[\"products\\/product-19.jpg\",\"products\\/product-30.jpg\",\"products\\/product-57.jpg\",\"products\\/product-65.jpg\"]'),(261,10,NULL,NULL,56,1.00,'As a developer I reviewed this script. This is really awesome ecommerce script. I have convinced when I noticed that it\'s built on fully WordPress concept.','published','2024-11-20 02:45:51','2024-11-20 02:45:51','[\"products\\/product-66.jpg\"]'),(262,4,NULL,NULL,33,1.00,'This script is well coded and is super fast. The support is pretty quick. Very patient and helpful team. I strongly recommend it and they deserve more than 5 stars.','published','2024-11-20 02:45:51','2024-11-20 02:45:51','[\"products\\/pla-product-02.jpg\",\"products\\/product-28.jpg\",\"products\\/product-32.jpg\",\"products\\/product-92.jpg\"]'),(263,4,NULL,NULL,73,4.00,'Solution is too robust for our purpose so we didn\'t use it at the end. But I appreciate customer support during initial configuration.','published','2024-11-20 02:45:51','2024-11-20 02:45:51','[\"products\\/product-38.jpg\"]'),(265,10,NULL,NULL,49,4.00,'The code is good, in general, if you like it, can you give it 5 stars?','published','2024-11-20 02:45:51','2024-11-20 02:45:51','[\"products\\/product-51.jpg\"]'),(266,5,NULL,NULL,12,4.00,'Great E-commerce system. And much more : Wonderful Customer Support.','published','2024-11-20 02:45:51','2024-11-20 02:45:51','[\"products\\/product-7.jpg\"]'),(267,7,NULL,NULL,18,4.00,'I Love this Script. I also found how to add other fees. Now I just wait the BIG update for the Marketplace with the Bulk Import. Just do not forget to make it to be Multi-language for us the Botble Fans.','published','2024-11-20 02:45:51','2024-11-20 02:45:51','[\"products\\/product-26.jpg\",\"products\\/product-39.jpg\",\"products\\/product-58.jpg\",\"products\\/product-82.jpg\"]'),(272,7,NULL,NULL,27,1.00,'The code is good, in general, if you like it, can you give it 5 stars?','published','2024-11-20 02:45:51','2024-11-20 02:45:51','[\"products\\/pla-product-03.jpg\",\"products\\/product-19.jpg\"]'),(277,9,NULL,NULL,5,2.00,'The script is the best of its class, fast, easy to implement and work with , and the most important thing is the great support team , Recommend with no doubt.','published','2024-11-20 02:45:51','2024-11-20 02:45:51','[\"products\\/pla-product-03.jpg\",\"products\\/product-57.jpg\",\"products\\/product-64.jpg\"]'),(278,5,NULL,NULL,45,3.00,'It\'s not my first experience here on Codecanyon and I can honestly tell you all that Botble puts a LOT of effort into the support. They answer so fast, they helped me tons of times. REALLY by far THE BEST EXPERIENCE on Codecanyon. Those guys at Botble are so good that they deserve 5 stars. I recommend them, I trust them and I can\'t wait to see what they will sell in a near future. Thank you Botble :)','published','2024-11-20 02:45:51','2024-11-20 02:45:51','[\"products\\/product-55.jpg\",\"products\\/product-74.jpg\",\"products\\/product-75.jpg\",\"products\\/product-86.jpg\"]'),(279,8,NULL,NULL,51,5.00,'Cool template. Excellent code quality. The support responds very quickly, which is very rare on themeforest and codecanyon.net, I buy a lot of templates, and everyone will have a response from technical support for two or three days. Thanks to tech support. I recommend to buy.','published','2024-11-20 02:45:51','2024-11-20 02:45:51','[\"products\\/product-9.jpg\",\"products\\/product-52.jpg\",\"products\\/product-80.jpg\"]'),(280,10,NULL,NULL,51,4.00,'It\'s not my first experience here on Codecanyon and I can honestly tell you all that Botble puts a LOT of effort into the support. They answer so fast, they helped me tons of times. REALLY by far THE BEST EXPERIENCE on Codecanyon. Those guys at Botble are so good that they deserve 5 stars. I recommend them, I trust them and I can\'t wait to see what they will sell in a near future. Thank you Botble :)','published','2024-11-20 02:45:51','2024-11-20 02:45:51','[\"products\\/pla-product-03.jpg\",\"products\\/product-75.jpg\"]'),(281,4,NULL,NULL,48,4.00,'Solution is too robust for our purpose so we didn\'t use it at the end. But I appreciate customer support during initial configuration.','published','2024-11-20 02:45:51','2024-11-20 02:45:51','[\"products\\/product-5.jpg\",\"products\\/product-62.jpg\",\"products\\/product-67.jpg\"]'),(282,8,NULL,NULL,40,2.00,'Great E-commerce system. And much more : Wonderful Customer Support.','published','2024-11-20 02:45:51','2024-11-20 02:45:51','[\"products\\/pla-product-03.jpg\",\"products\\/product-31.jpg\",\"products\\/product-60.jpg\"]'),(283,8,NULL,NULL,21,1.00,'Clean & perfect source code','published','2024-11-20 02:45:51','2024-11-20 02:45:51','[\"products\\/product-29.jpg\",\"products\\/product-31.jpg\",\"products\\/product-51.jpg\",\"products\\/product-71.jpg\"]'),(284,4,NULL,NULL,31,4.00,'Customer Support are grade (A*), however the code is a way too over engineered for it\'s purpose.','published','2024-11-20 02:45:51','2024-11-20 02:45:51','[\"products\\/product-50.jpg\"]'),(286,9,NULL,NULL,18,1.00,'Very enthusiastic support! Excellent code is written. It\'s a true pleasure working with.','published','2024-11-20 02:45:51','2024-11-20 02:45:51','[\"products\\/product-18.jpg\",\"products\\/product-45.jpg\"]'),(287,3,NULL,NULL,25,3.00,'For me the best eCommerce script on Envato at this moment: modern, clean code, a lot of great features. The customer support is great too: I always get an answer within hours!','published','2024-11-20 02:45:51','2024-11-20 02:45:51','[\"products\\/product-27.jpg\"]'),(290,10,NULL,NULL,32,3.00,'The best store template! Excellent coding! Very good support! Thank you so much for all the help, I really appreciated.','published','2024-11-20 02:45:51','2024-11-20 02:45:51','[\"products\\/product-22.jpg\",\"products\\/product-41.jpg\",\"products\\/product-47.jpg\",\"products\\/product-70.jpg\"]'),(291,4,NULL,NULL,56,3.00,'The best ecommerce CMS! Excellent coding! best support service! Thank you so much..... I really like your hard work.','published','2024-11-20 02:45:51','2024-11-20 02:45:51','[\"products\\/product-27.jpg\",\"products\\/product-68.jpg\"]'),(292,7,NULL,NULL,1,2.00,'This script is well coded and is super fast. The support is pretty quick. Very patient and helpful team. I strongly recommend it and they deserve more than 5 stars.','published','2024-11-20 02:45:51','2024-11-20 02:45:51','[\"products\\/product-62.jpg\"]'),(295,9,NULL,NULL,31,5.00,'It\'s not my first experience here on Codecanyon and I can honestly tell you all that Botble puts a LOT of effort into the support. They answer so fast, they helped me tons of times. REALLY by far THE BEST EXPERIENCE on Codecanyon. Those guys at Botble are so good that they deserve 5 stars. I recommend them, I trust them and I can\'t wait to see what they will sell in a near future. Thank you Botble :)','published','2024-11-20 02:45:51','2024-11-20 02:45:51','[\"products\\/product-37.jpg\",\"products\\/product-55.jpg\"]'),(296,5,NULL,NULL,9,1.00,'The best ecommerce CMS! Excellent coding! best support service! Thank you so much..... I really like your hard work.','published','2024-11-20 02:45:51','2024-11-20 02:45:51','[\"products\\/pla-product-04.jpg\",\"products\\/product-47.jpg\"]'),(297,2,NULL,NULL,57,4.00,'These guys are amazing! Responses immediately, amazing support and help... I immediately feel at ease after Purchasing..','published','2024-11-20 02:45:51','2024-11-20 02:45:51','[\"products\\/pla-product-03.jpg\",\"products\\/product-18.jpg\",\"products\\/product-21.jpg\"]'),(298,1,NULL,NULL,4,4.00,'The script is the best of its class, fast, easy to implement and work with , and the most important thing is the great support team , Recommend with no doubt.','published','2024-11-20 02:45:51','2024-11-20 02:45:51','[\"products\\/product-66.jpg\"]'),(299,3,NULL,NULL,51,4.00,'Second or third time that I buy a Botble product, happy with the products and support. You guys do a good job :)','published','2024-11-20 02:45:51','2024-11-20 02:45:51','[\"products\\/product-2.jpg\",\"products\\/product-3.jpg\",\"products\\/product-41.jpg\",\"products\\/product-68.jpg\"]'),(300,10,NULL,NULL,57,4.00,'Great system, great support, good job Botble. I\'m looking forward to more great functional plugins.','published','2024-11-20 02:45:51','2024-11-20 02:45:51','[\"products\\/pla-product-01.jpg\",\"products\\/product-20.jpg\",\"products\\/product-60.jpg\",\"products\\/product-85.jpg\"]'),(301,9,NULL,NULL,52,1.00,'Great system, great support, good job Botble. I\'m looking forward to more great functional plugins.','published','2024-11-20 02:45:51','2024-11-20 02:45:51','[\"products\\/product-61.jpg\"]'),(302,8,NULL,NULL,75,5.00,'These guys are amazing! Responses immediately, amazing support and help... I immediately feel at ease after Purchasing..','published','2024-11-20 02:45:51','2024-11-20 02:45:51','[\"products\\/pla-product-02.jpg\",\"products\\/product-24.jpg\",\"products\\/product-77.jpg\",\"products\\/product-79.jpg\"]'),(307,6,NULL,NULL,33,3.00,'Perfect +++++++++ i love it really also i get to fast ticket answers... Thanks Lot BOTBLE Teams','published','2024-11-20 02:45:51','2024-11-20 02:45:51','[\"products\\/product-20.jpg\",\"products\\/product-26.jpg\",\"products\\/product-67.jpg\"]'),(308,4,NULL,NULL,22,4.00,'Great E-commerce system. And much more : Wonderful Customer Support.','published','2024-11-20 02:45:51','2024-11-20 02:45:51','[\"products\\/product-43.jpg\",\"products\\/product-45.jpg\"]'),(310,8,NULL,NULL,64,5.00,'This web app is really good in design, code quality & features. Besides, the customer support provided by the Botble team was really fast & helpful. You guys are awesome!','published','2024-11-20 02:45:51','2024-11-20 02:45:51','[\"products\\/product-82.jpg\"]'),(311,5,NULL,NULL,44,1.00,'This script is well coded and is super fast. The support is pretty quick. Very patient and helpful team. I strongly recommend it and they deserve more than 5 stars.','published','2024-11-20 02:45:51','2024-11-20 02:45:51','[\"products\\/product-58.jpg\",\"products\\/product-86.jpg\"]'),(313,7,NULL,NULL,45,2.00,'The script is the best of its class, fast, easy to implement and work with , and the most important thing is the great support team , Recommend with no doubt.','published','2024-11-20 02:45:51','2024-11-20 02:45:51','[\"products\\/product-1.jpg\",\"products\\/product-31.jpg\",\"products\\/product-37.jpg\",\"products\\/product-87.jpg\"]'),(314,6,NULL,NULL,19,2.00,'Good app, good backup service and support. Good documentation.','published','2024-11-20 02:45:51','2024-11-20 02:45:51','[\"products\\/product-29.jpg\",\"products\\/product-63.jpg\",\"products\\/product-69.jpg\"]'),(315,3,NULL,NULL,9,1.00,'For me the best eCommerce script on Envato at this moment: modern, clean code, a lot of great features. The customer support is great too: I always get an answer within hours!','published','2024-11-20 02:45:51','2024-11-20 02:45:51','[\"products\\/product-54.jpg\",\"products\\/product-88.jpg\"]'),(316,1,NULL,NULL,32,1.00,'Very enthusiastic support! Excellent code is written. It\'s a true pleasure working with.','published','2024-11-20 02:45:51','2024-11-20 02:45:51','[\"products\\/product-49.jpg\"]'),(317,9,NULL,NULL,34,3.00,'The best store template! Excellent coding! Very good support! Thank you so much for all the help, I really appreciated.','published','2024-11-20 02:45:51','2024-11-20 02:45:51','[\"products\\/product-2.jpg\",\"products\\/product-4.jpg\",\"products\\/product-21.jpg\",\"products\\/product-54.jpg\"]'),(318,9,NULL,NULL,69,1.00,'It\'s not my first experience here on Codecanyon and I can honestly tell you all that Botble puts a LOT of effort into the support. They answer so fast, they helped me tons of times. REALLY by far THE BEST EXPERIENCE on Codecanyon. Those guys at Botble are so good that they deserve 5 stars. I recommend them, I trust them and I can\'t wait to see what they will sell in a near future. Thank you Botble :)','published','2024-11-20 02:45:51','2024-11-20 02:45:51','[\"products\\/product-4.jpg\",\"products\\/product-9.jpg\",\"products\\/product-77.jpg\",\"products\\/product-87.jpg\"]'),(320,6,NULL,NULL,57,1.00,'I Love this Script. I also found how to add other fees. Now I just wait the BIG update for the Marketplace with the Bulk Import. Just do not forget to make it to be Multi-language for us the Botble Fans.','published','2024-11-20 02:45:51','2024-11-20 02:45:51','[\"products\\/product-59.jpg\"]'),(321,2,NULL,NULL,64,2.00,'Cool template. Excellent code quality. The support responds very quickly, which is very rare on themeforest and codecanyon.net, I buy a lot of templates, and everyone will have a response from technical support for two or three days. Thanks to tech support. I recommend to buy.','published','2024-11-20 02:45:51','2024-11-20 02:45:51','[\"products\\/product-4.jpg\",\"products\\/product-47.jpg\",\"products\\/product-52.jpg\"]'),(322,7,NULL,NULL,70,5.00,'We have received brilliant service support and will be expanding the features with the developer. Nice product!','published','2024-11-20 02:45:51','2024-11-20 02:45:51','[\"products\\/product-14.jpg\",\"products\\/product-74.jpg\",\"products\\/product-93.jpg\"]'),(323,6,NULL,NULL,2,5.00,'For me the best eCommerce script on Envato at this moment: modern, clean code, a lot of great features. The customer support is great too: I always get an answer within hours!','published','2024-11-20 02:45:51','2024-11-20 02:45:51','[\"products\\/product-31.jpg\",\"products\\/product-63.jpg\",\"products\\/product-68.jpg\",\"products\\/product-77.jpg\"]'),(325,2,NULL,NULL,44,1.00,'As a developer I reviewed this script. This is really awesome ecommerce script. I have convinced when I noticed that it\'s built on fully WordPress concept.','published','2024-11-20 02:45:51','2024-11-20 02:45:51','[\"products\\/product-16.jpg\",\"products\\/product-70.jpg\"]'),(327,4,NULL,NULL,52,3.00,'These guys are amazing! Responses immediately, amazing support and help... I immediately feel at ease after Purchasing..','published','2024-11-20 02:45:51','2024-11-20 02:45:51','[\"products\\/product-5.jpg\",\"products\\/product-29.jpg\",\"products\\/product-50.jpg\"]'),(328,7,NULL,NULL,71,5.00,'We have received brilliant service support and will be expanding the features with the developer. Nice product!','published','2024-11-20 02:45:51','2024-11-20 02:45:51','[\"products\\/product-4.jpg\",\"products\\/product-67.jpg\",\"products\\/product-91.jpg\"]'),(329,8,NULL,NULL,8,2.00,'Cool template. Excellent code quality. The support responds very quickly, which is very rare on themeforest and codecanyon.net, I buy a lot of templates, and everyone will have a response from technical support for two or three days. Thanks to tech support. I recommend to buy.','published','2024-11-20 02:45:51','2024-11-20 02:45:51','[\"products\\/pla-product-02.jpg\",\"products\\/product-6.jpg\",\"products\\/product-62.jpg\"]'),(331,3,NULL,NULL,28,4.00,'Cool template. Excellent code quality. The support responds very quickly, which is very rare on themeforest and codecanyon.net, I buy a lot of templates, and everyone will have a response from technical support for two or three days. Thanks to tech support. I recommend to buy.','published','2024-11-20 02:45:51','2024-11-20 02:45:51','[\"products\\/product-45.jpg\",\"products\\/product-51.jpg\",\"products\\/product-81.jpg\",\"products\\/product-82.jpg\"]'),(332,4,NULL,NULL,10,1.00,'Customer Support are grade (A*), however the code is a way too over engineered for it\'s purpose.','published','2024-11-20 02:45:51','2024-11-20 02:45:51','[\"products\\/product-37.jpg\"]'),(333,3,NULL,NULL,49,1.00,'These guys are amazing! Responses immediately, amazing support and help... I immediately feel at ease after Purchasing..','published','2024-11-20 02:45:51','2024-11-20 02:45:51','[\"products\\/product-69.jpg\",\"products\\/product-78.jpg\"]'),(334,8,NULL,NULL,33,3.00,'Cool template. Excellent code quality. The support responds very quickly, which is very rare on themeforest and codecanyon.net, I buy a lot of templates, and everyone will have a response from technical support for two or three days. Thanks to tech support. I recommend to buy.','published','2024-11-20 02:45:51','2024-11-20 02:45:51','[\"products\\/product-34.jpg\",\"products\\/product-58.jpg\",\"products\\/product-78.jpg\"]'),(335,2,NULL,NULL,15,5.00,'The code is good, in general, if you like it, can you give it 5 stars?','published','2024-11-20 02:45:51','2024-11-20 02:45:51','[\"products\\/product-89.jpg\"]'),(336,10,NULL,NULL,27,5.00,'As a developer I reviewed this script. This is really awesome ecommerce script. I have convinced when I noticed that it\'s built on fully WordPress concept.','published','2024-11-20 02:45:51','2024-11-20 02:45:51','[\"products\\/pla-product-02.jpg\",\"products\\/product-43.jpg\",\"products\\/product-52.jpg\",\"products\\/product-55.jpg\"]'),(338,2,NULL,NULL,29,1.00,'The best ecommerce CMS! Excellent coding! best support service! Thank you so much..... I really like your hard work.','published','2024-11-20 02:45:51','2024-11-20 02:45:51','[\"products\\/product-37.jpg\"]'),(340,8,NULL,NULL,22,2.00,'Very enthusiastic support! Excellent code is written. It\'s a true pleasure working with.','published','2024-11-20 02:45:51','2024-11-20 02:45:51','[\"products\\/product-31.jpg\",\"products\\/product-51.jpg\",\"products\\/product-54.jpg\"]'),(342,8,NULL,NULL,65,3.00,'I Love this Script. I also found how to add other fees. Now I just wait the BIG update for the Marketplace with the Bulk Import. Just do not forget to make it to be Multi-language for us the Botble Fans.','published','2024-11-20 02:45:51','2024-11-20 02:45:51','[\"products\\/product-27.jpg\"]'),(344,10,NULL,NULL,59,4.00,'Very enthusiastic support! Excellent code is written. It\'s a true pleasure working with.','published','2024-11-20 02:45:51','2024-11-20 02:45:51','[\"products\\/product-59.jpg\"]'),(345,8,NULL,NULL,49,5.00,'The best store template! Excellent coding! Very good support! Thank you so much for all the help, I really appreciated.','published','2024-11-20 02:45:51','2024-11-20 02:45:51','[\"products\\/product-62.jpg\",\"products\\/product-66.jpg\",\"products\\/product-84.jpg\",\"products\\/product-94.jpg\"]'),(346,7,NULL,NULL,31,2.00,'Very enthusiastic support! Excellent code is written. It\'s a true pleasure working with.','published','2024-11-20 02:45:51','2024-11-20 02:45:51','[\"products\\/product-39.jpg\"]'),(347,5,NULL,NULL,47,4.00,'The code is good, in general, if you like it, can you give it 5 stars?','published','2024-11-20 02:45:51','2024-11-20 02:45:51','[\"products\\/product-60.jpg\"]'),(348,5,NULL,NULL,32,1.00,'For me the best eCommerce script on Envato at this moment: modern, clean code, a lot of great features. The customer support is great too: I always get an answer within hours!','published','2024-11-20 02:45:51','2024-11-20 02:45:51','[\"products\\/product-54.jpg\",\"products\\/product-93.jpg\"]'),(349,7,NULL,NULL,30,4.00,'These guys are amazing! Responses immediately, amazing support and help... I immediately feel at ease after Purchasing..','published','2024-11-20 02:45:51','2024-11-20 02:45:51','[\"products\\/product-78.jpg\"]'),(351,7,NULL,NULL,16,1.00,'The best store template! Excellent coding! Very good support! Thank you so much for all the help, I really appreciated.','published','2024-11-20 02:45:51','2024-11-20 02:45:51','[\"products\\/product-5.jpg\",\"products\\/product-9.jpg\",\"products\\/product-50.jpg\"]'),(354,7,NULL,NULL,34,2.00,'This web app is really good in design, code quality & features. Besides, the customer support provided by the Botble team was really fast & helpful. You guys are awesome!','published','2024-11-20 02:45:51','2024-11-20 02:45:51','[\"products\\/product-34.jpg\"]'),(355,1,NULL,NULL,10,3.00,'Perfect +++++++++ i love it really also i get to fast ticket answers... Thanks Lot BOTBLE Teams','published','2024-11-20 02:45:51','2024-11-20 02:45:51','[\"products\\/product-11.jpg\",\"products\\/product-33.jpg\",\"products\\/product-60.jpg\",\"products\\/product-93.jpg\"]'),(357,5,NULL,NULL,26,4.00,'I Love this Script. I also found how to add other fees. Now I just wait the BIG update for the Marketplace with the Bulk Import. Just do not forget to make it to be Multi-language for us the Botble Fans.','published','2024-11-20 02:45:51','2024-11-20 02:45:51','[\"products\\/product-1.jpg\",\"products\\/product-28.jpg\"]'),(358,9,NULL,NULL,53,3.00,'Great system, great support, good job Botble. I\'m looking forward to more great functional plugins.','published','2024-11-20 02:45:51','2024-11-20 02:45:51','[\"products\\/product-44.jpg\",\"products\\/product-46.jpg\",\"products\\/product-56.jpg\",\"products\\/product-88.jpg\"]'),(359,4,NULL,NULL,37,4.00,'Very enthusiastic support! Excellent code is written. It\'s a true pleasure working with.','published','2024-11-20 02:45:51','2024-11-20 02:45:51','[\"products\\/product-35.jpg\",\"products\\/product-55.jpg\",\"products\\/product-83.jpg\"]'),(360,5,NULL,NULL,64,3.00,'Good app, good backup service and support. Good documentation.','published','2024-11-20 02:45:51','2024-11-20 02:45:51','[\"products\\/product-66.jpg\",\"products\\/product-68.jpg\"]'),(361,8,NULL,NULL,48,2.00,'These guys are amazing! Responses immediately, amazing support and help... I immediately feel at ease after Purchasing..','published','2024-11-20 02:45:51','2024-11-20 02:45:51','[\"products\\/product-15.jpg\",\"products\\/product-53.jpg\"]'),(364,3,NULL,NULL,16,3.00,'We have received brilliant service support and will be expanding the features with the developer. Nice product!','published','2024-11-20 02:45:51','2024-11-20 02:45:51','[\"products\\/product-28.jpg\",\"products\\/product-47.jpg\",\"products\\/product-57.jpg\",\"products\\/product-60.jpg\"]'),(366,4,NULL,NULL,16,5.00,'Great E-commerce system. And much more : Wonderful Customer Support.','published','2024-11-20 02:45:51','2024-11-20 02:45:51','[\"products\\/product-8.jpg\"]'),(367,4,NULL,NULL,1,1.00,'These guys are amazing! Responses immediately, amazing support and help... I immediately feel at ease after Purchasing..','published','2024-11-20 02:45:51','2024-11-20 02:45:51','[\"products\\/product-54.jpg\",\"products\\/product-95.jpg\"]'),(368,2,NULL,NULL,18,2.00,'These guys are amazing! Responses immediately, amazing support and help... I immediately feel at ease after Purchasing..','published','2024-11-20 02:45:51','2024-11-20 02:45:51','[\"products\\/product-32.jpg\",\"products\\/product-57.jpg\",\"products\\/product-77.jpg\"]'),(370,5,NULL,NULL,58,3.00,'This script is well coded and is super fast. The support is pretty quick. Very patient and helpful team. I strongly recommend it and they deserve more than 5 stars.','published','2024-11-20 02:45:51','2024-11-20 02:45:51','[\"products\\/product-51.jpg\"]'),(371,1,NULL,NULL,36,2.00,'The code is good, in general, if you like it, can you give it 5 stars?','published','2024-11-20 02:45:51','2024-11-20 02:45:51','[\"products\\/product-81.jpg\",\"products\\/product-82.jpg\"]'),(374,5,NULL,NULL,48,2.00,'The best store template! Excellent coding! Very good support! Thank you so much for all the help, I really appreciated.','published','2024-11-20 02:45:51','2024-11-20 02:45:51','[\"products\\/product-46.jpg\",\"products\\/product-73.jpg\"]'),(375,9,NULL,NULL,7,3.00,'Very enthusiastic support! Excellent code is written. It\'s a true pleasure working with.','published','2024-11-20 02:45:51','2024-11-20 02:45:51','[\"products\\/product-1.jpg\",\"products\\/product-26.jpg\",\"products\\/product-51.jpg\",\"products\\/product-85.jpg\"]'),(376,8,NULL,NULL,27,2.00,'Great system, great support, good job Botble. I\'m looking forward to more great functional plugins.','published','2024-11-20 02:45:51','2024-11-20 02:45:51','[\"products\\/product-7.jpg\",\"products\\/product-74.jpg\",\"products\\/product-83.jpg\",\"products\\/product-87.jpg\"]'),(377,4,NULL,NULL,43,2.00,'Great system, great support, good job Botble. I\'m looking forward to more great functional plugins.','published','2024-11-20 02:45:51','2024-11-20 02:45:51','[\"products\\/product-12.jpg\",\"products\\/product-22.jpg\",\"products\\/product-90.jpg\",\"products\\/product-94.jpg\"]'),(378,5,NULL,NULL,5,5.00,'Those guys now what they are doing, the release such a good product that it\'s a pleasure to work with ! Even when I was stuck on the project, I created a ticket and the next day it was replied by the team. GOOD JOB guys. I love working with them :)','published','2024-11-20 02:45:51','2024-11-20 02:45:51','[\"products\\/product-6.jpg\",\"products\\/product-17.jpg\",\"products\\/product-23.jpg\",\"products\\/product-61.jpg\"]'),(383,4,NULL,NULL,14,3.00,'Very enthusiastic support! Excellent code is written. It\'s a true pleasure working with.','published','2024-11-20 02:45:51','2024-11-20 02:45:51','[\"products\\/product-41.jpg\"]'),(387,9,NULL,NULL,48,2.00,'Amazing code, amazing support. Overall, im really confident in Botble and im happy I made the right choice! Thank you so much guys for coding this masterpiece','published','2024-11-20 02:45:51','2024-11-20 02:45:51','[\"products\\/product-61.jpg\"]'),(388,5,NULL,NULL,3,5.00,'Great E-commerce system. And much more : Wonderful Customer Support.','published','2024-11-20 02:45:51','2024-11-20 02:45:51','[\"products\\/product-19.jpg\",\"products\\/product-66.jpg\"]'),(390,9,NULL,NULL,38,5.00,'Best ecommerce CMS online store!','published','2024-11-20 02:45:51','2024-11-20 02:45:51','[\"products\\/pla-product-02.jpg\",\"products\\/product-47.jpg\"]'),(392,4,NULL,NULL,11,1.00,'Customer Support are grade (A*), however the code is a way too over engineered for it\'s purpose.','published','2024-11-20 02:45:51','2024-11-20 02:45:51','[\"products\\/product-8.jpg\",\"products\\/product-28.jpg\",\"products\\/product-85.jpg\",\"products\\/product-92.jpg\"]'),(395,1,NULL,NULL,1,4.00,'Very enthusiastic support! Excellent code is written. It\'s a true pleasure working with.','published','2024-11-20 02:45:51','2024-11-20 02:45:51','[\"products\\/product-78.jpg\"]'),(399,3,NULL,NULL,45,2.00,'Good app, good backup service and support. Good documentation.','published','2024-11-20 02:45:51','2024-11-20 02:45:51','[\"products\\/product-16.jpg\",\"products\\/product-72.jpg\",\"products\\/product-88.jpg\"]'),(401,2,NULL,NULL,1,4.00,'Good app, good backup service and support. Good documentation.','published','2024-11-20 02:45:51','2024-11-20 02:45:51','[\"products\\/product-20.jpg\",\"products\\/product-66.jpg\",\"products\\/product-81.jpg\",\"products\\/product-92.jpg\"]'),(402,3,NULL,NULL,21,3.00,'These guys are amazing! Responses immediately, amazing support and help... I immediately feel at ease after Purchasing..','published','2024-11-20 02:45:51','2024-11-20 02:45:51','[\"products\\/product-1.jpg\",\"products\\/product-19.jpg\",\"products\\/product-50.jpg\",\"products\\/product-89.jpg\"]'),(404,10,NULL,NULL,21,2.00,'The best ecommerce CMS! Excellent coding! best support service! Thank you so much..... I really like your hard work.','published','2024-11-20 02:45:51','2024-11-20 02:45:51','[\"products\\/product-43.jpg\",\"products\\/product-48.jpg\",\"products\\/product-54.jpg\"]'),(407,8,NULL,NULL,63,1.00,'I Love this Script. I also found how to add other fees. Now I just wait the BIG update for the Marketplace with the Bulk Import. Just do not forget to make it to be Multi-language for us the Botble Fans.','published','2024-11-20 02:45:51','2024-11-20 02:45:51','[\"products\\/product-27.jpg\",\"products\\/product-66.jpg\",\"products\\/product-83.jpg\"]'),(408,10,NULL,NULL,67,2.00,'I Love this Script. I also found how to add other fees. Now I just wait the BIG update for the Marketplace with the Bulk Import. Just do not forget to make it to be Multi-language for us the Botble Fans.','published','2024-11-20 02:45:51','2024-11-20 02:45:51','[\"products\\/product-28.jpg\",\"products\\/product-51.jpg\",\"products\\/product-52.jpg\",\"products\\/product-90.jpg\"]'),(409,9,NULL,NULL,27,2.00,'Great system, great support, good job Botble. I\'m looking forward to more great functional plugins.','published','2024-11-20 02:45:51','2024-11-20 02:45:51','[\"products\\/product-23.jpg\",\"products\\/product-45.jpg\"]'),(411,6,NULL,NULL,34,2.00,'The best ecommerce CMS! Excellent coding! best support service! Thank you so much..... I really like your hard work.','published','2024-11-20 02:45:51','2024-11-20 02:45:51','[\"products\\/product-9.jpg\",\"products\\/product-28.jpg\",\"products\\/product-67.jpg\",\"products\\/product-86.jpg\"]'),(414,1,NULL,NULL,11,5.00,'These guys are amazing! Responses immediately, amazing support and help... I immediately feel at ease after Purchasing..','published','2024-11-20 02:45:51','2024-11-20 02:45:51','[\"products\\/product-9.jpg\",\"products\\/product-26.jpg\",\"products\\/product-53.jpg\"]'),(415,10,NULL,NULL,22,3.00,'The code is good, in general, if you like it, can you give it 5 stars?','published','2024-11-20 02:45:51','2024-11-20 02:45:51','[\"products\\/product-33.jpg\",\"products\\/product-59.jpg\",\"products\\/product-61.jpg\",\"products\\/product-62.jpg\"]'),(416,3,NULL,NULL,31,1.00,'As a developer I reviewed this script. This is really awesome ecommerce script. I have convinced when I noticed that it\'s built on fully WordPress concept.','published','2024-11-20 02:45:51','2024-11-20 02:45:51','[\"products\\/product-26.jpg\",\"products\\/product-51.jpg\"]'),(417,1,NULL,NULL,22,4.00,'We have received brilliant service support and will be expanding the features with the developer. Nice product!','published','2024-11-20 02:45:51','2024-11-20 02:45:51','[\"products\\/product-14.jpg\",\"products\\/product-55.jpg\",\"products\\/product-58.jpg\",\"products\\/product-90.jpg\"]'),(418,6,NULL,NULL,43,3.00,'Great system, great support, good job Botble. I\'m looking forward to more great functional plugins.','published','2024-11-20 02:45:51','2024-11-20 02:45:51','[\"products\\/product-34.jpg\",\"products\\/product-53.jpg\"]'),(419,9,NULL,NULL,4,4.00,'Cool template. Excellent code quality. The support responds very quickly, which is very rare on themeforest and codecanyon.net, I buy a lot of templates, and everyone will have a response from technical support for two or three days. Thanks to tech support. I recommend to buy.','published','2024-11-20 02:45:51','2024-11-20 02:45:51','[\"products\\/product-35.jpg\",\"products\\/product-55.jpg\"]'),(420,2,NULL,NULL,4,3.00,'The best store template! Excellent coding! Very good support! Thank you so much for all the help, I really appreciated.','published','2024-11-20 02:45:51','2024-11-20 02:45:51','[\"products\\/product-5.jpg\",\"products\\/product-12.jpg\",\"products\\/product-39.jpg\"]'),(422,4,NULL,NULL,13,3.00,'These guys are amazing! Responses immediately, amazing support and help... I immediately feel at ease after Purchasing..','published','2024-11-20 02:45:51','2024-11-20 02:45:51','[\"products\\/pla-product-02.jpg\",\"products\\/product-71.jpg\",\"products\\/product-77.jpg\"]'),(424,8,NULL,NULL,28,2.00,'The best store template! Excellent coding! Very good support! Thank you so much for all the help, I really appreciated.','published','2024-11-20 02:45:51','2024-11-20 02:45:51','[\"products\\/product-22.jpg\"]'),(425,3,NULL,NULL,6,5.00,'Those guys now what they are doing, the release such a good product that it\'s a pleasure to work with ! Even when I was stuck on the project, I created a ticket and the next day it was replied by the team. GOOD JOB guys. I love working with them :)','published','2024-11-20 02:45:51','2024-11-20 02:45:51','[\"products\\/product-4.jpg\"]'),(427,8,NULL,NULL,56,3.00,'Ok good product. I have some issues in customizations. But its not correct to blame the developer. The product is good. Good luck for your business.','published','2024-11-20 02:45:51','2024-11-20 02:45:51','[\"products\\/product-67.jpg\"]'),(428,1,NULL,NULL,8,1.00,'The code is good, in general, if you like it, can you give it 5 stars?','published','2024-11-20 02:45:51','2024-11-20 02:45:51','[\"products\\/product-22.jpg\"]'),(431,6,NULL,NULL,5,2.00,'Those guys now what they are doing, the release such a good product that it\'s a pleasure to work with ! Even when I was stuck on the project, I created a ticket and the next day it was replied by the team. GOOD JOB guys. I love working with them :)','published','2024-11-20 02:45:51','2024-11-20 02:45:51','[\"products\\/pla-product-01.jpg\",\"products\\/product-3.jpg\",\"products\\/product-9.jpg\",\"products\\/product-13.jpg\"]'),(434,6,NULL,NULL,51,2.00,'Great E-commerce system. And much more : Wonderful Customer Support.','published','2024-11-20 02:45:51','2024-11-20 02:45:51','[\"products\\/product-1.jpg\",\"products\\/product-15.jpg\",\"products\\/product-43.jpg\"]'),(435,10,NULL,NULL,71,2.00,'We have received brilliant service support and will be expanding the features with the developer. Nice product!','published','2024-11-20 02:45:51','2024-11-20 02:45:51','[\"products\\/pla-product-01.jpg\",\"products\\/product-61.jpg\",\"products\\/product-86.jpg\"]'),(438,5,NULL,NULL,66,1.00,'This web app is really good in design, code quality & features. Besides, the customer support provided by the Botble team was really fast & helpful. You guys are awesome!','published','2024-11-20 02:45:51','2024-11-20 02:45:51','[\"products\\/product-68.jpg\",\"products\\/product-80.jpg\"]'),(439,8,NULL,NULL,34,4.00,'The script is the best of its class, fast, easy to implement and work with , and the most important thing is the great support team , Recommend with no doubt.','published','2024-11-20 02:45:51','2024-11-20 02:45:51','[\"products\\/product-3.jpg\",\"products\\/product-16.jpg\"]'),(444,7,NULL,NULL,56,1.00,'The best ecommerce CMS! Excellent coding! best support service! Thank you so much..... I really like your hard work.','published','2024-11-20 02:45:51','2024-11-20 02:45:51','[\"products\\/product-18.jpg\"]'),(445,5,NULL,NULL,24,5.00,'Perfect +++++++++ i love it really also i get to fast ticket answers... Thanks Lot BOTBLE Teams','published','2024-11-20 02:45:51','2024-11-20 02:45:51','[\"products\\/product-39.jpg\",\"products\\/product-58.jpg\",\"products\\/product-94.jpg\"]'),(446,10,NULL,NULL,64,1.00,'This web app is really good in design, code quality & features. Besides, the customer support provided by the Botble team was really fast & helpful. You guys are awesome!','published','2024-11-20 02:45:51','2024-11-20 02:45:51','[\"products\\/product-34.jpg\",\"products\\/product-39.jpg\"]'),(449,9,NULL,NULL,73,1.00,'I Love this Script. I also found how to add other fees. Now I just wait the BIG update for the Marketplace with the Bulk Import. Just do not forget to make it to be Multi-language for us the Botble Fans.','published','2024-11-20 02:45:51','2024-11-20 02:45:51','[\"products\\/pla-product-02.jpg\",\"products\\/product-46.jpg\",\"products\\/product-64.jpg\",\"products\\/product-87.jpg\"]'),(450,8,NULL,NULL,12,3.00,'The best ecommerce CMS! Excellent coding! best support service! Thank you so much..... I really like your hard work.','published','2024-11-20 02:45:51','2024-11-20 02:45:51','[\"products\\/product-28.jpg\",\"products\\/product-77.jpg\",\"products\\/product-85.jpg\"]'),(451,3,NULL,NULL,52,2.00,'These guys are amazing! Responses immediately, amazing support and help... I immediately feel at ease after Purchasing..','published','2024-11-20 02:45:51','2024-11-20 02:45:51','[\"products\\/product-34.jpg\"]'),(453,1,NULL,NULL,47,3.00,'Solution is too robust for our purpose so we didn\'t use it at the end. But I appreciate customer support during initial configuration.','published','2024-11-20 02:45:51','2024-11-20 02:45:51','[\"products\\/product-62.jpg\",\"products\\/product-73.jpg\"]'),(456,9,NULL,NULL,13,4.00,'Amazing code, amazing support. Overall, im really confident in Botble and im happy I made the right choice! Thank you so much guys for coding this masterpiece','published','2024-11-20 02:45:51','2024-11-20 02:45:51','[\"products\\/product-20.jpg\",\"products\\/product-22.jpg\",\"products\\/product-36.jpg\",\"products\\/product-75.jpg\"]'),(457,3,NULL,NULL,66,1.00,'Those guys now what they are doing, the release such a good product that it\'s a pleasure to work with ! Even when I was stuck on the project, I created a ticket and the next day it was replied by the team. GOOD JOB guys. I love working with them :)','published','2024-11-20 02:45:51','2024-11-20 02:45:51','[\"products\\/pla-product-02.jpg\",\"products\\/product-11.jpg\",\"products\\/product-13.jpg\",\"products\\/product-87.jpg\"]'),(458,7,NULL,NULL,63,1.00,'Great E-commerce system. And much more : Wonderful Customer Support.','published','2024-11-20 02:45:51','2024-11-20 02:45:51','[\"products\\/product-2.jpg\",\"products\\/product-94.jpg\"]'),(460,2,NULL,NULL,10,1.00,'Great system, great support, good job Botble. I\'m looking forward to more great functional plugins.','published','2024-11-20 02:45:51','2024-11-20 02:45:51','[\"products\\/product-47.jpg\",\"products\\/product-49.jpg\"]'),(461,10,NULL,NULL,14,1.00,'Ok good product. I have some issues in customizations. But its not correct to blame the developer. The product is good. Good luck for your business.','published','2024-11-20 02:45:51','2024-11-20 02:45:51','[\"products\\/pla-product-04.jpg\"]'),(462,7,NULL,NULL,19,1.00,'Perfect +++++++++ i love it really also i get to fast ticket answers... Thanks Lot BOTBLE Teams','published','2024-11-20 02:45:51','2024-11-20 02:45:51','[\"products\\/product-4.jpg\",\"products\\/product-5.jpg\",\"products\\/product-6.jpg\",\"products\\/product-74.jpg\"]'),(463,4,NULL,NULL,23,5.00,'Good app, good backup service and support. Good documentation.','published','2024-11-20 02:45:51','2024-11-20 02:45:51','[\"products\\/product-7.jpg\",\"products\\/product-27.jpg\",\"products\\/product-32.jpg\",\"products\\/product-59.jpg\"]'),(464,1,NULL,NULL,45,4.00,'Perfect +++++++++ i love it really also i get to fast ticket answers... Thanks Lot BOTBLE Teams','published','2024-11-20 02:45:51','2024-11-20 02:45:51','[\"products\\/product-41.jpg\",\"products\\/product-42.jpg\",\"products\\/product-46.jpg\"]'),(465,5,NULL,NULL,65,2.00,'This web app is really good in design, code quality & features. Besides, the customer support provided by the Botble team was really fast & helpful. You guys are awesome!','published','2024-11-20 02:45:51','2024-11-20 02:45:51','[\"products\\/product-37.jpg\",\"products\\/product-71.jpg\"]'),(466,1,NULL,NULL,46,1.00,'We have received brilliant service support and will be expanding the features with the developer. Nice product!','published','2024-11-20 02:45:51','2024-11-20 02:45:51','[\"products\\/product-69.jpg\"]'),(468,6,NULL,NULL,55,2.00,'I Love this Script. I also found how to add other fees. Now I just wait the BIG update for the Marketplace with the Bulk Import. Just do not forget to make it to be Multi-language for us the Botble Fans.','published','2024-11-20 02:45:51','2024-11-20 02:45:51','[\"products\\/product-5.jpg\",\"products\\/product-78.jpg\"]'),(469,6,NULL,NULL,60,4.00,'Perfect +++++++++ i love it really also i get to fast ticket answers... Thanks Lot BOTBLE Teams','published','2024-11-20 02:45:51','2024-11-20 02:45:51','[\"products\\/pla-product-01.jpg\",\"products\\/product-20.jpg\",\"products\\/product-54.jpg\",\"products\\/product-70.jpg\"]'),(471,5,NULL,NULL,1,1.00,'Perfect +++++++++ i love it really also i get to fast ticket answers... Thanks Lot BOTBLE Teams','published','2024-11-20 02:45:51','2024-11-20 02:45:51','[\"products\\/product-25.jpg\",\"products\\/product-28.jpg\",\"products\\/product-41.jpg\",\"products\\/product-59.jpg\"]'),(473,5,NULL,NULL,41,3.00,'Solution is too robust for our purpose so we didn\'t use it at the end. But I appreciate customer support during initial configuration.','published','2024-11-20 02:45:51','2024-11-20 02:45:51','[\"products\\/pla-product-04.jpg\",\"products\\/product-1.jpg\"]'),(475,10,NULL,NULL,1,4.00,'I Love this Script. I also found how to add other fees. Now I just wait the BIG update for the Marketplace with the Bulk Import. Just do not forget to make it to be Multi-language for us the Botble Fans.','published','2024-11-20 02:45:51','2024-11-20 02:45:51','[\"products\\/product-77.jpg\"]'),(476,6,NULL,NULL,4,4.00,'It\'s not my first experience here on Codecanyon and I can honestly tell you all that Botble puts a LOT of effort into the support. They answer so fast, they helped me tons of times. REALLY by far THE BEST EXPERIENCE on Codecanyon. Those guys at Botble are so good that they deserve 5 stars. I recommend them, I trust them and I can\'t wait to see what they will sell in a near future. Thank you Botble :)','published','2024-11-20 02:45:51','2024-11-20 02:45:51','[\"products\\/product-19.jpg\",\"products\\/product-74.jpg\",\"products\\/product-89.jpg\",\"products\\/product-92.jpg\"]'),(477,6,NULL,NULL,48,4.00,'For me the best eCommerce script on Envato at this moment: modern, clean code, a lot of great features. The customer support is great too: I always get an answer within hours!','published','2024-11-20 02:45:51','2024-11-20 02:45:51','[\"products\\/product-5.jpg\",\"products\\/product-46.jpg\"]'),(478,3,NULL,NULL,55,1.00,'We have received brilliant service support and will be expanding the features with the developer. Nice product!','published','2024-11-20 02:45:51','2024-11-20 02:45:51','[\"products\\/product-13.jpg\",\"products\\/product-34.jpg\",\"products\\/product-37.jpg\"]'),(483,2,NULL,NULL,26,4.00,'I Love this Script. I also found how to add other fees. Now I just wait the BIG update for the Marketplace with the Bulk Import. Just do not forget to make it to be Multi-language for us the Botble Fans.','published','2024-11-20 02:45:51','2024-11-20 02:45:51','[\"products\\/product-84.jpg\"]'),(485,9,NULL,NULL,62,2.00,'This script is well coded and is super fast. The support is pretty quick. Very patient and helpful team. I strongly recommend it and they deserve more than 5 stars.','published','2024-11-20 02:45:51','2024-11-20 02:45:51','[\"products\\/product-39.jpg\",\"products\\/product-77.jpg\",\"products\\/product-87.jpg\"]'),(486,10,NULL,NULL,35,4.00,'Second or third time that I buy a Botble product, happy with the products and support. You guys do a good job :)','published','2024-11-20 02:45:51','2024-11-20 02:45:51','[\"products\\/product-32.jpg\",\"products\\/product-36.jpg\",\"products\\/product-59.jpg\"]'),(490,9,NULL,NULL,22,3.00,'Clean & perfect source code','published','2024-11-20 02:45:51','2024-11-20 02:45:51','[\"products\\/pla-product-04.jpg\",\"products\\/product-14.jpg\",\"products\\/product-57.jpg\",\"products\\/product-71.jpg\"]'),(492,9,NULL,NULL,29,1.00,'Solution is too robust for our purpose so we didn\'t use it at the end. But I appreciate customer support during initial configuration.','published','2024-11-20 02:45:51','2024-11-20 02:45:51','[\"products\\/product-64.jpg\",\"products\\/product-79.jpg\",\"products\\/product-87.jpg\"]'),(493,3,NULL,NULL,32,2.00,'Cool template. Excellent code quality. The support responds very quickly, which is very rare on themeforest and codecanyon.net, I buy a lot of templates, and everyone will have a response from technical support for two or three days. Thanks to tech support. I recommend to buy.','published','2024-11-20 02:45:51','2024-11-20 02:45:51','[\"products\\/product-2.jpg\",\"products\\/product-75.jpg\",\"products\\/product-92.jpg\"]'),(497,3,NULL,NULL,75,1.00,'Those guys now what they are doing, the release such a good product that it\'s a pleasure to work with ! Even when I was stuck on the project, I created a ticket and the next day it was replied by the team. GOOD JOB guys. I love working with them :)','published','2024-11-20 02:45:51','2024-11-20 02:45:51','[\"products\\/product-62.jpg\"]'),(498,2,NULL,NULL,70,3.00,'The code is good, in general, if you like it, can you give it 5 stars?','published','2024-11-20 02:45:51','2024-11-20 02:45:51','[\"products\\/product-2.jpg\",\"products\\/product-76.jpg\",\"products\\/product-84.jpg\"]'),(500,9,NULL,NULL,66,2.00,'Clean & perfect source code','published','2024-11-20 02:45:51','2024-11-20 02:45:51','[\"products\\/product-6.jpg\",\"products\\/product-7.jpg\",\"products\\/product-46.jpg\",\"products\\/product-91.jpg\"]'),(503,1,NULL,NULL,49,1.00,'Clean & perfect source code','published','2024-11-20 02:45:51','2024-11-20 02:45:51','[\"products\\/product-25.jpg\",\"products\\/product-56.jpg\"]'),(504,2,NULL,NULL,51,4.00,'Best ecommerce CMS online store!','published','2024-11-20 02:45:51','2024-11-20 02:45:51','[\"products\\/product-5.jpg\",\"products\\/product-29.jpg\",\"products\\/product-78.jpg\",\"products\\/product-86.jpg\"]'),(505,9,NULL,NULL,59,1.00,'Best ecommerce CMS online store!','published','2024-11-20 02:45:51','2024-11-20 02:45:51','[\"products\\/product-22.jpg\",\"products\\/product-51.jpg\",\"products\\/product-75.jpg\",\"products\\/product-77.jpg\"]'),(507,1,NULL,NULL,27,5.00,'Very enthusiastic support! Excellent code is written. It\'s a true pleasure working with.','published','2024-11-20 02:45:51','2024-11-20 02:45:51','[\"products\\/product-55.jpg\",\"products\\/product-57.jpg\"]'),(509,1,NULL,NULL,57,1.00,'The code is good, in general, if you like it, can you give it 5 stars?','published','2024-11-20 02:45:51','2024-11-20 02:45:51','[\"products\\/product-38.jpg\"]'),(511,3,NULL,NULL,56,5.00,'Amazing code, amazing support. Overall, im really confident in Botble and im happy I made the right choice! Thank you so much guys for coding this masterpiece','published','2024-11-20 02:45:51','2024-11-20 02:45:51','[\"products\\/pla-product-04.jpg\",\"products\\/product-17.jpg\",\"products\\/product-62.jpg\",\"products\\/product-77.jpg\"]'),(514,9,NULL,NULL,14,2.00,'Ok good product. I have some issues in customizations. But its not correct to blame the developer. The product is good. Good luck for your business.','published','2024-11-20 02:45:51','2024-11-20 02:45:51','[\"products\\/product-24.jpg\"]'),(516,9,NULL,NULL,50,4.00,'This script is well coded and is super fast. The support is pretty quick. Very patient and helpful team. I strongly recommend it and they deserve more than 5 stars.','published','2024-11-20 02:45:51','2024-11-20 02:45:51','[\"products\\/product-1.jpg\",\"products\\/product-55.jpg\",\"products\\/product-89.jpg\"]'),(518,9,NULL,NULL,44,3.00,'We have received brilliant service support and will be expanding the features with the developer. Nice product!','published','2024-11-20 02:45:51','2024-11-20 02:45:51','[\"products\\/product-10.jpg\"]'),(519,4,NULL,NULL,49,4.00,'The script is the best of its class, fast, easy to implement and work with , and the most important thing is the great support team , Recommend with no doubt.','published','2024-11-20 02:45:51','2024-11-20 02:45:51','[\"products\\/pla-product-01.jpg\",\"products\\/product-36.jpg\"]'),(520,4,NULL,NULL,46,3.00,'Customer Support are grade (A*), however the code is a way too over engineered for it\'s purpose.','published','2024-11-20 02:45:51','2024-11-20 02:45:51','[\"products\\/product-5.jpg\",\"products\\/product-26.jpg\",\"products\\/product-62.jpg\",\"products\\/product-67.jpg\"]'),(521,6,NULL,NULL,27,5.00,'Cool template. Excellent code quality. The support responds very quickly, which is very rare on themeforest and codecanyon.net, I buy a lot of templates, and everyone will have a response from technical support for two or three days. Thanks to tech support. I recommend to buy.','published','2024-11-20 02:45:51','2024-11-20 02:45:51','[\"products\\/product-41.jpg\",\"products\\/product-74.jpg\"]'),(524,5,NULL,NULL,28,3.00,'Ok good product. I have some issues in customizations. But its not correct to blame the developer. The product is good. Good luck for your business.','published','2024-11-20 02:45:51','2024-11-20 02:45:51','[\"products\\/product-68.jpg\"]'),(535,9,NULL,NULL,30,4.00,'Clean & perfect source code','published','2024-11-20 02:45:51','2024-11-20 02:45:51','[\"products\\/product-9.jpg\",\"products\\/product-29.jpg\"]'),(538,2,NULL,NULL,46,3.00,'Cool template. Excellent code quality. The support responds very quickly, which is very rare on themeforest and codecanyon.net, I buy a lot of templates, and everyone will have a response from technical support for two or three days. Thanks to tech support. I recommend to buy.','published','2024-11-20 02:45:51','2024-11-20 02:45:51','[\"products\\/product-44.jpg\"]'),(545,8,NULL,NULL,52,2.00,'The best ecommerce CMS! Excellent coding! best support service! Thank you so much..... I really like your hard work.','published','2024-11-20 02:45:51','2024-11-20 02:45:51','[\"products\\/product-23.jpg\"]'),(546,8,NULL,NULL,2,3.00,'Clean & perfect source code','published','2024-11-20 02:45:51','2024-11-20 02:45:51','[\"products\\/pla-product-04.jpg\",\"products\\/product-40.jpg\",\"products\\/product-57.jpg\",\"products\\/product-61.jpg\"]'),(547,2,NULL,NULL,36,3.00,'The best ecommerce CMS! Excellent coding! best support service! Thank you so much..... I really like your hard work.','published','2024-11-20 02:45:51','2024-11-20 02:45:51','[\"products\\/product-2.jpg\",\"products\\/product-5.jpg\",\"products\\/product-73.jpg\"]'),(548,9,NULL,NULL,60,4.00,'It\'s not my first experience here on Codecanyon and I can honestly tell you all that Botble puts a LOT of effort into the support. They answer so fast, they helped me tons of times. REALLY by far THE BEST EXPERIENCE on Codecanyon. Those guys at Botble are so good that they deserve 5 stars. I recommend them, I trust them and I can\'t wait to see what they will sell in a near future. Thank you Botble :)','published','2024-11-20 02:45:51','2024-11-20 02:45:51','[\"products\\/product-20.jpg\",\"products\\/product-35.jpg\",\"products\\/product-42.jpg\",\"products\\/product-63.jpg\"]'),(549,9,NULL,NULL,42,4.00,'Solution is too robust for our purpose so we didn\'t use it at the end. But I appreciate customer support during initial configuration.','published','2024-11-20 02:45:51','2024-11-20 02:45:51','[\"products\\/product-67.jpg\"]'),(550,2,NULL,NULL,71,4.00,'The code is good, in general, if you like it, can you give it 5 stars?','published','2024-11-20 02:45:51','2024-11-20 02:45:51','[\"products\\/product-35.jpg\",\"products\\/product-60.jpg\"]'),(552,5,NULL,NULL,27,2.00,'Cool template. Excellent code quality. The support responds very quickly, which is very rare on themeforest and codecanyon.net, I buy a lot of templates, and everyone will have a response from technical support for two or three days. Thanks to tech support. I recommend to buy.','published','2024-11-20 02:45:51','2024-11-20 02:45:51','[\"products\\/product-2.jpg\",\"products\\/product-40.jpg\",\"products\\/product-60.jpg\",\"products\\/product-70.jpg\"]'),(553,3,NULL,NULL,41,3.00,'The best store template! Excellent coding! Very good support! Thank you so much for all the help, I really appreciated.','published','2024-11-20 02:45:51','2024-11-20 02:45:51','[\"products\\/product-9.jpg\",\"products\\/product-49.jpg\",\"products\\/product-86.jpg\"]'),(559,5,NULL,NULL,31,2.00,'Perfect +++++++++ i love it really also i get to fast ticket answers... Thanks Lot BOTBLE Teams','published','2024-11-20 02:45:51','2024-11-20 02:45:51','[\"products\\/product-19.jpg\",\"products\\/product-87.jpg\",\"products\\/product-89.jpg\",\"products\\/product-91.jpg\"]'),(560,4,NULL,NULL,65,3.00,'Very enthusiastic support! Excellent code is written. It\'s a true pleasure working with.','published','2024-11-20 02:45:51','2024-11-20 02:45:51','[\"products\\/product-70.jpg\",\"products\\/product-71.jpg\",\"products\\/product-94.jpg\"]'),(561,7,NULL,NULL,47,5.00,'These guys are amazing! Responses immediately, amazing support and help... I immediately feel at ease after Purchasing..','published','2024-11-20 02:45:51','2024-11-20 02:45:51','[\"products\\/product-6.jpg\",\"products\\/product-15.jpg\",\"products\\/product-22.jpg\",\"products\\/product-43.jpg\"]'),(562,10,NULL,NULL,2,5.00,'Clean & perfect source code','published','2024-11-20 02:45:51','2024-11-20 02:45:51','[\"products\\/product-35.jpg\",\"products\\/product-71.jpg\"]'),(563,4,NULL,NULL,15,5.00,'Great system, great support, good job Botble. I\'m looking forward to more great functional plugins.','published','2024-11-20 02:45:51','2024-11-20 02:45:51','[\"products\\/product-70.jpg\"]'),(564,5,NULL,NULL,75,3.00,'Second or third time that I buy a Botble product, happy with the products and support. You guys do a good job :)','published','2024-11-20 02:45:51','2024-11-20 02:45:51','[\"products\\/product-3.jpg\",\"products\\/product-33.jpg\",\"products\\/product-56.jpg\"]'),(567,6,NULL,NULL,28,5.00,'Perfect +++++++++ i love it really also i get to fast ticket answers... Thanks Lot BOTBLE Teams','published','2024-11-20 02:45:51','2024-11-20 02:45:51','[\"products\\/pla-product-04.jpg\",\"products\\/product-9.jpg\",\"products\\/product-48.jpg\"]'),(569,7,NULL,NULL,52,5.00,'This script is well coded and is super fast. The support is pretty quick. Very patient and helpful team. I strongly recommend it and they deserve more than 5 stars.','published','2024-11-20 02:45:51','2024-11-20 02:45:51','[\"products\\/product-21.jpg\",\"products\\/product-55.jpg\",\"products\\/product-61.jpg\"]'),(570,2,NULL,NULL,19,4.00,'This script is well coded and is super fast. The support is pretty quick. Very patient and helpful team. I strongly recommend it and they deserve more than 5 stars.','published','2024-11-20 02:45:51','2024-11-20 02:45:51','[\"products\\/product-79.jpg\"]'),(572,3,NULL,NULL,63,5.00,'The code is good, in general, if you like it, can you give it 5 stars?','published','2024-11-20 02:45:51','2024-11-20 02:45:51','[\"products\\/pla-product-04.jpg\",\"products\\/product-32.jpg\"]'),(573,2,NULL,NULL,32,2.00,'I Love this Script. I also found how to add other fees. Now I just wait the BIG update for the Marketplace with the Bulk Import. Just do not forget to make it to be Multi-language for us the Botble Fans.','published','2024-11-20 02:45:51','2024-11-20 02:45:51','[\"products\\/product-2.jpg\",\"products\\/product-26.jpg\",\"products\\/product-85.jpg\",\"products\\/product-87.jpg\"]'),(575,10,NULL,NULL,66,1.00,'Customer Support are grade (A*), however the code is a way too over engineered for it\'s purpose.','published','2024-11-20 02:45:51','2024-11-20 02:45:51','[\"products\\/product-11.jpg\",\"products\\/product-22.jpg\",\"products\\/product-34.jpg\",\"products\\/product-91.jpg\"]'),(583,3,NULL,NULL,30,4.00,'Good app, good backup service and support. Good documentation.','published','2024-11-20 02:45:51','2024-11-20 02:45:51','[\"products\\/product-16.jpg\",\"products\\/product-27.jpg\",\"products\\/product-28.jpg\",\"products\\/product-43.jpg\"]'),(585,3,NULL,NULL,71,5.00,'Ok good product. I have some issues in customizations. But its not correct to blame the developer. The product is good. Good luck for your business.','published','2024-11-20 02:45:51','2024-11-20 02:45:51','[\"products\\/product-34.jpg\",\"products\\/product-38.jpg\",\"products\\/product-68.jpg\",\"products\\/product-73.jpg\"]'),(587,8,NULL,NULL,44,3.00,'Great system, great support, good job Botble. I\'m looking forward to more great functional plugins.','published','2024-11-20 02:45:51','2024-11-20 02:45:51','[\"products\\/pla-product-04.jpg\",\"products\\/product-9.jpg\",\"products\\/product-71.jpg\",\"products\\/product-83.jpg\"]'),(590,6,NULL,NULL,46,5.00,'Good app, good backup service and support. Good documentation.','published','2024-11-20 02:45:51','2024-11-20 02:45:51','[\"products\\/product-8.jpg\",\"products\\/product-32.jpg\",\"products\\/product-35.jpg\",\"products\\/product-94.jpg\"]'),(593,3,NULL,NULL,10,3.00,'These guys are amazing! Responses immediately, amazing support and help... I immediately feel at ease after Purchasing..','published','2024-11-20 02:45:51','2024-11-20 02:45:51','[\"products\\/product-80.jpg\"]'),(594,10,NULL,NULL,25,1.00,'As a developer I reviewed this script. This is really awesome ecommerce script. I have convinced when I noticed that it\'s built on fully WordPress concept.','published','2024-11-20 02:45:51','2024-11-20 02:45:51','[\"products\\/product-4.jpg\",\"products\\/product-90.jpg\"]'),(598,7,NULL,NULL,20,3.00,'Great system, great support, good job Botble. I\'m looking forward to more great functional plugins.','published','2024-11-20 02:45:51','2024-11-20 02:45:51','[\"products\\/product-25.jpg\",\"products\\/product-47.jpg\"]'),(599,8,NULL,NULL,45,1.00,'The script is the best of its class, fast, easy to implement and work with , and the most important thing is the great support team , Recommend with no doubt.','published','2024-11-20 02:45:51','2024-11-20 02:45:51','[\"products\\/product-24.jpg\",\"products\\/product-48.jpg\",\"products\\/product-52.jpg\",\"products\\/product-81.jpg\"]'),(600,2,NULL,NULL,17,5.00,'The best store template! Excellent coding! Very good support! Thank you so much for all the help, I really appreciated.','published','2024-11-20 02:45:51','2024-11-20 02:45:51','[\"products\\/product-4.jpg\",\"products\\/product-5.jpg\",\"products\\/product-41.jpg\",\"products\\/product-66.jpg\"]'),(602,7,NULL,NULL,26,5.00,'It\'s not my first experience here on Codecanyon and I can honestly tell you all that Botble puts a LOT of effort into the support. They answer so fast, they helped me tons of times. REALLY by far THE BEST EXPERIENCE on Codecanyon. Those guys at Botble are so good that they deserve 5 stars. I recommend them, I trust them and I can\'t wait to see what they will sell in a near future. Thank you Botble :)','published','2024-11-20 02:45:51','2024-11-20 02:45:51','[\"products\\/product-70.jpg\"]'),(604,1,NULL,NULL,74,1.00,'Ok good product. I have some issues in customizations. But its not correct to blame the developer. The product is good. Good luck for your business.','published','2024-11-20 02:45:51','2024-11-20 02:45:51','[\"products\\/pla-product-04.jpg\",\"products\\/product-45.jpg\",\"products\\/product-60.jpg\"]'),(605,1,NULL,NULL,44,4.00,'I Love this Script. I also found how to add other fees. Now I just wait the BIG update for the Marketplace with the Bulk Import. Just do not forget to make it to be Multi-language for us the Botble Fans.','published','2024-11-20 02:45:51','2024-11-20 02:45:51','[\"products\\/product-17.jpg\",\"products\\/product-18.jpg\",\"products\\/product-58.jpg\",\"products\\/product-92.jpg\"]'),(606,10,NULL,NULL,24,5.00,'Very enthusiastic support! Excellent code is written. It\'s a true pleasure working with.','published','2024-11-20 02:45:51','2024-11-20 02:45:51','[\"products\\/product-54.jpg\",\"products\\/product-72.jpg\",\"products\\/product-73.jpg\",\"products\\/product-92.jpg\"]'),(607,2,NULL,NULL,69,1.00,'Good app, good backup service and support. Good documentation.','published','2024-11-20 02:45:51','2024-11-20 02:45:51','[\"products\\/product-85.jpg\"]'),(608,2,NULL,NULL,41,1.00,'Great system, great support, good job Botble. I\'m looking forward to more great functional plugins.','published','2024-11-20 02:45:51','2024-11-20 02:45:51','[\"products\\/product-18.jpg\"]'),(611,8,NULL,NULL,11,3.00,'The script is the best of its class, fast, easy to implement and work with , and the most important thing is the great support team , Recommend with no doubt.','published','2024-11-20 02:45:51','2024-11-20 02:45:51','[\"products\\/product-28.jpg\",\"products\\/product-58.jpg\"]'),(612,8,NULL,NULL,1,4.00,'For me the best eCommerce script on Envato at this moment: modern, clean code, a lot of great features. The customer support is great too: I always get an answer within hours!','published','2024-11-20 02:45:51','2024-11-20 02:45:51','[\"products\\/product-13.jpg\"]'),(614,6,NULL,NULL,53,3.00,'Solution is too robust for our purpose so we didn\'t use it at the end. But I appreciate customer support during initial configuration.','published','2024-11-20 02:45:51','2024-11-20 02:45:51','[\"products\\/product-48.jpg\",\"products\\/product-58.jpg\",\"products\\/product-69.jpg\",\"products\\/product-91.jpg\"]'),(615,7,NULL,NULL,13,2.00,'The best store template! Excellent coding! Very good support! Thank you so much for all the help, I really appreciated.','published','2024-11-20 02:45:51','2024-11-20 02:45:51','[\"products\\/product-37.jpg\",\"products\\/product-67.jpg\"]'),(617,10,NULL,NULL,46,5.00,'The script is the best of its class, fast, easy to implement and work with , and the most important thing is the great support team , Recommend with no doubt.','published','2024-11-20 02:45:51','2024-11-20 02:45:51','[\"products\\/pla-product-04.jpg\",\"products\\/product-4.jpg\"]'),(619,5,NULL,NULL,46,5.00,'The code is good, in general, if you like it, can you give it 5 stars?','published','2024-11-20 02:45:51','2024-11-20 02:45:51','[\"products\\/product-10.jpg\",\"products\\/product-16.jpg\",\"products\\/product-28.jpg\",\"products\\/product-68.jpg\"]'),(620,8,NULL,NULL,20,1.00,'Amazing code, amazing support. Overall, im really confident in Botble and im happy I made the right choice! Thank you so much guys for coding this masterpiece','published','2024-11-20 02:45:51','2024-11-20 02:45:51','[\"products\\/product-24.jpg\",\"products\\/product-50.jpg\",\"products\\/product-57.jpg\",\"products\\/product-93.jpg\"]'),(622,9,NULL,NULL,28,2.00,'Cool template. Excellent code quality. The support responds very quickly, which is very rare on themeforest and codecanyon.net, I buy a lot of templates, and everyone will have a response from technical support for two or three days. Thanks to tech support. I recommend to buy.','published','2024-11-20 02:45:51','2024-11-20 02:45:51','[\"products\\/product-53.jpg\",\"products\\/product-62.jpg\",\"products\\/product-68.jpg\"]'),(626,1,NULL,NULL,65,3.00,'Perfect +++++++++ i love it really also i get to fast ticket answers... Thanks Lot BOTBLE Teams','published','2024-11-20 02:45:51','2024-11-20 02:45:51','[\"products\\/pla-product-04.jpg\",\"products\\/product-58.jpg\",\"products\\/product-73.jpg\"]'),(627,10,NULL,NULL,61,1.00,'We have received brilliant service support and will be expanding the features with the developer. Nice product!','published','2024-11-20 02:45:51','2024-11-20 02:45:51','[\"products\\/product-52.jpg\",\"products\\/product-54.jpg\"]'),(628,1,NULL,NULL,17,2.00,'I Love this Script. I also found how to add other fees. Now I just wait the BIG update for the Marketplace with the Bulk Import. Just do not forget to make it to be Multi-language for us the Botble Fans.','published','2024-11-20 02:45:51','2024-11-20 02:45:51','[\"products\\/pla-product-04.jpg\",\"products\\/product-40.jpg\",\"products\\/product-88.jpg\",\"products\\/product-89.jpg\"]'),(633,2,NULL,NULL,13,3.00,'Customer Support are grade (A*), however the code is a way too over engineered for it\'s purpose.','published','2024-11-20 02:45:51','2024-11-20 02:45:51','[\"products\\/product-4.jpg\",\"products\\/product-25.jpg\"]'),(637,10,NULL,NULL,19,2.00,'Good app, good backup service and support. Good documentation.','published','2024-11-20 02:45:51','2024-11-20 02:45:51','[\"products\\/product-73.jpg\",\"products\\/product-83.jpg\"]'),(638,2,NULL,NULL,20,5.00,'Ok good product. I have some issues in customizations. But its not correct to blame the developer. The product is good. Good luck for your business.','published','2024-11-20 02:45:51','2024-11-20 02:45:51','[\"products\\/product-30.jpg\",\"products\\/product-52.jpg\"]'),(639,6,NULL,NULL,67,1.00,'Best ecommerce CMS online store!','published','2024-11-20 02:45:51','2024-11-20 02:45:51','[\"products\\/product-40.jpg\",\"products\\/product-55.jpg\",\"products\\/product-65.jpg\",\"products\\/product-92.jpg\"]'),(643,5,NULL,NULL,42,4.00,'Very enthusiastic support! Excellent code is written. It\'s a true pleasure working with.','published','2024-11-20 02:45:51','2024-11-20 02:45:51','[\"products\\/product-95.jpg\"]'),(647,8,NULL,NULL,19,2.00,'Good app, good backup service and support. Good documentation.','published','2024-11-20 02:45:51','2024-11-20 02:45:51','[\"products\\/pla-product-01.jpg\",\"products\\/product-2.jpg\",\"products\\/product-87.jpg\",\"products\\/product-90.jpg\"]'),(649,3,NULL,NULL,68,5.00,'Cool template. Excellent code quality. The support responds very quickly, which is very rare on themeforest and codecanyon.net, I buy a lot of templates, and everyone will have a response from technical support for two or three days. Thanks to tech support. I recommend to buy.','published','2024-11-20 02:45:51','2024-11-20 02:45:51','[\"products\\/product-47.jpg\",\"products\\/product-80.jpg\"]'),(650,5,NULL,NULL,53,3.00,'Good app, good backup service and support. Good documentation.','published','2024-11-20 02:45:51','2024-11-20 02:45:51','[\"products\\/product-21.jpg\",\"products\\/product-44.jpg\"]'),(652,4,NULL,NULL,42,1.00,'As a developer I reviewed this script. This is really awesome ecommerce script. I have convinced when I noticed that it\'s built on fully WordPress concept.','published','2024-11-20 02:45:51','2024-11-20 02:45:51','[\"products\\/product-5.jpg\",\"products\\/product-40.jpg\",\"products\\/product-43.jpg\",\"products\\/product-67.jpg\"]'),(653,6,NULL,NULL,75,1.00,'Second or third time that I buy a Botble product, happy with the products and support. You guys do a good job :)','published','2024-11-20 02:45:51','2024-11-20 02:45:51','[\"products\\/product-63.jpg\"]'),(657,1,NULL,NULL,55,5.00,'Solution is too robust for our purpose so we didn\'t use it at the end. But I appreciate customer support during initial configuration.','published','2024-11-20 02:45:51','2024-11-20 02:45:51','[\"products\\/product-34.jpg\"]'),(662,3,NULL,NULL,69,2.00,'Best ecommerce CMS online store!','published','2024-11-20 02:45:51','2024-11-20 02:45:51','[\"products\\/product-18.jpg\",\"products\\/product-60.jpg\",\"products\\/product-75.jpg\"]'),(663,3,NULL,NULL,46,3.00,'The code is good, in general, if you like it, can you give it 5 stars?','published','2024-11-20 02:45:51','2024-11-20 02:45:51','[\"products\\/product-75.jpg\"]'),(664,3,NULL,NULL,58,3.00,'This web app is really good in design, code quality & features. Besides, the customer support provided by the Botble team was really fast & helpful. You guys are awesome!','published','2024-11-20 02:45:51','2024-11-20 02:45:51','[\"products\\/product-50.jpg\",\"products\\/product-80.jpg\"]'),(667,6,NULL,NULL,39,2.00,'I Love this Script. I also found how to add other fees. Now I just wait the BIG update for the Marketplace with the Bulk Import. Just do not forget to make it to be Multi-language for us the Botble Fans.','published','2024-11-20 02:45:51','2024-11-20 02:45:51','[\"products\\/product-15.jpg\"]'),(668,3,NULL,NULL,74,3.00,'Ok good product. I have some issues in customizations. But its not correct to blame the developer. The product is good. Good luck for your business.','published','2024-11-20 02:45:51','2024-11-20 02:45:51','[\"products\\/product-47.jpg\",\"products\\/product-58.jpg\",\"products\\/product-66.jpg\",\"products\\/product-84.jpg\"]'),(669,6,NULL,NULL,24,5.00,'The best ecommerce CMS! Excellent coding! best support service! Thank you so much..... I really like your hard work.','published','2024-11-20 02:45:51','2024-11-20 02:45:51','[\"products\\/product-89.jpg\"]'),(670,10,NULL,NULL,53,4.00,'Second or third time that I buy a Botble product, happy with the products and support. You guys do a good job :)','published','2024-11-20 02:45:51','2024-11-20 02:45:51','[\"products\\/product-39.jpg\",\"products\\/product-92.jpg\"]'),(671,5,NULL,NULL,15,5.00,'The best ecommerce CMS! Excellent coding! best support service! Thank you so much..... I really like your hard work.','published','2024-11-20 02:45:51','2024-11-20 02:45:51','[\"products\\/product-63.jpg\",\"products\\/product-70.jpg\"]'),(672,4,NULL,NULL,51,3.00,'For me the best eCommerce script on Envato at this moment: modern, clean code, a lot of great features. The customer support is great too: I always get an answer within hours!','published','2024-11-20 02:45:51','2024-11-20 02:45:51','[\"products\\/product-5.jpg\",\"products\\/product-25.jpg\",\"products\\/product-39.jpg\",\"products\\/product-92.jpg\"]'),(676,5,NULL,NULL,67,2.00,'It\'s not my first experience here on Codecanyon and I can honestly tell you all that Botble puts a LOT of effort into the support. They answer so fast, they helped me tons of times. REALLY by far THE BEST EXPERIENCE on Codecanyon. Those guys at Botble are so good that they deserve 5 stars. I recommend them, I trust them and I can\'t wait to see what they will sell in a near future. Thank you Botble :)','published','2024-11-20 02:45:51','2024-11-20 02:45:51','[\"products\\/product-73.jpg\"]'),(677,10,NULL,NULL,75,4.00,'It\'s not my first experience here on Codecanyon and I can honestly tell you all that Botble puts a LOT of effort into the support. They answer so fast, they helped me tons of times. REALLY by far THE BEST EXPERIENCE on Codecanyon. Those guys at Botble are so good that they deserve 5 stars. I recommend them, I trust them and I can\'t wait to see what they will sell in a near future. Thank you Botble :)','published','2024-11-20 02:45:51','2024-11-20 02:45:51','[\"products\\/product-57.jpg\"]'),(680,8,NULL,NULL,57,1.00,'Solution is too robust for our purpose so we didn\'t use it at the end. But I appreciate customer support during initial configuration.','published','2024-11-20 02:45:51','2024-11-20 02:45:51','[\"products\\/product-13.jpg\",\"products\\/product-14.jpg\",\"products\\/product-35.jpg\"]'),(683,5,NULL,NULL,25,2.00,'It\'s not my first experience here on Codecanyon and I can honestly tell you all that Botble puts a LOT of effort into the support. They answer so fast, they helped me tons of times. REALLY by far THE BEST EXPERIENCE on Codecanyon. Those guys at Botble are so good that they deserve 5 stars. I recommend them, I trust them and I can\'t wait to see what they will sell in a near future. Thank you Botble :)','published','2024-11-20 02:45:51','2024-11-20 02:45:51','[\"products\\/product-4.jpg\",\"products\\/product-19.jpg\",\"products\\/product-27.jpg\"]'),(685,9,NULL,NULL,47,2.00,'Cool template. Excellent code quality. The support responds very quickly, which is very rare on themeforest and codecanyon.net, I buy a lot of templates, and everyone will have a response from technical support for two or three days. Thanks to tech support. I recommend to buy.','published','2024-11-20 02:45:51','2024-11-20 02:45:51','[\"products\\/product-4.jpg\",\"products\\/product-23.jpg\",\"products\\/product-32.jpg\",\"products\\/product-68.jpg\"]'),(687,5,NULL,NULL,52,5.00,'Those guys now what they are doing, the release such a good product that it\'s a pleasure to work with ! Even when I was stuck on the project, I created a ticket and the next day it was replied by the team. GOOD JOB guys. I love working with them :)','published','2024-11-20 02:45:51','2024-11-20 02:45:51','[\"products\\/product-24.jpg\",\"products\\/product-69.jpg\"]'),(688,5,NULL,NULL,59,5.00,'These guys are amazing! Responses immediately, amazing support and help... I immediately feel at ease after Purchasing..','published','2024-11-20 02:45:51','2024-11-20 02:45:51','[\"products\\/product-49.jpg\",\"products\\/product-60.jpg\",\"products\\/product-70.jpg\"]'),(689,2,NULL,NULL,24,3.00,'Great system, great support, good job Botble. I\'m looking forward to more great functional plugins.','published','2024-11-20 02:45:51','2024-11-20 02:45:51','[\"products\\/product-10.jpg\"]'),(694,2,NULL,NULL,14,3.00,'The best ecommerce CMS! Excellent coding! best support service! Thank you so much..... I really like your hard work.','published','2024-11-20 02:45:51','2024-11-20 02:45:51','[\"products\\/product-73.jpg\"]'),(695,6,NULL,NULL,58,2.00,'Amazing code, amazing support. Overall, im really confident in Botble and im happy I made the right choice! Thank you so much guys for coding this masterpiece','published','2024-11-20 02:45:51','2024-11-20 02:45:51','[\"products\\/product-5.jpg\",\"products\\/product-6.jpg\",\"products\\/product-35.jpg\",\"products\\/product-40.jpg\"]'),(696,3,NULL,NULL,17,4.00,'As a developer I reviewed this script. This is really awesome ecommerce script. I have convinced when I noticed that it\'s built on fully WordPress concept.','published','2024-11-20 02:45:51','2024-11-20 02:45:51','[\"products\\/product-81.jpg\"]'),(697,9,NULL,NULL,54,3.00,'It\'s not my first experience here on Codecanyon and I can honestly tell you all that Botble puts a LOT of effort into the support. They answer so fast, they helped me tons of times. REALLY by far THE BEST EXPERIENCE on Codecanyon. Those guys at Botble are so good that they deserve 5 stars. I recommend them, I trust them and I can\'t wait to see what they will sell in a near future. Thank you Botble :)','published','2024-11-20 02:45:51','2024-11-20 02:45:51','[\"products\\/product-21.jpg\",\"products\\/product-63.jpg\"]'),(701,7,NULL,NULL,23,1.00,'Second or third time that I buy a Botble product, happy with the products and support. You guys do a good job :)','published','2024-11-20 02:45:51','2024-11-20 02:45:51','[\"products\\/product-8.jpg\",\"products\\/product-28.jpg\",\"products\\/product-82.jpg\"]'),(703,9,NULL,NULL,9,1.00,'The script is the best of its class, fast, easy to implement and work with , and the most important thing is the great support team , Recommend with no doubt.','published','2024-11-20 02:45:51','2024-11-20 02:45:51','[\"products\\/product-4.jpg\"]'),(706,4,NULL,NULL,75,5.00,'For me the best eCommerce script on Envato at this moment: modern, clean code, a lot of great features. The customer support is great too: I always get an answer within hours!','published','2024-11-20 02:45:51','2024-11-20 02:45:51','[\"products\\/product-6.jpg\",\"products\\/product-11.jpg\",\"products\\/product-85.jpg\"]'),(707,7,NULL,NULL,5,5.00,'The code is good, in general, if you like it, can you give it 5 stars?','published','2024-11-20 02:45:51','2024-11-20 02:45:51','[\"products\\/product-16.jpg\",\"products\\/product-58.jpg\"]'),(711,2,NULL,NULL,68,2.00,'The best store template! Excellent coding! Very good support! Thank you so much for all the help, I really appreciated.','published','2024-11-20 02:45:51','2024-11-20 02:45:51','[\"products\\/product-43.jpg\"]'),(713,9,NULL,NULL,71,5.00,'Customer Support are grade (A*), however the code is a way too over engineered for it\'s purpose.','published','2024-11-20 02:45:51','2024-11-20 02:45:51','[\"products\\/product-8.jpg\",\"products\\/product-19.jpg\",\"products\\/product-50.jpg\"]'),(727,5,NULL,NULL,50,4.00,'Perfect +++++++++ i love it really also i get to fast ticket answers... Thanks Lot BOTBLE Teams','published','2024-11-20 02:45:51','2024-11-20 02:45:51','[\"products\\/product-20.jpg\",\"products\\/product-32.jpg\",\"products\\/product-61.jpg\"]'),(733,1,NULL,NULL,26,3.00,'I Love this Script. I also found how to add other fees. Now I just wait the BIG update for the Marketplace with the Bulk Import. Just do not forget to make it to be Multi-language for us the Botble Fans.','published','2024-11-20 02:45:51','2024-11-20 02:45:51','[\"products\\/product-79.jpg\"]'),(734,9,NULL,NULL,33,1.00,'This web app is really good in design, code quality & features. Besides, the customer support provided by the Botble team was really fast & helpful. You guys are awesome!','published','2024-11-20 02:45:51','2024-11-20 02:45:51','[\"products\\/pla-product-03.jpg\",\"products\\/product-52.jpg\",\"products\\/product-84.jpg\"]'),(736,10,NULL,NULL,52,2.00,'For me the best eCommerce script on Envato at this moment: modern, clean code, a lot of great features. The customer support is great too: I always get an answer within hours!','published','2024-11-20 02:45:51','2024-11-20 02:45:51','[\"products\\/product-7.jpg\",\"products\\/product-14.jpg\"]'),(739,8,NULL,NULL,5,4.00,'The code is good, in general, if you like it, can you give it 5 stars?','published','2024-11-20 02:45:51','2024-11-20 02:45:51','[\"products\\/product-11.jpg\",\"products\\/product-25.jpg\",\"products\\/product-26.jpg\",\"products\\/product-82.jpg\"]'),(740,10,NULL,NULL,18,1.00,'Perfect +++++++++ i love it really also i get to fast ticket answers... Thanks Lot BOTBLE Teams','published','2024-11-20 02:45:51','2024-11-20 02:45:51','[\"products\\/product-26.jpg\",\"products\\/product-29.jpg\",\"products\\/product-69.jpg\",\"products\\/product-95.jpg\"]'),(743,8,NULL,NULL,6,2.00,'This web app is really good in design, code quality & features. Besides, the customer support provided by the Botble team was really fast & helpful. You guys are awesome!','published','2024-11-20 02:45:51','2024-11-20 02:45:51','[\"products\\/product-18.jpg\",\"products\\/product-25.jpg\",\"products\\/product-78.jpg\"]'),(744,1,NULL,NULL,71,2.00,'Perfect +++++++++ i love it really also i get to fast ticket answers... Thanks Lot BOTBLE Teams','published','2024-11-20 02:45:51','2024-11-20 02:45:51','[\"products\\/product-66.jpg\",\"products\\/product-91.jpg\"]'),(751,10,NULL,NULL,23,5.00,'Perfect +++++++++ i love it really also i get to fast ticket answers... Thanks Lot BOTBLE Teams','published','2024-11-20 02:45:51','2024-11-20 02:45:51','[\"products\\/product-25.jpg\",\"products\\/product-85.jpg\"]'),(756,5,NULL,NULL,68,2.00,'Clean & perfect source code','published','2024-11-20 02:45:51','2024-11-20 02:45:51','[\"products\\/product-2.jpg\",\"products\\/product-49.jpg\",\"products\\/product-55.jpg\",\"products\\/product-82.jpg\"]'),(760,2,NULL,NULL,49,1.00,'The script is the best of its class, fast, easy to implement and work with , and the most important thing is the great support team , Recommend with no doubt.','published','2024-11-20 02:45:51','2024-11-20 02:45:51','[\"products\\/product-9.jpg\",\"products\\/product-38.jpg\",\"products\\/product-76.jpg\"]'),(765,7,NULL,NULL,25,4.00,'Solution is too robust for our purpose so we didn\'t use it at the end. But I appreciate customer support during initial configuration.','published','2024-11-20 02:45:51','2024-11-20 02:45:51','[\"products\\/product-1.jpg\",\"products\\/product-43.jpg\",\"products\\/product-53.jpg\",\"products\\/product-78.jpg\"]'),(767,10,NULL,NULL,43,2.00,'Great E-commerce system. And much more : Wonderful Customer Support.','published','2024-11-20 02:45:51','2024-11-20 02:45:51','[\"products\\/product-33.jpg\",\"products\\/product-51.jpg\"]'),(770,2,NULL,NULL,27,1.00,'This web app is really good in design, code quality & features. Besides, the customer support provided by the Botble team was really fast & helpful. You guys are awesome!','published','2024-11-20 02:45:51','2024-11-20 02:45:51','[\"products\\/product-29.jpg\"]'),(771,1,NULL,NULL,35,1.00,'Very enthusiastic support! Excellent code is written. It\'s a true pleasure working with.','published','2024-11-20 02:45:51','2024-11-20 02:45:51','[\"products\\/pla-product-04.jpg\",\"products\\/product-2.jpg\",\"products\\/product-86.jpg\",\"products\\/product-89.jpg\"]'),(778,3,NULL,NULL,67,2.00,'These guys are amazing! Responses immediately, amazing support and help... I immediately feel at ease after Purchasing..','published','2024-11-20 02:45:51','2024-11-20 02:45:51','[\"products\\/product-64.jpg\",\"products\\/product-79.jpg\",\"products\\/product-82.jpg\"]'),(781,6,NULL,NULL,20,1.00,'As a developer I reviewed this script. This is really awesome ecommerce script. I have convinced when I noticed that it\'s built on fully WordPress concept.','published','2024-11-20 02:45:51','2024-11-20 02:45:51','[\"products\\/product-16.jpg\",\"products\\/product-27.jpg\",\"products\\/product-57.jpg\",\"products\\/product-89.jpg\"]'),(783,4,NULL,NULL,4,1.00,'Those guys now what they are doing, the release such a good product that it\'s a pleasure to work with ! Even when I was stuck on the project, I created a ticket and the next day it was replied by the team. GOOD JOB guys. I love working with them :)','published','2024-11-20 02:45:51','2024-11-20 02:45:51','[\"products\\/product-15.jpg\",\"products\\/product-93.jpg\"]'),(785,9,NULL,NULL,68,4.00,'I Love this Script. I also found how to add other fees. Now I just wait the BIG update for the Marketplace with the Bulk Import. Just do not forget to make it to be Multi-language for us the Botble Fans.','published','2024-11-20 02:45:51','2024-11-20 02:45:51','[\"products\\/product-27.jpg\",\"products\\/product-60.jpg\",\"products\\/product-91.jpg\"]'),(788,3,NULL,NULL,39,2.00,'Ok good product. I have some issues in customizations. But its not correct to blame the developer. The product is good. Good luck for your business.','published','2024-11-20 02:45:51','2024-11-20 02:45:51','[\"products\\/product-45.jpg\",\"products\\/product-69.jpg\",\"products\\/product-78.jpg\",\"products\\/product-90.jpg\"]'),(789,1,NULL,NULL,58,2.00,'These guys are amazing! Responses immediately, amazing support and help... I immediately feel at ease after Purchasing..','published','2024-11-20 02:45:51','2024-11-20 02:45:51','[\"products\\/pla-product-01.jpg\",\"products\\/product-3.jpg\",\"products\\/product-53.jpg\",\"products\\/product-56.jpg\"]'),(804,8,NULL,NULL,10,2.00,'Very enthusiastic support! Excellent code is written. It\'s a true pleasure working with.','published','2024-11-20 02:45:51','2024-11-20 02:45:51','[\"products\\/product-1.jpg\",\"products\\/product-27.jpg\",\"products\\/product-44.jpg\",\"products\\/product-92.jpg\"]'),(806,4,NULL,NULL,35,5.00,'I Love this Script. I also found how to add other fees. Now I just wait the BIG update for the Marketplace with the Bulk Import. Just do not forget to make it to be Multi-language for us the Botble Fans.','published','2024-11-20 02:45:51','2024-11-20 02:45:51','[\"products\\/pla-product-03.jpg\",\"products\\/product-42.jpg\",\"products\\/product-54.jpg\",\"products\\/product-90.jpg\"]'),(807,10,NULL,NULL,29,3.00,'We have received brilliant service support and will be expanding the features with the developer. Nice product!','published','2024-11-20 02:45:51','2024-11-20 02:45:51','[\"products\\/product-60.jpg\",\"products\\/product-84.jpg\",\"products\\/product-91.jpg\",\"products\\/product-93.jpg\"]'),(809,4,NULL,NULL,62,2.00,'The best store template! Excellent coding! Very good support! Thank you so much for all the help, I really appreciated.','published','2024-11-20 02:45:51','2024-11-20 02:45:51','[\"products\\/pla-product-03.jpg\",\"products\\/product-15.jpg\",\"products\\/product-29.jpg\",\"products\\/product-95.jpg\"]'),(814,1,NULL,NULL,48,2.00,'The script is the best of its class, fast, easy to implement and work with , and the most important thing is the great support team , Recommend with no doubt.','published','2024-11-20 02:45:51','2024-11-20 02:45:51','[\"products\\/product-5.jpg\",\"products\\/product-24.jpg\",\"products\\/product-60.jpg\",\"products\\/product-64.jpg\"]'),(815,2,NULL,NULL,47,3.00,'Amazing code, amazing support. Overall, im really confident in Botble and im happy I made the right choice! Thank you so much guys for coding this masterpiece','published','2024-11-20 02:45:51','2024-11-20 02:45:51','[\"products\\/product-32.jpg\",\"products\\/product-63.jpg\",\"products\\/product-84.jpg\",\"products\\/product-89.jpg\"]'),(816,7,NULL,NULL,3,4.00,'Clean & perfect source code','published','2024-11-20 02:45:51','2024-11-20 02:45:51','[\"products\\/product-57.jpg\",\"products\\/product-88.jpg\"]'),(818,2,NULL,NULL,11,1.00,'The best ecommerce CMS! Excellent coding! best support service! Thank you so much..... I really like your hard work.','published','2024-11-20 02:45:51','2024-11-20 02:45:51','[\"products\\/product-48.jpg\",\"products\\/product-57.jpg\",\"products\\/product-62.jpg\",\"products\\/product-82.jpg\"]'),(820,2,NULL,NULL,55,3.00,'Perfect +++++++++ i love it really also i get to fast ticket answers... Thanks Lot BOTBLE Teams','published','2024-11-20 02:45:51','2024-11-20 02:45:51','[\"products\\/product-36.jpg\",\"products\\/product-75.jpg\"]'),(823,4,NULL,NULL,5,4.00,'The best store template! Excellent coding! Very good support! Thank you so much for all the help, I really appreciated.','published','2024-11-20 02:45:51','2024-11-20 02:45:51','[\"products\\/product-28.jpg\",\"products\\/product-47.jpg\",\"products\\/product-72.jpg\"]'),(825,3,NULL,NULL,23,4.00,'Solution is too robust for our purpose so we didn\'t use it at the end. But I appreciate customer support during initial configuration.','published','2024-11-20 02:45:51','2024-11-20 02:45:51','[\"products\\/product-20.jpg\",\"products\\/product-45.jpg\",\"products\\/product-62.jpg\",\"products\\/product-75.jpg\"]'),(826,7,NULL,NULL,62,1.00,'Clean & perfect source code','published','2024-11-20 02:45:51','2024-11-20 02:45:51','[\"products\\/product-26.jpg\",\"products\\/product-33.jpg\",\"products\\/product-53.jpg\"]'),(828,5,NULL,NULL,37,5.00,'This script is well coded and is super fast. The support is pretty quick. Very patient and helpful team. I strongly recommend it and they deserve more than 5 stars.','published','2024-11-20 02:45:51','2024-11-20 02:45:51','[\"products\\/product-33.jpg\",\"products\\/product-58.jpg\"]'),(830,6,NULL,NULL,26,1.00,'We have received brilliant service support and will be expanding the features with the developer. Nice product!','published','2024-11-20 02:45:51','2024-11-20 02:45:51','[\"products\\/product-41.jpg\",\"products\\/product-76.jpg\"]'),(832,6,NULL,NULL,42,1.00,'Best ecommerce CMS online store!','published','2024-11-20 02:45:51','2024-11-20 02:45:51','[\"products\\/pla-product-04.jpg\",\"products\\/product-41.jpg\",\"products\\/product-86.jpg\",\"products\\/product-95.jpg\"]'),(836,1,NULL,NULL,33,1.00,'This web app is really good in design, code quality & features. Besides, the customer support provided by the Botble team was really fast & helpful. You guys are awesome!','published','2024-11-20 02:45:51','2024-11-20 02:45:51','[\"products\\/product-24.jpg\",\"products\\/product-29.jpg\",\"products\\/product-40.jpg\",\"products\\/product-43.jpg\"]'),(837,7,NULL,NULL,51,4.00,'We have received brilliant service support and will be expanding the features with the developer. Nice product!','published','2024-11-20 02:45:51','2024-11-20 02:45:51','[\"products\\/product-18.jpg\",\"products\\/product-40.jpg\",\"products\\/product-61.jpg\",\"products\\/product-86.jpg\"]'),(840,2,NULL,NULL,56,5.00,'These guys are amazing! Responses immediately, amazing support and help... I immediately feel at ease after Purchasing..','published','2024-11-20 02:45:51','2024-11-20 02:45:51','[\"products\\/product-7.jpg\",\"products\\/product-51.jpg\"]'),(843,9,NULL,NULL,10,3.00,'Solution is too robust for our purpose so we didn\'t use it at the end. But I appreciate customer support during initial configuration.','published','2024-11-20 02:45:51','2024-11-20 02:45:51','[\"products\\/product-9.jpg\",\"products\\/product-72.jpg\"]'),(845,10,NULL,NULL,30,1.00,'The script is the best of its class, fast, easy to implement and work with , and the most important thing is the great support team , Recommend with no doubt.','published','2024-11-20 02:45:51','2024-11-20 02:45:51','[\"products\\/product-79.jpg\",\"products\\/product-92.jpg\"]'),(852,6,NULL,NULL,3,3.00,'The best store template! Excellent coding! Very good support! Thank you so much for all the help, I really appreciated.','published','2024-11-20 02:45:51','2024-11-20 02:45:51','[\"products\\/product-45.jpg\",\"products\\/product-74.jpg\",\"products\\/product-89.jpg\"]'),(854,10,NULL,NULL,36,4.00,'Second or third time that I buy a Botble product, happy with the products and support. You guys do a good job :)','published','2024-11-20 02:45:51','2024-11-20 02:45:51','[\"products\\/product-18.jpg\",\"products\\/product-72.jpg\"]'),(859,6,NULL,NULL,68,5.00,'The best ecommerce CMS! Excellent coding! best support service! Thank you so much..... I really like your hard work.','published','2024-11-20 02:45:51','2024-11-20 02:45:51','[\"products\\/product-14.jpg\",\"products\\/product-46.jpg\",\"products\\/product-51.jpg\",\"products\\/product-86.jpg\"]'),(862,3,NULL,NULL,8,2.00,'Perfect +++++++++ i love it really also i get to fast ticket answers... Thanks Lot BOTBLE Teams','published','2024-11-20 02:45:51','2024-11-20 02:45:51','[\"products\\/product-39.jpg\",\"products\\/product-40.jpg\",\"products\\/product-64.jpg\",\"products\\/product-89.jpg\"]'),(864,8,NULL,NULL,25,5.00,'Great system, great support, good job Botble. I\'m looking forward to more great functional plugins.','published','2024-11-20 02:45:51','2024-11-20 02:45:51','[\"products\\/pla-product-02.jpg\",\"products\\/product-4.jpg\",\"products\\/product-35.jpg\",\"products\\/product-54.jpg\"]'),(865,2,NULL,NULL,33,1.00,'Best ecommerce CMS online store!','published','2024-11-20 02:45:51','2024-11-20 02:45:51','[\"products\\/product-1.jpg\"]'),(866,8,NULL,NULL,67,1.00,'Amazing code, amazing support. Overall, im really confident in Botble and im happy I made the right choice! Thank you so much guys for coding this masterpiece','published','2024-11-20 02:45:51','2024-11-20 02:45:51','[\"products\\/product-31.jpg\",\"products\\/product-49.jpg\"]'),(869,2,NULL,NULL,45,2.00,'Clean & perfect source code','published','2024-11-20 02:45:51','2024-11-20 02:45:51','[\"products\\/product-7.jpg\",\"products\\/product-55.jpg\",\"products\\/product-58.jpg\"]'),(872,1,NULL,NULL,54,2.00,'Those guys now what they are doing, the release such a good product that it\'s a pleasure to work with ! Even when I was stuck on the project, I created a ticket and the next day it was replied by the team. GOOD JOB guys. I love working with them :)','published','2024-11-20 02:45:51','2024-11-20 02:45:51','[\"products\\/product-23.jpg\",\"products\\/product-27.jpg\",\"products\\/product-52.jpg\",\"products\\/product-62.jpg\"]'),(875,9,NULL,NULL,45,2.00,'Amazing code, amazing support. Overall, im really confident in Botble and im happy I made the right choice! Thank you so much guys for coding this masterpiece','published','2024-11-20 02:45:51','2024-11-20 02:45:51','[\"products\\/product-23.jpg\",\"products\\/product-24.jpg\",\"products\\/product-42.jpg\",\"products\\/product-51.jpg\"]'),(878,3,NULL,NULL,40,4.00,'We have received brilliant service support and will be expanding the features with the developer. Nice product!','published','2024-11-20 02:45:51','2024-11-20 02:45:51','[\"products\\/product-6.jpg\",\"products\\/product-45.jpg\",\"products\\/product-85.jpg\"]'),(883,1,NULL,NULL,61,4.00,'Amazing code, amazing support. Overall, im really confident in Botble and im happy I made the right choice! Thank you so much guys for coding this masterpiece','published','2024-11-20 02:45:51','2024-11-20 02:45:51','[\"products\\/product-11.jpg\",\"products\\/product-25.jpg\",\"products\\/product-28.jpg\"]'),(889,4,NULL,NULL,38,4.00,'It\'s not my first experience here on Codecanyon and I can honestly tell you all that Botble puts a LOT of effort into the support. They answer so fast, they helped me tons of times. REALLY by far THE BEST EXPERIENCE on Codecanyon. Those guys at Botble are so good that they deserve 5 stars. I recommend them, I trust them and I can\'t wait to see what they will sell in a near future. Thank you Botble :)','published','2024-11-20 02:45:51','2024-11-20 02:45:51','[\"products\\/product-9.jpg\",\"products\\/product-17.jpg\"]'),(891,6,NULL,NULL,36,5.00,'Great E-commerce system. And much more : Wonderful Customer Support.','published','2024-11-20 02:45:51','2024-11-20 02:45:51','[\"products\\/product-28.jpg\",\"products\\/product-30.jpg\",\"products\\/product-31.jpg\",\"products\\/product-34.jpg\"]'),(899,8,NULL,NULL,58,3.00,'For me the best eCommerce script on Envato at this moment: modern, clean code, a lot of great features. The customer support is great too: I always get an answer within hours!','published','2024-11-20 02:45:51','2024-11-20 02:45:51','[\"products\\/product-3.jpg\"]'),(900,2,NULL,NULL,9,1.00,'Good app, good backup service and support. Good documentation.','published','2024-11-20 02:45:51','2024-11-20 02:45:51','[\"products\\/product-27.jpg\",\"products\\/product-67.jpg\"]'),(909,10,NULL,NULL,38,5.00,'Amazing code, amazing support. Overall, im really confident in Botble and im happy I made the right choice! Thank you so much guys for coding this masterpiece','published','2024-11-20 02:45:51','2024-11-20 02:45:51','[\"products\\/product-22.jpg\",\"products\\/product-41.jpg\",\"products\\/product-42.jpg\",\"products\\/product-73.jpg\"]'),(915,4,NULL,NULL,2,1.00,'These guys are amazing! Responses immediately, amazing support and help... I immediately feel at ease after Purchasing..','published','2024-11-20 02:45:51','2024-11-20 02:45:51','[\"products\\/product-15.jpg\",\"products\\/product-78.jpg\",\"products\\/product-91.jpg\"]'),(917,3,NULL,NULL,27,1.00,'Those guys now what they are doing, the release such a good product that it\'s a pleasure to work with ! Even when I was stuck on the project, I created a ticket and the next day it was replied by the team. GOOD JOB guys. I love working with them :)','published','2024-11-20 02:45:51','2024-11-20 02:45:51','[\"products\\/product-68.jpg\"]'),(922,4,NULL,NULL,19,2.00,'This web app is really good in design, code quality & features. Besides, the customer support provided by the Botble team was really fast & helpful. You guys are awesome!','published','2024-11-20 02:45:51','2024-11-20 02:45:51','[\"products\\/product-55.jpg\",\"products\\/product-57.jpg\",\"products\\/product-59.jpg\",\"products\\/product-75.jpg\"]'),(923,3,NULL,NULL,3,4.00,'Great E-commerce system. And much more : Wonderful Customer Support.','published','2024-11-20 02:45:51','2024-11-20 02:45:51','[\"products\\/pla-product-01.jpg\",\"products\\/product-51.jpg\",\"products\\/product-75.jpg\"]'),(927,4,NULL,NULL,47,3.00,'These guys are amazing! Responses immediately, amazing support and help... I immediately feel at ease after Purchasing..','published','2024-11-20 02:45:51','2024-11-20 02:45:51','[\"products\\/pla-product-04.jpg\",\"products\\/product-17.jpg\",\"products\\/product-74.jpg\"]'),(937,4,NULL,NULL,72,2.00,'Clean & perfect source code','published','2024-11-20 02:45:51','2024-11-20 02:45:51','[\"products\\/product-6.jpg\",\"products\\/product-69.jpg\"]'),(938,3,NULL,NULL,1,2.00,'For me the best eCommerce script on Envato at this moment: modern, clean code, a lot of great features. The customer support is great too: I always get an answer within hours!','published','2024-11-20 02:45:51','2024-11-20 02:45:51','[\"products\\/product-55.jpg\",\"products\\/product-59.jpg\",\"products\\/product-66.jpg\"]'),(939,8,NULL,NULL,42,4.00,'Amazing code, amazing support. Overall, im really confident in Botble and im happy I made the right choice! Thank you so much guys for coding this masterpiece','published','2024-11-20 02:45:51','2024-11-20 02:45:51','[\"products\\/pla-product-01.jpg\",\"products\\/product-6.jpg\",\"products\\/product-21.jpg\",\"products\\/product-29.jpg\"]'),(941,5,NULL,NULL,13,1.00,'For me the best eCommerce script on Envato at this moment: modern, clean code, a lot of great features. The customer support is great too: I always get an answer within hours!','published','2024-11-20 02:45:51','2024-11-20 02:45:51','[\"products\\/product-42.jpg\",\"products\\/product-43.jpg\",\"products\\/product-51.jpg\"]'),(942,1,NULL,NULL,41,4.00,'We have received brilliant service support and will be expanding the features with the developer. Nice product!','published','2024-11-20 02:45:51','2024-11-20 02:45:51','[\"products\\/product-38.jpg\",\"products\\/product-46.jpg\",\"products\\/product-60.jpg\"]'),(946,10,NULL,NULL,40,5.00,'The code is good, in general, if you like it, can you give it 5 stars?','published','2024-11-20 02:45:51','2024-11-20 02:45:51','[\"products\\/product-61.jpg\",\"products\\/product-74.jpg\"]'),(947,7,NULL,NULL,33,3.00,'Customer Support are grade (A*), however the code is a way too over engineered for it\'s purpose.','published','2024-11-20 02:45:51','2024-11-20 02:45:51','[\"products\\/product-92.jpg\"]'),(954,2,NULL,NULL,72,1.00,'For me the best eCommerce script on Envato at this moment: modern, clean code, a lot of great features. The customer support is great too: I always get an answer within hours!','published','2024-11-20 02:45:51','2024-11-20 02:45:51','[\"products\\/product-14.jpg\",\"products\\/product-82.jpg\"]'),(955,3,NULL,NULL,61,1.00,'Great E-commerce system. And much more : Wonderful Customer Support.','published','2024-11-20 02:45:51','2024-11-20 02:45:51','[\"products\\/product-2.jpg\"]'),(956,1,NULL,NULL,16,4.00,'Best ecommerce CMS online store!','published','2024-11-20 02:45:51','2024-11-20 02:45:51','[\"products\\/product-23.jpg\",\"products\\/product-29.jpg\",\"products\\/product-39.jpg\",\"products\\/product-71.jpg\"]'),(960,5,NULL,NULL,74,5.00,'Customer Support are grade (A*), however the code is a way too over engineered for it\'s purpose.','published','2024-11-20 02:45:51','2024-11-20 02:45:51','[\"products\\/pla-product-03.jpg\",\"products\\/pla-product-04.jpg\",\"products\\/product-44.jpg\"]'),(962,7,NULL,NULL,17,4.00,'Great system, great support, good job Botble. I\'m looking forward to more great functional plugins.','published','2024-11-20 02:45:51','2024-11-20 02:45:51','[\"products\\/product-4.jpg\",\"products\\/product-23.jpg\"]'),(966,4,NULL,NULL,36,1.00,'We have received brilliant service support and will be expanding the features with the developer. Nice product!','published','2024-11-20 02:45:51','2024-11-20 02:45:51','[\"products\\/product-5.jpg\",\"products\\/product-83.jpg\"]'),(967,7,NULL,NULL,58,5.00,'Customer Support are grade (A*), however the code is a way too over engineered for it\'s purpose.','published','2024-11-20 02:45:51','2024-11-20 02:45:51','[\"products\\/product-89.jpg\"]'),(969,8,NULL,NULL,30,3.00,'We have received brilliant service support and will be expanding the features with the developer. Nice product!','published','2024-11-20 02:45:51','2024-11-20 02:45:51','[\"products\\/product-19.jpg\",\"products\\/product-87.jpg\"]'),(972,10,NULL,NULL,39,5.00,'Those guys now what they are doing, the release such a good product that it\'s a pleasure to work with ! Even when I was stuck on the project, I created a ticket and the next day it was replied by the team. GOOD JOB guys. I love working with them :)','published','2024-11-20 02:45:51','2024-11-20 02:45:51','[\"products\\/product-74.jpg\"]'),(973,9,NULL,NULL,11,1.00,'This web app is really good in design, code quality & features. Besides, the customer support provided by the Botble team was really fast & helpful. You guys are awesome!','published','2024-11-20 02:45:51','2024-11-20 02:45:51','[\"products\\/product-60.jpg\",\"products\\/product-78.jpg\"]'),(975,1,NULL,NULL,64,2.00,'I Love this Script. I also found how to add other fees. Now I just wait the BIG update for the Marketplace with the Bulk Import. Just do not forget to make it to be Multi-language for us the Botble Fans.','published','2024-11-20 02:45:51','2024-11-20 02:45:51','[\"products\\/product-1.jpg\",\"products\\/product-36.jpg\",\"products\\/product-47.jpg\",\"products\\/product-95.jpg\"]'),(976,10,NULL,NULL,11,4.00,'Customer Support are grade (A*), however the code is a way too over engineered for it\'s purpose.','published','2024-11-20 02:45:51','2024-11-20 02:45:51','[\"products\\/product-35.jpg\",\"products\\/product-43.jpg\",\"products\\/product-84.jpg\"]'),(981,6,NULL,NULL,9,3.00,'Second or third time that I buy a Botble product, happy with the products and support. You guys do a good job :)','published','2024-11-20 02:45:51','2024-11-20 02:45:51','[\"products\\/product-22.jpg\",\"products\\/product-67.jpg\",\"products\\/product-89.jpg\",\"products\\/product-93.jpg\"]'),(983,4,NULL,NULL,50,5.00,'The code is good, in general, if you like it, can you give it 5 stars?','published','2024-11-20 02:45:51','2024-11-20 02:45:51','[\"products\\/product-13.jpg\",\"products\\/product-71.jpg\",\"products\\/product-89.jpg\",\"products\\/product-92.jpg\"]'),(986,2,NULL,NULL,38,4.00,'Those guys now what they are doing, the release such a good product that it\'s a pleasure to work with ! Even when I was stuck on the project, I created a ticket and the next day it was replied by the team. GOOD JOB guys. I love working with them :)','published','2024-11-20 02:45:51','2024-11-20 02:45:51','[\"products\\/product-13.jpg\",\"products\\/product-71.jpg\"]'),(991,8,NULL,NULL,70,2.00,'Perfect +++++++++ i love it really also i get to fast ticket answers... Thanks Lot BOTBLE Teams','published','2024-11-20 02:45:51','2024-11-20 02:45:51','[\"products\\/product-20.jpg\",\"products\\/product-29.jpg\"]'),(996,2,NULL,NULL,30,3.00,'We have received brilliant service support and will be expanding the features with the developer. Nice product!','published','2024-11-20 02:45:51','2024-11-20 02:45:51','[\"products\\/product-25.jpg\"]');
/*!40000 ALTER TABLE `ec_reviews` ENABLE KEYS */;
UNLOCK TABLES;

--
-- Table structure for table `ec_shared_wishlists`
--

DROP TABLE IF EXISTS `ec_shared_wishlists`;
/*!40101 SET @saved_cs_client     = @@character_set_client */;
/*!40101 SET character_set_client = utf8 */;
CREATE TABLE `ec_shared_wishlists` (
  `id` bigint unsigned NOT NULL AUTO_INCREMENT,
  `code` varchar(191) COLLATE utf8mb4_unicode_ci NOT NULL,
  `product_ids` text COLLATE utf8mb4_unicode_ci,
  `created_at` timestamp NULL DEFAULT NULL,
  `updated_at` timestamp NULL DEFAULT NULL,
  PRIMARY KEY (`id`),
  UNIQUE KEY `ec_shared_wishlists_code_unique` (`code`)
) ENGINE=InnoDB DEFAULT CHARSET=utf8mb4 COLLATE=utf8mb4_unicode_ci;
/*!40101 SET character_set_client = @saved_cs_client */;

--
-- Dumping data for table `ec_shared_wishlists`
--

LOCK TABLES `ec_shared_wishlists` WRITE;
/*!40000 ALTER TABLE `ec_shared_wishlists` DISABLE KEYS */;
/*!40000 ALTER TABLE `ec_shared_wishlists` ENABLE KEYS */;
UNLOCK TABLES;

--
-- Table structure for table `ec_shipment_histories`
--

DROP TABLE IF EXISTS `ec_shipment_histories`;
/*!40101 SET @saved_cs_client     = @@character_set_client */;
/*!40101 SET character_set_client = utf8 */;
CREATE TABLE `ec_shipment_histories` (
  `id` bigint unsigned NOT NULL AUTO_INCREMENT,
  `action` varchar(120) COLLATE utf8mb4_unicode_ci NOT NULL,
  `description` varchar(400) COLLATE utf8mb4_unicode_ci DEFAULT NULL,
  `user_id` bigint unsigned DEFAULT NULL,
  `shipment_id` bigint unsigned NOT NULL,
  `order_id` bigint unsigned NOT NULL,
  `created_at` timestamp NULL DEFAULT NULL,
  `updated_at` timestamp NULL DEFAULT NULL,
  `user_type` varchar(191) COLLATE utf8mb4_unicode_ci NOT NULL DEFAULT 'Botble\\ACL\\Models\\User',
  PRIMARY KEY (`id`)
) ENGINE=InnoDB DEFAULT CHARSET=utf8mb4 COLLATE=utf8mb4_unicode_ci;
/*!40101 SET character_set_client = @saved_cs_client */;

--
-- Dumping data for table `ec_shipment_histories`
--

LOCK TABLES `ec_shipment_histories` WRITE;
/*!40000 ALTER TABLE `ec_shipment_histories` DISABLE KEYS */;
/*!40000 ALTER TABLE `ec_shipment_histories` ENABLE KEYS */;
UNLOCK TABLES;

--
-- Table structure for table `ec_shipments`
--

DROP TABLE IF EXISTS `ec_shipments`;
/*!40101 SET @saved_cs_client     = @@character_set_client */;
/*!40101 SET character_set_client = utf8 */;
CREATE TABLE `ec_shipments` (
  `id` bigint unsigned NOT NULL AUTO_INCREMENT,
  `order_id` bigint unsigned NOT NULL,
  `user_id` bigint unsigned DEFAULT NULL,
  `weight` double(8,2) DEFAULT '0.00',
  `shipment_id` varchar(120) COLLATE utf8mb4_unicode_ci DEFAULT NULL,
  `rate_id` varchar(120) COLLATE utf8mb4_unicode_ci DEFAULT NULL,
  `note` varchar(120) COLLATE utf8mb4_unicode_ci DEFAULT NULL,
  `status` varchar(120) COLLATE utf8mb4_unicode_ci NOT NULL DEFAULT 'pending',
  `cod_amount` decimal(15,2) DEFAULT '0.00',
  `cod_status` varchar(60) COLLATE utf8mb4_unicode_ci NOT NULL DEFAULT 'pending',
  `cross_checking_status` varchar(60) COLLATE utf8mb4_unicode_ci NOT NULL DEFAULT 'pending',
  `price` decimal(15,2) DEFAULT '0.00',
  `store_id` bigint unsigned DEFAULT NULL,
  `created_at` timestamp NULL DEFAULT NULL,
  `updated_at` timestamp NULL DEFAULT NULL,
  `tracking_id` varchar(191) COLLATE utf8mb4_unicode_ci DEFAULT NULL,
  `shipping_company_name` varchar(191) COLLATE utf8mb4_unicode_ci DEFAULT NULL,
  `tracking_link` varchar(191) COLLATE utf8mb4_unicode_ci DEFAULT NULL,
  `estimate_date_shipped` datetime DEFAULT NULL,
  `date_shipped` datetime DEFAULT NULL,
  `customer_delivered_confirmed_at` timestamp NULL DEFAULT NULL,
  `label_url` text COLLATE utf8mb4_unicode_ci,
  `metadata` mediumtext COLLATE utf8mb4_unicode_ci,
  PRIMARY KEY (`id`)
) ENGINE=InnoDB DEFAULT CHARSET=utf8mb4 COLLATE=utf8mb4_unicode_ci;
/*!40101 SET character_set_client = @saved_cs_client */;

--
-- Dumping data for table `ec_shipments`
--

LOCK TABLES `ec_shipments` WRITE;
/*!40000 ALTER TABLE `ec_shipments` DISABLE KEYS */;
/*!40000 ALTER TABLE `ec_shipments` ENABLE KEYS */;
UNLOCK TABLES;

--
-- Table structure for table `ec_shipping`
--

DROP TABLE IF EXISTS `ec_shipping`;
/*!40101 SET @saved_cs_client     = @@character_set_client */;
/*!40101 SET character_set_client = utf8 */;
CREATE TABLE `ec_shipping` (
  `id` bigint unsigned NOT NULL AUTO_INCREMENT,
  `title` varchar(191) COLLATE utf8mb4_unicode_ci DEFAULT NULL,
  `country` varchar(120) COLLATE utf8mb4_unicode_ci DEFAULT NULL,
  `created_at` timestamp NULL DEFAULT NULL,
  `updated_at` timestamp NULL DEFAULT NULL,
  PRIMARY KEY (`id`)
) ENGINE=InnoDB AUTO_INCREMENT=2 DEFAULT CHARSET=utf8mb4 COLLATE=utf8mb4_unicode_ci;
/*!40101 SET character_set_client = @saved_cs_client */;

--
-- Dumping data for table `ec_shipping`
--

LOCK TABLES `ec_shipping` WRITE;
/*!40000 ALTER TABLE `ec_shipping` DISABLE KEYS */;
INSERT INTO `ec_shipping` VALUES (1,'All',NULL,'2024-11-20 02:45:35','2024-11-20 02:45:35');
/*!40000 ALTER TABLE `ec_shipping` ENABLE KEYS */;
UNLOCK TABLES;

--
-- Table structure for table `ec_shipping_rule_items`
--

DROP TABLE IF EXISTS `ec_shipping_rule_items`;
/*!40101 SET @saved_cs_client     = @@character_set_client */;
/*!40101 SET character_set_client = utf8 */;
CREATE TABLE `ec_shipping_rule_items` (
  `id` bigint unsigned NOT NULL AUTO_INCREMENT,
  `shipping_rule_id` bigint unsigned NOT NULL,
  `country` varchar(120) COLLATE utf8mb4_unicode_ci DEFAULT NULL,
  `state` varchar(120) COLLATE utf8mb4_unicode_ci DEFAULT NULL,
  `city` varchar(120) COLLATE utf8mb4_unicode_ci DEFAULT NULL,
  `zip_code` varchar(20) COLLATE utf8mb4_unicode_ci DEFAULT NULL,
  `adjustment_price` decimal(15,2) DEFAULT '0.00',
  `is_enabled` tinyint(1) NOT NULL DEFAULT '1',
  `created_at` timestamp NULL DEFAULT NULL,
  `updated_at` timestamp NULL DEFAULT NULL,
  PRIMARY KEY (`id`)
) ENGINE=InnoDB DEFAULT CHARSET=utf8mb4 COLLATE=utf8mb4_unicode_ci;
/*!40101 SET character_set_client = @saved_cs_client */;

--
-- Dumping data for table `ec_shipping_rule_items`
--

LOCK TABLES `ec_shipping_rule_items` WRITE;
/*!40000 ALTER TABLE `ec_shipping_rule_items` DISABLE KEYS */;
/*!40000 ALTER TABLE `ec_shipping_rule_items` ENABLE KEYS */;
UNLOCK TABLES;

--
-- Table structure for table `ec_shipping_rules`
--

DROP TABLE IF EXISTS `ec_shipping_rules`;
/*!40101 SET @saved_cs_client     = @@character_set_client */;
/*!40101 SET character_set_client = utf8 */;
CREATE TABLE `ec_shipping_rules` (
  `id` bigint unsigned NOT NULL AUTO_INCREMENT,
  `name` varchar(120) COLLATE utf8mb4_unicode_ci NOT NULL,
  `shipping_id` bigint unsigned NOT NULL,
  `type` varchar(24) COLLATE utf8mb4_unicode_ci DEFAULT 'based_on_price',
  `from` decimal(15,2) DEFAULT '0.00',
  `to` decimal(15,2) DEFAULT '0.00',
  `price` decimal(15,2) DEFAULT '0.00',
  `created_at` timestamp NULL DEFAULT NULL,
  `updated_at` timestamp NULL DEFAULT NULL,
  PRIMARY KEY (`id`)
) ENGINE=InnoDB AUTO_INCREMENT=4 DEFAULT CHARSET=utf8mb4 COLLATE=utf8mb4_unicode_ci;
/*!40101 SET character_set_client = @saved_cs_client */;

--
-- Dumping data for table `ec_shipping_rules`
--

LOCK TABLES `ec_shipping_rules` WRITE;
/*!40000 ALTER TABLE `ec_shipping_rules` DISABLE KEYS */;
INSERT INTO `ec_shipping_rules` VALUES (1,'Free delivery',1,'based_on_price',1000.00,NULL,0.00,'2024-11-20 02:45:35','2024-11-20 02:45:35'),(2,'Flat Rate',1,'based_on_price',0.00,NULL,20.00,'2024-11-20 02:45:35','2024-11-20 02:45:35'),(3,'Local Pickup',1,'based_on_price',0.00,NULL,0.00,'2024-11-20 02:45:35','2024-11-20 02:45:35');
/*!40000 ALTER TABLE `ec_shipping_rules` ENABLE KEYS */;
UNLOCK TABLES;

--
-- Table structure for table `ec_specification_attributes`
--

DROP TABLE IF EXISTS `ec_specification_attributes`;
/*!40101 SET @saved_cs_client     = @@character_set_client */;
/*!40101 SET character_set_client = utf8 */;
CREATE TABLE `ec_specification_attributes` (
  `id` bigint unsigned NOT NULL AUTO_INCREMENT,
  `group_id` bigint unsigned NOT NULL,
  `name` varchar(191) COLLATE utf8mb4_unicode_ci NOT NULL,
  `type` varchar(20) COLLATE utf8mb4_unicode_ci NOT NULL,
  `options` text COLLATE utf8mb4_unicode_ci,
  `default_value` varchar(191) COLLATE utf8mb4_unicode_ci DEFAULT NULL,
  `created_at` timestamp NULL DEFAULT NULL,
  `updated_at` timestamp NULL DEFAULT NULL,
  `author_type` varchar(191) COLLATE utf8mb4_unicode_ci DEFAULT NULL,
  `author_id` bigint unsigned DEFAULT NULL,
  PRIMARY KEY (`id`),
  KEY `ec_specification_attributes_author_type_author_id_index` (`author_type`,`author_id`)
) ENGINE=InnoDB AUTO_INCREMENT=9 DEFAULT CHARSET=utf8mb4 COLLATE=utf8mb4_unicode_ci;
/*!40101 SET character_set_client = @saved_cs_client */;

--
-- Dumping data for table `ec_specification_attributes`
--

LOCK TABLES `ec_specification_attributes` WRITE;
/*!40000 ALTER TABLE `ec_specification_attributes` DISABLE KEYS */;
INSERT INTO `ec_specification_attributes` VALUES (1,1,'Height','text',NULL,NULL,'2024-11-20 02:45:47','2024-11-20 02:45:47',NULL,NULL),(2,1,'Width','text',NULL,NULL,'2024-11-20 02:45:47','2024-11-20 02:45:47',NULL,NULL),(3,1,'Weight','text',NULL,NULL,'2024-11-20 02:45:47','2024-11-20 02:45:47',NULL,NULL),(4,2,'Power','text',NULL,NULL,'2024-11-20 02:45:47','2024-11-20 02:45:47',NULL,NULL),(5,2,'Speed','text',NULL,NULL,'2024-11-20 02:45:47','2024-11-20 02:45:47',NULL,NULL),(6,3,'Battery Life','text',NULL,NULL,'2024-11-20 02:45:47','2024-11-20 02:45:47',NULL,NULL),(7,4,'Screen Size','text',NULL,NULL,'2024-11-20 02:45:47','2024-11-20 02:45:47',NULL,NULL),(8,4,'Resolution','select','[\"1920x1080\",\"2560x1440\",\"3840x2160\"]',NULL,'2024-11-20 02:45:47','2024-11-20 02:45:47',NULL,NULL);
/*!40000 ALTER TABLE `ec_specification_attributes` ENABLE KEYS */;
UNLOCK TABLES;

--
-- Table structure for table `ec_specification_attributes_translations`
--

DROP TABLE IF EXISTS `ec_specification_attributes_translations`;
/*!40101 SET @saved_cs_client     = @@character_set_client */;
/*!40101 SET character_set_client = utf8 */;
CREATE TABLE `ec_specification_attributes_translations` (
  `lang_code` varchar(20) COLLATE utf8mb4_unicode_ci NOT NULL,
  `ec_specification_attributes_id` bigint unsigned NOT NULL,
  `name` varchar(191) COLLATE utf8mb4_unicode_ci DEFAULT NULL,
  `options` text COLLATE utf8mb4_unicode_ci,
  `default_value` varchar(191) COLLATE utf8mb4_unicode_ci DEFAULT NULL,
  PRIMARY KEY (`lang_code`,`ec_specification_attributes_id`)
) ENGINE=InnoDB DEFAULT CHARSET=utf8mb4 COLLATE=utf8mb4_unicode_ci;
/*!40101 SET character_set_client = @saved_cs_client */;

--
-- Dumping data for table `ec_specification_attributes_translations`
--

LOCK TABLES `ec_specification_attributes_translations` WRITE;
/*!40000 ALTER TABLE `ec_specification_attributes_translations` DISABLE KEYS */;
/*!40000 ALTER TABLE `ec_specification_attributes_translations` ENABLE KEYS */;
UNLOCK TABLES;

--
-- Table structure for table `ec_specification_groups`
--

DROP TABLE IF EXISTS `ec_specification_groups`;
/*!40101 SET @saved_cs_client     = @@character_set_client */;
/*!40101 SET character_set_client = utf8 */;
CREATE TABLE `ec_specification_groups` (
  `id` bigint unsigned NOT NULL AUTO_INCREMENT,
  `name` varchar(191) COLLATE utf8mb4_unicode_ci NOT NULL,
  `description` varchar(400) COLLATE utf8mb4_unicode_ci DEFAULT NULL,
  `created_at` timestamp NULL DEFAULT NULL,
  `updated_at` timestamp NULL DEFAULT NULL,
  `author_type` varchar(191) COLLATE utf8mb4_unicode_ci DEFAULT NULL,
  `author_id` bigint unsigned DEFAULT NULL,
  PRIMARY KEY (`id`),
  KEY `ec_specification_groups_author_type_author_id_index` (`author_type`,`author_id`)
) ENGINE=InnoDB AUTO_INCREMENT=5 DEFAULT CHARSET=utf8mb4 COLLATE=utf8mb4_unicode_ci;
/*!40101 SET character_set_client = @saved_cs_client */;

--
-- Dumping data for table `ec_specification_groups`
--

LOCK TABLES `ec_specification_groups` WRITE;
/*!40000 ALTER TABLE `ec_specification_groups` DISABLE KEYS */;
INSERT INTO `ec_specification_groups` VALUES (1,'Dimensions',NULL,'2024-11-20 02:45:47','2024-11-20 02:45:47',NULL,NULL),(2,'Performance',NULL,'2024-11-20 02:45:47','2024-11-20 02:45:47',NULL,NULL),(3,'Battery',NULL,'2024-11-20 02:45:47','2024-11-20 02:45:47',NULL,NULL),(4,'Display',NULL,'2024-11-20 02:45:47','2024-11-20 02:45:47',NULL,NULL);
/*!40000 ALTER TABLE `ec_specification_groups` ENABLE KEYS */;
UNLOCK TABLES;

--
-- Table structure for table `ec_specification_table_group`
--

DROP TABLE IF EXISTS `ec_specification_table_group`;
/*!40101 SET @saved_cs_client     = @@character_set_client */;
/*!40101 SET character_set_client = utf8 */;
CREATE TABLE `ec_specification_table_group` (
  `table_id` bigint unsigned NOT NULL,
  `group_id` bigint unsigned NOT NULL,
  `order` tinyint NOT NULL DEFAULT '0',
  PRIMARY KEY (`table_id`,`group_id`)
) ENGINE=InnoDB DEFAULT CHARSET=utf8mb4 COLLATE=utf8mb4_unicode_ci;
/*!40101 SET character_set_client = @saved_cs_client */;

--
-- Dumping data for table `ec_specification_table_group`
--

LOCK TABLES `ec_specification_table_group` WRITE;
/*!40000 ALTER TABLE `ec_specification_table_group` DISABLE KEYS */;
INSERT INTO `ec_specification_table_group` VALUES (1,1,0),(1,2,0),(2,3,0),(2,4,0);
/*!40000 ALTER TABLE `ec_specification_table_group` ENABLE KEYS */;
UNLOCK TABLES;

--
-- Table structure for table `ec_specification_tables`
--

DROP TABLE IF EXISTS `ec_specification_tables`;
/*!40101 SET @saved_cs_client     = @@character_set_client */;
/*!40101 SET character_set_client = utf8 */;
CREATE TABLE `ec_specification_tables` (
  `id` bigint unsigned NOT NULL AUTO_INCREMENT,
  `name` varchar(191) COLLATE utf8mb4_unicode_ci NOT NULL,
  `description` varchar(400) COLLATE utf8mb4_unicode_ci DEFAULT NULL,
  `created_at` timestamp NULL DEFAULT NULL,
  `updated_at` timestamp NULL DEFAULT NULL,
  `author_type` varchar(191) COLLATE utf8mb4_unicode_ci DEFAULT NULL,
  `author_id` bigint unsigned DEFAULT NULL,
  PRIMARY KEY (`id`),
  KEY `ec_specification_tables_author_type_author_id_index` (`author_type`,`author_id`)
) ENGINE=InnoDB AUTO_INCREMENT=3 DEFAULT CHARSET=utf8mb4 COLLATE=utf8mb4_unicode_ci;
/*!40101 SET character_set_client = @saved_cs_client */;

--
-- Dumping data for table `ec_specification_tables`
--

LOCK TABLES `ec_specification_tables` WRITE;
/*!40000 ALTER TABLE `ec_specification_tables` DISABLE KEYS */;
INSERT INTO `ec_specification_tables` VALUES (1,'General Specification',NULL,'2024-11-20 02:45:47','2024-11-20 02:45:47',NULL,NULL),(2,'Technical Specification',NULL,'2024-11-20 02:45:47','2024-11-20 02:45:47',NULL,NULL);
/*!40000 ALTER TABLE `ec_specification_tables` ENABLE KEYS */;
UNLOCK TABLES;

--
-- Table structure for table `ec_store_locators`
--

DROP TABLE IF EXISTS `ec_store_locators`;
/*!40101 SET @saved_cs_client     = @@character_set_client */;
/*!40101 SET character_set_client = utf8 */;
CREATE TABLE `ec_store_locators` (
  `id` bigint unsigned NOT NULL AUTO_INCREMENT,
  `name` varchar(60) COLLATE utf8mb4_unicode_ci NOT NULL,
  `email` varchar(60) COLLATE utf8mb4_unicode_ci DEFAULT NULL,
  `phone` varchar(20) COLLATE utf8mb4_unicode_ci NOT NULL,
  `address` varchar(191) COLLATE utf8mb4_unicode_ci NOT NULL,
  `country` varchar(120) COLLATE utf8mb4_unicode_ci DEFAULT NULL,
  `state` varchar(120) COLLATE utf8mb4_unicode_ci DEFAULT NULL,
  `city` varchar(120) COLLATE utf8mb4_unicode_ci DEFAULT NULL,
  `is_primary` tinyint(1) DEFAULT '0',
  `is_shipping_location` tinyint(1) DEFAULT '1',
  `created_at` timestamp NULL DEFAULT NULL,
  `updated_at` timestamp NULL DEFAULT NULL,
  `zip_code` varchar(20) COLLATE utf8mb4_unicode_ci DEFAULT NULL,
  PRIMARY KEY (`id`)
) ENGINE=InnoDB DEFAULT CHARSET=utf8mb4 COLLATE=utf8mb4_unicode_ci;
/*!40101 SET character_set_client = @saved_cs_client */;

--
-- Dumping data for table `ec_store_locators`
--

LOCK TABLES `ec_store_locators` WRITE;
/*!40000 ALTER TABLE `ec_store_locators` DISABLE KEYS */;
/*!40000 ALTER TABLE `ec_store_locators` ENABLE KEYS */;
UNLOCK TABLES;

--
-- Table structure for table `ec_tax_products`
--

DROP TABLE IF EXISTS `ec_tax_products`;
/*!40101 SET @saved_cs_client     = @@character_set_client */;
/*!40101 SET character_set_client = utf8 */;
CREATE TABLE `ec_tax_products` (
  `tax_id` bigint unsigned NOT NULL,
  `product_id` bigint unsigned NOT NULL,
  PRIMARY KEY (`product_id`,`tax_id`),
  KEY `ec_tax_products_tax_id_index` (`tax_id`),
  KEY `ec_tax_products_product_id_index` (`product_id`)
) ENGINE=InnoDB DEFAULT CHARSET=utf8mb4 COLLATE=utf8mb4_unicode_ci;
/*!40101 SET character_set_client = @saved_cs_client */;

--
-- Dumping data for table `ec_tax_products`
--

LOCK TABLES `ec_tax_products` WRITE;
/*!40000 ALTER TABLE `ec_tax_products` DISABLE KEYS */;
INSERT INTO `ec_tax_products` VALUES (1,1),(1,2),(1,3),(1,4),(1,5),(1,6),(1,7),(1,8),(1,9),(1,10),(1,11),(1,12),(1,13),(1,14),(1,15),(1,16),(1,17),(1,18),(1,19),(1,20),(1,21),(1,22),(1,23),(1,24),(1,25),(1,26),(1,27),(1,28),(1,29),(1,30),(1,31),(1,32),(1,33),(1,34),(1,35),(1,36),(1,37),(1,38),(1,39),(1,40),(1,41),(1,42),(1,43),(1,44),(1,45),(1,46),(1,47),(1,48),(1,49),(1,50),(1,51),(1,52),(1,53),(1,54),(1,55),(1,56),(1,57),(1,58),(1,59),(1,60),(1,61),(1,62),(1,63),(1,64),(1,65),(1,66),(1,67),(1,68),(1,69),(1,70),(1,71),(1,72),(1,73),(1,74),(1,75);
/*!40000 ALTER TABLE `ec_tax_products` ENABLE KEYS */;
UNLOCK TABLES;

--
-- Table structure for table `ec_tax_rules`
--

DROP TABLE IF EXISTS `ec_tax_rules`;
/*!40101 SET @saved_cs_client     = @@character_set_client */;
/*!40101 SET character_set_client = utf8 */;
CREATE TABLE `ec_tax_rules` (
  `id` bigint unsigned NOT NULL AUTO_INCREMENT,
  `tax_id` bigint unsigned NOT NULL,
  `country` varchar(120) COLLATE utf8mb4_unicode_ci DEFAULT NULL,
  `state` varchar(120) COLLATE utf8mb4_unicode_ci DEFAULT NULL,
  `city` varchar(120) COLLATE utf8mb4_unicode_ci DEFAULT NULL,
  `zip_code` varchar(20) COLLATE utf8mb4_unicode_ci DEFAULT NULL,
  `priority` int DEFAULT NULL,
  `is_enabled` tinyint(1) NOT NULL DEFAULT '1',
  `created_at` timestamp NULL DEFAULT NULL,
  `updated_at` timestamp NULL DEFAULT NULL,
  `percentage` double(8,6) DEFAULT NULL,
  PRIMARY KEY (`id`)
) ENGINE=InnoDB DEFAULT CHARSET=utf8mb4 COLLATE=utf8mb4_unicode_ci;
/*!40101 SET character_set_client = @saved_cs_client */;

--
-- Dumping data for table `ec_tax_rules`
--

LOCK TABLES `ec_tax_rules` WRITE;
/*!40000 ALTER TABLE `ec_tax_rules` DISABLE KEYS */;
/*!40000 ALTER TABLE `ec_tax_rules` ENABLE KEYS */;
UNLOCK TABLES;

--
-- Table structure for table `ec_taxes`
--

DROP TABLE IF EXISTS `ec_taxes`;
/*!40101 SET @saved_cs_client     = @@character_set_client */;
/*!40101 SET character_set_client = utf8 */;
CREATE TABLE `ec_taxes` (
  `id` bigint unsigned NOT NULL AUTO_INCREMENT,
  `title` varchar(191) COLLATE utf8mb4_unicode_ci DEFAULT NULL,
  `percentage` double(8,6) DEFAULT NULL,
  `priority` int DEFAULT NULL,
  `status` varchar(60) COLLATE utf8mb4_unicode_ci NOT NULL DEFAULT 'published',
  `created_at` timestamp NULL DEFAULT NULL,
  `updated_at` timestamp NULL DEFAULT NULL,
  PRIMARY KEY (`id`)
) ENGINE=InnoDB AUTO_INCREMENT=4 DEFAULT CHARSET=utf8mb4 COLLATE=utf8mb4_unicode_ci;
/*!40101 SET character_set_client = @saved_cs_client */;

--
-- Dumping data for table `ec_taxes`
--

LOCK TABLES `ec_taxes` WRITE;
/*!40000 ALTER TABLE `ec_taxes` DISABLE KEYS */;
INSERT INTO `ec_taxes` VALUES (1,'VAT',10.000000,1,'published','2024-11-20 02:45:37','2024-11-20 02:45:37'),(2,'None',0.000000,2,'published','2024-11-20 02:45:37','2024-11-20 02:45:37'),(3,'Import Tax',15.000000,3,'published','2024-11-20 02:45:37','2024-11-20 02:45:37');
/*!40000 ALTER TABLE `ec_taxes` ENABLE KEYS */;
UNLOCK TABLES;

--
-- Table structure for table `ec_wish_lists`
--

DROP TABLE IF EXISTS `ec_wish_lists`;
/*!40101 SET @saved_cs_client     = @@character_set_client */;
/*!40101 SET character_set_client = utf8 */;
CREATE TABLE `ec_wish_lists` (
  `customer_id` bigint unsigned NOT NULL,
  `product_id` bigint unsigned NOT NULL,
  `created_at` timestamp NULL DEFAULT NULL,
  `updated_at` timestamp NULL DEFAULT NULL,
  PRIMARY KEY (`customer_id`,`product_id`),
  KEY `wishlist_relation_index` (`product_id`,`customer_id`)
) ENGINE=InnoDB DEFAULT CHARSET=utf8mb4 COLLATE=utf8mb4_unicode_ci;
/*!40101 SET character_set_client = @saved_cs_client */;

--
-- Dumping data for table `ec_wish_lists`
--

LOCK TABLES `ec_wish_lists` WRITE;
/*!40000 ALTER TABLE `ec_wish_lists` DISABLE KEYS */;
/*!40000 ALTER TABLE `ec_wish_lists` ENABLE KEYS */;
UNLOCK TABLES;

--
-- Table structure for table `failed_jobs`
--

DROP TABLE IF EXISTS `failed_jobs`;
/*!40101 SET @saved_cs_client     = @@character_set_client */;
/*!40101 SET character_set_client = utf8 */;
CREATE TABLE `failed_jobs` (
  `id` bigint unsigned NOT NULL AUTO_INCREMENT,
  `uuid` varchar(191) COLLATE utf8mb4_unicode_ci NOT NULL,
  `connection` text COLLATE utf8mb4_unicode_ci NOT NULL,
  `queue` text COLLATE utf8mb4_unicode_ci NOT NULL,
  `payload` longtext COLLATE utf8mb4_unicode_ci NOT NULL,
  `exception` longtext COLLATE utf8mb4_unicode_ci NOT NULL,
  `failed_at` timestamp NOT NULL DEFAULT CURRENT_TIMESTAMP,
  PRIMARY KEY (`id`),
  UNIQUE KEY `failed_jobs_uuid_unique` (`uuid`)
) ENGINE=InnoDB DEFAULT CHARSET=utf8mb4 COLLATE=utf8mb4_unicode_ci;
/*!40101 SET character_set_client = @saved_cs_client */;

--
-- Dumping data for table `failed_jobs`
--

LOCK TABLES `failed_jobs` WRITE;
/*!40000 ALTER TABLE `failed_jobs` DISABLE KEYS */;
/*!40000 ALTER TABLE `failed_jobs` ENABLE KEYS */;
UNLOCK TABLES;

--
-- Table structure for table `faq_categories`
--

DROP TABLE IF EXISTS `faq_categories`;
/*!40101 SET @saved_cs_client     = @@character_set_client */;
/*!40101 SET character_set_client = utf8 */;
CREATE TABLE `faq_categories` (
  `id` bigint unsigned NOT NULL AUTO_INCREMENT,
  `name` varchar(120) COLLATE utf8mb4_unicode_ci NOT NULL,
  `order` tinyint NOT NULL DEFAULT '0',
  `status` varchar(60) COLLATE utf8mb4_unicode_ci NOT NULL DEFAULT 'published',
  `created_at` timestamp NULL DEFAULT NULL,
  `updated_at` timestamp NULL DEFAULT NULL,
  `description` varchar(400) COLLATE utf8mb4_unicode_ci DEFAULT NULL,
  PRIMARY KEY (`id`)
) ENGINE=InnoDB AUTO_INCREMENT=4 DEFAULT CHARSET=utf8mb4 COLLATE=utf8mb4_unicode_ci;
/*!40101 SET character_set_client = @saved_cs_client */;

--
-- Dumping data for table `faq_categories`
--

LOCK TABLES `faq_categories` WRITE;
/*!40000 ALTER TABLE `faq_categories` DISABLE KEYS */;
INSERT INTO `faq_categories` VALUES (1,'Ordering Process',0,'published','2024-11-20 02:45:37','2024-11-20 02:45:37',NULL),(2,'Product Returns',1,'published','2024-11-20 02:45:37','2024-11-20 02:45:37',NULL),(3,'Product Availability',2,'published','2024-11-20 02:45:37','2024-11-20 02:45:37',NULL);
/*!40000 ALTER TABLE `faq_categories` ENABLE KEYS */;
UNLOCK TABLES;

--
-- Table structure for table `faq_categories_translations`
--

DROP TABLE IF EXISTS `faq_categories_translations`;
/*!40101 SET @saved_cs_client     = @@character_set_client */;
/*!40101 SET character_set_client = utf8 */;
CREATE TABLE `faq_categories_translations` (
  `lang_code` varchar(20) COLLATE utf8mb4_unicode_ci NOT NULL,
  `faq_categories_id` bigint unsigned NOT NULL,
  `name` varchar(120) COLLATE utf8mb4_unicode_ci DEFAULT NULL,
  PRIMARY KEY (`lang_code`,`faq_categories_id`)
) ENGINE=InnoDB DEFAULT CHARSET=utf8mb4 COLLATE=utf8mb4_unicode_ci;
/*!40101 SET character_set_client = @saved_cs_client */;

--
-- Dumping data for table `faq_categories_translations`
--

LOCK TABLES `faq_categories_translations` WRITE;
/*!40000 ALTER TABLE `faq_categories_translations` DISABLE KEYS */;
/*!40000 ALTER TABLE `faq_categories_translations` ENABLE KEYS */;
UNLOCK TABLES;

--
-- Table structure for table `faqs`
--

DROP TABLE IF EXISTS `faqs`;
/*!40101 SET @saved_cs_client     = @@character_set_client */;
/*!40101 SET character_set_client = utf8 */;
CREATE TABLE `faqs` (
  `id` bigint unsigned NOT NULL AUTO_INCREMENT,
  `question` text COLLATE utf8mb4_unicode_ci NOT NULL,
  `answer` text COLLATE utf8mb4_unicode_ci NOT NULL,
  `category_id` bigint unsigned NOT NULL,
  `status` varchar(60) COLLATE utf8mb4_unicode_ci NOT NULL DEFAULT 'published',
  `created_at` timestamp NULL DEFAULT NULL,
  `updated_at` timestamp NULL DEFAULT NULL,
  PRIMARY KEY (`id`)
) ENGINE=InnoDB AUTO_INCREMENT=13 DEFAULT CHARSET=utf8mb4 COLLATE=utf8mb4_unicode_ci;
/*!40101 SET character_set_client = @saved_cs_client */;

--
-- Dumping data for table `faqs`
--

LOCK TABLES `faqs` WRITE;
/*!40000 ALTER TABLE `faqs` DISABLE KEYS */;
INSERT INTO `faqs` VALUES (1,'How do I place an order?','To place an order, navigate to the product page, select the desired options, and click the \"Add to Cart\" button.',2,'published','2024-11-20 02:45:37','2024-11-20 02:45:37'),(2,'What are the shipping options?','We offer standard and expedited shipping options. Shipping costs and delivery times vary based on your location and chosen shipping method.',1,'published','2024-11-20 02:45:37','2024-11-20 02:45:37'),(3,'How can I return a product?','If you are not satisfied with your purchase, you can initiate a return within 30 days of receiving the product. Contact our customer service for further instructions.',1,'published','2024-11-20 02:45:37','2024-11-20 02:45:37'),(4,'What payment methods do you accept?','We accept major credit cards, PayPal, and other secure payment methods.',2,'published','2024-11-20 02:45:37','2024-11-20 02:45:37'),(5,'How can I update my account information?','Log in to your account and go to the \"Account Settings\" page to update your information, including your password and shipping address.',1,'published','2024-11-20 02:45:37','2024-11-20 02:45:37'),(6,'Are there any ongoing promotions or discounts?','Check our \"Promotions\" page for information on current discounts, special offers, and ongoing promotions.',1,'published','2024-11-20 02:45:37','2024-11-20 02:45:37'),(7,'Is the product in stock?','Product availability is indicated on each product page. If a product is out of stock, you may choose to be notified when it becomes available.',2,'published','2024-11-20 02:45:37','2024-11-20 02:45:37'),(8,'How is my personal information secured?','We take the security and privacy of your information seriously. Our website uses encryption technology to protect your personal data.',1,'published','2024-11-20 02:45:37','2024-11-20 02:45:37'),(9,'How do I get technical support?','For technical issues or assistance, contact our customer support team through the \"Contact Us\" page, and we will help you resolve any problems.',2,'published','2024-11-20 02:45:37','2024-11-20 02:45:37'),(10,'Do you offer international shipping?','Yes, we offer international shipping to many countries. Shipping costs and delivery times vary based on the destination.',2,'published','2024-11-20 02:45:37','2024-11-20 02:45:37'),(11,'Can I purchase a gift card?','Yes, we offer gift cards of varying denominations. Gift cards can be purchased on our website and make for a great gift for friends and family.',1,'published','2024-11-20 02:45:37','2024-11-20 02:45:37'),(12,'What is the warranty on your products?','Our products come with a standard warranty. Check the product documentation or contact our customer service for details on specific product warranties.',2,'published','2024-11-20 02:45:37','2024-11-20 02:45:37');
/*!40000 ALTER TABLE `faqs` ENABLE KEYS */;
UNLOCK TABLES;

--
-- Table structure for table `faqs_translations`
--

DROP TABLE IF EXISTS `faqs_translations`;
/*!40101 SET @saved_cs_client     = @@character_set_client */;
/*!40101 SET character_set_client = utf8 */;
CREATE TABLE `faqs_translations` (
  `lang_code` varchar(20) COLLATE utf8mb4_unicode_ci NOT NULL,
  `faqs_id` bigint unsigned NOT NULL,
  `question` text COLLATE utf8mb4_unicode_ci,
  `answer` text COLLATE utf8mb4_unicode_ci,
  PRIMARY KEY (`lang_code`,`faqs_id`)
) ENGINE=InnoDB DEFAULT CHARSET=utf8mb4 COLLATE=utf8mb4_unicode_ci;
/*!40101 SET character_set_client = @saved_cs_client */;

--
-- Dumping data for table `faqs_translations`
--

LOCK TABLES `faqs_translations` WRITE;
/*!40000 ALTER TABLE `faqs_translations` DISABLE KEYS */;
/*!40000 ALTER TABLE `faqs_translations` ENABLE KEYS */;
UNLOCK TABLES;

--
-- Table structure for table `galleries`
--

DROP TABLE IF EXISTS `galleries`;
/*!40101 SET @saved_cs_client     = @@character_set_client */;
/*!40101 SET character_set_client = utf8 */;
CREATE TABLE `galleries` (
  `id` bigint unsigned NOT NULL AUTO_INCREMENT,
  `name` varchar(120) COLLATE utf8mb4_unicode_ci NOT NULL,
  `description` longtext COLLATE utf8mb4_unicode_ci NOT NULL,
  `is_featured` tinyint unsigned NOT NULL DEFAULT '0',
  `order` tinyint unsigned NOT NULL DEFAULT '0',
  `image` varchar(191) COLLATE utf8mb4_unicode_ci DEFAULT NULL,
  `user_id` bigint unsigned DEFAULT NULL,
  `status` varchar(60) COLLATE utf8mb4_unicode_ci NOT NULL DEFAULT 'published',
  `created_at` timestamp NULL DEFAULT NULL,
  `updated_at` timestamp NULL DEFAULT NULL,
  PRIMARY KEY (`id`),
  KEY `galleries_user_id_index` (`user_id`)
) ENGINE=InnoDB AUTO_INCREMENT=7 DEFAULT CHARSET=utf8mb4 COLLATE=utf8mb4_unicode_ci;
/*!40101 SET character_set_client = @saved_cs_client */;

--
-- Dumping data for table `galleries`
--

LOCK TABLES `galleries` WRITE;
/*!40000 ALTER TABLE `galleries` DISABLE KEYS */;
INSERT INTO `galleries` VALUES (1,'Perfect','Autem amet quis voluptates nam. Aut unde neque voluptatem sed assumenda nulla. At et voluptatem sunt.',1,0,'galleries/1.jpg',1,'published','2024-11-20 02:45:52','2024-11-20 02:45:52'),(2,'New Day','Maxime libero voluptates nesciunt blanditiis. Quasi et ea ducimus voluptatem corporis ea. Amet ut eaque fugit quia aut qui.',1,0,'galleries/2.jpg',1,'published','2024-11-20 02:45:52','2024-11-20 02:45:52'),(3,'Happy Day','Aut nobis modi voluptatem. Est velit exercitationem adipisci dolores neque molestiae minus.',1,0,'galleries/3.jpg',1,'published','2024-11-20 02:45:52','2024-11-20 02:45:52'),(4,'Nature','Cum necessitatibus dicta natus aut iusto. Aut vel est est quia.',1,0,'galleries/4.jpg',1,'published','2024-11-20 02:45:52','2024-11-20 02:45:52'),(5,'Morning','Officia explicabo sint voluptatem voluptatibus adipisci qui magni. Rerum voluptatibus et aut dicta. Non est est et iste ipsa.',1,0,'galleries/5.jpg',1,'published','2024-11-20 02:45:52','2024-11-20 02:45:52'),(6,'Photography','Blanditiis aut maiores nihil unde beatae. Qui cum et eius. Adipisci vitae sit doloremque ad quaerat error molestiae.',1,0,'galleries/6.jpg',1,'published','2024-11-20 02:45:52','2024-11-20 02:45:52');
/*!40000 ALTER TABLE `galleries` ENABLE KEYS */;
UNLOCK TABLES;

--
-- Table structure for table `galleries_translations`
--

DROP TABLE IF EXISTS `galleries_translations`;
/*!40101 SET @saved_cs_client     = @@character_set_client */;
/*!40101 SET character_set_client = utf8 */;
CREATE TABLE `galleries_translations` (
  `lang_code` varchar(20) COLLATE utf8mb4_unicode_ci NOT NULL,
  `galleries_id` bigint unsigned NOT NULL,
  `name` varchar(191) COLLATE utf8mb4_unicode_ci DEFAULT NULL,
  `description` longtext COLLATE utf8mb4_unicode_ci,
  PRIMARY KEY (`lang_code`,`galleries_id`)
) ENGINE=InnoDB DEFAULT CHARSET=utf8mb4 COLLATE=utf8mb4_unicode_ci;
/*!40101 SET character_set_client = @saved_cs_client */;

--
-- Dumping data for table `galleries_translations`
--

LOCK TABLES `galleries_translations` WRITE;
/*!40000 ALTER TABLE `galleries_translations` DISABLE KEYS */;
/*!40000 ALTER TABLE `galleries_translations` ENABLE KEYS */;
UNLOCK TABLES;

--
-- Table structure for table `gallery_meta`
--

DROP TABLE IF EXISTS `gallery_meta`;
/*!40101 SET @saved_cs_client     = @@character_set_client */;
/*!40101 SET character_set_client = utf8 */;
CREATE TABLE `gallery_meta` (
  `id` bigint unsigned NOT NULL AUTO_INCREMENT,
  `images` text COLLATE utf8mb4_unicode_ci,
  `reference_id` bigint unsigned NOT NULL,
  `reference_type` varchar(120) COLLATE utf8mb4_unicode_ci NOT NULL,
  `created_at` timestamp NULL DEFAULT NULL,
  `updated_at` timestamp NULL DEFAULT NULL,
  PRIMARY KEY (`id`),
  KEY `gallery_meta_reference_id_index` (`reference_id`)
) ENGINE=InnoDB AUTO_INCREMENT=7 DEFAULT CHARSET=utf8mb4 COLLATE=utf8mb4_unicode_ci;
/*!40101 SET character_set_client = @saved_cs_client */;

--
-- Dumping data for table `gallery_meta`
--

LOCK TABLES `gallery_meta` WRITE;
/*!40000 ALTER TABLE `gallery_meta` DISABLE KEYS */;
INSERT INTO `gallery_meta` VALUES (1,'[{\"img\":\"galleries\\/1.jpg\",\"description\":\"Totam commodi fugiat cupiditate. Quia et nostrum aliquid nobis consequatur quis ut quod. Vero optio in hic fugit minus voluptatem est.\"},{\"img\":\"galleries\\/2.jpg\",\"description\":\"Exercitationem consequuntur ex eos qui harum vero. Dignissimos pariatur atque aliquid ratione.\"},{\"img\":\"galleries\\/3.jpg\",\"description\":\"Similique ut aliquam repellendus modi voluptates. Repellat placeat et delectus labore. Et temporibus dicta quis amet aliquam iste aliquam.\"},{\"img\":\"galleries\\/4.jpg\",\"description\":\"Voluptate laudantium est soluta aut alias. Est minima id beatae totam labore sed. Corrupti perspiciatis sequi omnis ratione.\"},{\"img\":\"galleries\\/5.jpg\",\"description\":\"Eum ipsa distinctio aut dolor qui. Nemo nulla porro dolorum perferendis atque accusantium fuga eum. Dolores exercitationem rem praesentium tenetur.\"},{\"img\":\"galleries\\/6.jpg\",\"description\":\"Et ipsa et temporibus possimus. Temporibus natus nesciunt dolor nostrum. Expedita numquam aut sunt est fugiat non. Ipsam repellendus fugit iure.\"}]',1,'Botble\\Gallery\\Models\\Gallery','2024-11-20 02:45:52','2024-11-20 02:45:52'),(2,'[{\"img\":\"galleries\\/1.jpg\",\"description\":\"Totam commodi fugiat cupiditate. Quia et nostrum aliquid nobis consequatur quis ut quod. Vero optio in hic fugit minus voluptatem est.\"},{\"img\":\"galleries\\/2.jpg\",\"description\":\"Exercitationem consequuntur ex eos qui harum vero. Dignissimos pariatur atque aliquid ratione.\"},{\"img\":\"galleries\\/3.jpg\",\"description\":\"Similique ut aliquam repellendus modi voluptates. Repellat placeat et delectus labore. Et temporibus dicta quis amet aliquam iste aliquam.\"},{\"img\":\"galleries\\/4.jpg\",\"description\":\"Voluptate laudantium est soluta aut alias. Est minima id beatae totam labore sed. Corrupti perspiciatis sequi omnis ratione.\"},{\"img\":\"galleries\\/5.jpg\",\"description\":\"Eum ipsa distinctio aut dolor qui. Nemo nulla porro dolorum perferendis atque accusantium fuga eum. Dolores exercitationem rem praesentium tenetur.\"},{\"img\":\"galleries\\/6.jpg\",\"description\":\"Et ipsa et temporibus possimus. Temporibus natus nesciunt dolor nostrum. Expedita numquam aut sunt est fugiat non. Ipsam repellendus fugit iure.\"}]',2,'Botble\\Gallery\\Models\\Gallery','2024-11-20 02:45:52','2024-11-20 02:45:52'),(3,'[{\"img\":\"galleries\\/1.jpg\",\"description\":\"Totam commodi fugiat cupiditate. Quia et nostrum aliquid nobis consequatur quis ut quod. Vero optio in hic fugit minus voluptatem est.\"},{\"img\":\"galleries\\/2.jpg\",\"description\":\"Exercitationem consequuntur ex eos qui harum vero. Dignissimos pariatur atque aliquid ratione.\"},{\"img\":\"galleries\\/3.jpg\",\"description\":\"Similique ut aliquam repellendus modi voluptates. Repellat placeat et delectus labore. Et temporibus dicta quis amet aliquam iste aliquam.\"},{\"img\":\"galleries\\/4.jpg\",\"description\":\"Voluptate laudantium est soluta aut alias. Est minima id beatae totam labore sed. Corrupti perspiciatis sequi omnis ratione.\"},{\"img\":\"galleries\\/5.jpg\",\"description\":\"Eum ipsa distinctio aut dolor qui. Nemo nulla porro dolorum perferendis atque accusantium fuga eum. Dolores exercitationem rem praesentium tenetur.\"},{\"img\":\"galleries\\/6.jpg\",\"description\":\"Et ipsa et temporibus possimus. Temporibus natus nesciunt dolor nostrum. Expedita numquam aut sunt est fugiat non. Ipsam repellendus fugit iure.\"}]',3,'Botble\\Gallery\\Models\\Gallery','2024-11-20 02:45:52','2024-11-20 02:45:52'),(4,'[{\"img\":\"galleries\\/1.jpg\",\"description\":\"Totam commodi fugiat cupiditate. Quia et nostrum aliquid nobis consequatur quis ut quod. Vero optio in hic fugit minus voluptatem est.\"},{\"img\":\"galleries\\/2.jpg\",\"description\":\"Exercitationem consequuntur ex eos qui harum vero. Dignissimos pariatur atque aliquid ratione.\"},{\"img\":\"galleries\\/3.jpg\",\"description\":\"Similique ut aliquam repellendus modi voluptates. Repellat placeat et delectus labore. Et temporibus dicta quis amet aliquam iste aliquam.\"},{\"img\":\"galleries\\/4.jpg\",\"description\":\"Voluptate laudantium est soluta aut alias. Est minima id beatae totam labore sed. Corrupti perspiciatis sequi omnis ratione.\"},{\"img\":\"galleries\\/5.jpg\",\"description\":\"Eum ipsa distinctio aut dolor qui. Nemo nulla porro dolorum perferendis atque accusantium fuga eum. Dolores exercitationem rem praesentium tenetur.\"},{\"img\":\"galleries\\/6.jpg\",\"description\":\"Et ipsa et temporibus possimus. Temporibus natus nesciunt dolor nostrum. Expedita numquam aut sunt est fugiat non. Ipsam repellendus fugit iure.\"}]',4,'Botble\\Gallery\\Models\\Gallery','2024-11-20 02:45:52','2024-11-20 02:45:52'),(5,'[{\"img\":\"galleries\\/1.jpg\",\"description\":\"Totam commodi fugiat cupiditate. Quia et nostrum aliquid nobis consequatur quis ut quod. Vero optio in hic fugit minus voluptatem est.\"},{\"img\":\"galleries\\/2.jpg\",\"description\":\"Exercitationem consequuntur ex eos qui harum vero. Dignissimos pariatur atque aliquid ratione.\"},{\"img\":\"galleries\\/3.jpg\",\"description\":\"Similique ut aliquam repellendus modi voluptates. Repellat placeat et delectus labore. Et temporibus dicta quis amet aliquam iste aliquam.\"},{\"img\":\"galleries\\/4.jpg\",\"description\":\"Voluptate laudantium est soluta aut alias. Est minima id beatae totam labore sed. Corrupti perspiciatis sequi omnis ratione.\"},{\"img\":\"galleries\\/5.jpg\",\"description\":\"Eum ipsa distinctio aut dolor qui. Nemo nulla porro dolorum perferendis atque accusantium fuga eum. Dolores exercitationem rem praesentium tenetur.\"},{\"img\":\"galleries\\/6.jpg\",\"description\":\"Et ipsa et temporibus possimus. Temporibus natus nesciunt dolor nostrum. Expedita numquam aut sunt est fugiat non. Ipsam repellendus fugit iure.\"}]',5,'Botble\\Gallery\\Models\\Gallery','2024-11-20 02:45:52','2024-11-20 02:45:52'),(6,'[{\"img\":\"galleries\\/1.jpg\",\"description\":\"Totam commodi fugiat cupiditate. Quia et nostrum aliquid nobis consequatur quis ut quod. Vero optio in hic fugit minus voluptatem est.\"},{\"img\":\"galleries\\/2.jpg\",\"description\":\"Exercitationem consequuntur ex eos qui harum vero. Dignissimos pariatur atque aliquid ratione.\"},{\"img\":\"galleries\\/3.jpg\",\"description\":\"Similique ut aliquam repellendus modi voluptates. Repellat placeat et delectus labore. Et temporibus dicta quis amet aliquam iste aliquam.\"},{\"img\":\"galleries\\/4.jpg\",\"description\":\"Voluptate laudantium est soluta aut alias. Est minima id beatae totam labore sed. Corrupti perspiciatis sequi omnis ratione.\"},{\"img\":\"galleries\\/5.jpg\",\"description\":\"Eum ipsa distinctio aut dolor qui. Nemo nulla porro dolorum perferendis atque accusantium fuga eum. Dolores exercitationem rem praesentium tenetur.\"},{\"img\":\"galleries\\/6.jpg\",\"description\":\"Et ipsa et temporibus possimus. Temporibus natus nesciunt dolor nostrum. Expedita numquam aut sunt est fugiat non. Ipsam repellendus fugit iure.\"}]',6,'Botble\\Gallery\\Models\\Gallery','2024-11-20 02:45:52','2024-11-20 02:45:52');
/*!40000 ALTER TABLE `gallery_meta` ENABLE KEYS */;
UNLOCK TABLES;

--
-- Table structure for table `gallery_meta_translations`
--

DROP TABLE IF EXISTS `gallery_meta_translations`;
/*!40101 SET @saved_cs_client     = @@character_set_client */;
/*!40101 SET character_set_client = utf8 */;
CREATE TABLE `gallery_meta_translations` (
  `lang_code` varchar(20) COLLATE utf8mb4_unicode_ci NOT NULL,
  `gallery_meta_id` bigint unsigned NOT NULL,
  `images` text COLLATE utf8mb4_unicode_ci,
  PRIMARY KEY (`lang_code`,`gallery_meta_id`)
) ENGINE=InnoDB DEFAULT CHARSET=utf8mb4 COLLATE=utf8mb4_unicode_ci;
/*!40101 SET character_set_client = @saved_cs_client */;

--
-- Dumping data for table `gallery_meta_translations`
--

LOCK TABLES `gallery_meta_translations` WRITE;
/*!40000 ALTER TABLE `gallery_meta_translations` DISABLE KEYS */;
/*!40000 ALTER TABLE `gallery_meta_translations` ENABLE KEYS */;
UNLOCK TABLES;

--
-- Table structure for table `jobs`
--

DROP TABLE IF EXISTS `jobs`;
/*!40101 SET @saved_cs_client     = @@character_set_client */;
/*!40101 SET character_set_client = utf8 */;
CREATE TABLE `jobs` (
  `id` bigint unsigned NOT NULL AUTO_INCREMENT,
  `queue` varchar(191) COLLATE utf8mb4_unicode_ci NOT NULL,
  `payload` longtext COLLATE utf8mb4_unicode_ci NOT NULL,
  `attempts` tinyint unsigned NOT NULL,
  `reserved_at` int unsigned DEFAULT NULL,
  `available_at` int unsigned NOT NULL,
  `created_at` int unsigned NOT NULL,
  PRIMARY KEY (`id`),
  KEY `jobs_queue_index` (`queue`)
) ENGINE=InnoDB DEFAULT CHARSET=utf8mb4 COLLATE=utf8mb4_unicode_ci;
/*!40101 SET character_set_client = @saved_cs_client */;

--
-- Dumping data for table `jobs`
--

LOCK TABLES `jobs` WRITE;
/*!40000 ALTER TABLE `jobs` DISABLE KEYS */;
/*!40000 ALTER TABLE `jobs` ENABLE KEYS */;
UNLOCK TABLES;

--
-- Table structure for table `language_meta`
--

DROP TABLE IF EXISTS `language_meta`;
/*!40101 SET @saved_cs_client     = @@character_set_client */;
/*!40101 SET character_set_client = utf8 */;
CREATE TABLE `language_meta` (
  `lang_meta_id` bigint unsigned NOT NULL AUTO_INCREMENT,
  `lang_meta_code` varchar(20) COLLATE utf8mb4_unicode_ci DEFAULT NULL,
  `lang_meta_origin` varchar(32) COLLATE utf8mb4_unicode_ci NOT NULL,
  `reference_id` bigint unsigned NOT NULL,
  `reference_type` varchar(120) COLLATE utf8mb4_unicode_ci NOT NULL,
  PRIMARY KEY (`lang_meta_id`),
  KEY `language_meta_reference_id_index` (`reference_id`),
  KEY `meta_code_index` (`lang_meta_code`),
  KEY `meta_origin_index` (`lang_meta_origin`),
  KEY `meta_reference_type_index` (`reference_type`)
) ENGINE=InnoDB AUTO_INCREMENT=14 DEFAULT CHARSET=utf8mb4 COLLATE=utf8mb4_unicode_ci;
/*!40101 SET character_set_client = @saved_cs_client */;

--
-- Dumping data for table `language_meta`
--

LOCK TABLES `language_meta` WRITE;
/*!40000 ALTER TABLE `language_meta` DISABLE KEYS */;
INSERT INTO `language_meta` VALUES (1,'en_US','282c7d0a5b868384d0e971ef523a366f',1,'Botble\\SimpleSlider\\Models\\SimpleSlider'),(2,'en_US','e66b9f43656368f786dbf773475ad774',2,'Botble\\SimpleSlider\\Models\\SimpleSlider'),(3,'en_US','371147b86ecba4f522909d6431c39a55',3,'Botble\\SimpleSlider\\Models\\SimpleSlider'),(4,'en_US','ae2b6e803c56225c8739a970f41f0ace',4,'Botble\\SimpleSlider\\Models\\SimpleSlider'),(5,'en_US','96112bb168cac18ab10b1844d421e571',5,'Botble\\SimpleSlider\\Models\\SimpleSlider'),(6,'en_US','697924ec19fe67f7d10139855ca5d63c',1,'Botble\\Menu\\Models\\MenuLocation'),(7,'en_US','85eddea1815a47ca20d02661d9eccdac',1,'Botble\\Menu\\Models\\Menu'),(8,'en_US','115240b2d6800d26424160474ef8d15f',2,'Botble\\Menu\\Models\\MenuLocation'),(9,'en_US','17cbb8286cb0eb2afd2d2cd99dd91d87',2,'Botble\\Menu\\Models\\Menu'),(10,'en_US','f94f619a74adfb72c4153d79fc1f41bc',3,'Botble\\Menu\\Models\\MenuLocation'),(11,'en_US','6fd87cb84bf0f3d6b323c675b75cc8eb',3,'Botble\\Menu\\Models\\Menu'),(12,'en_US','f74bc803a19594920484a0ec08f36708',4,'Botble\\Menu\\Models\\MenuLocation'),(13,'en_US','61aea2d5ff6aca29eb36e9cb6ef17999',4,'Botble\\Menu\\Models\\Menu');
/*!40000 ALTER TABLE `language_meta` ENABLE KEYS */;
UNLOCK TABLES;

--
-- Table structure for table `languages`
--

DROP TABLE IF EXISTS `languages`;
/*!40101 SET @saved_cs_client     = @@character_set_client */;
/*!40101 SET character_set_client = utf8 */;
CREATE TABLE `languages` (
  `lang_id` bigint unsigned NOT NULL AUTO_INCREMENT,
  `lang_name` varchar(120) COLLATE utf8mb4_unicode_ci NOT NULL,
  `lang_locale` varchar(20) COLLATE utf8mb4_unicode_ci NOT NULL,
  `lang_code` varchar(20) COLLATE utf8mb4_unicode_ci NOT NULL,
  `lang_flag` varchar(20) COLLATE utf8mb4_unicode_ci DEFAULT NULL,
  `lang_is_default` tinyint unsigned NOT NULL DEFAULT '0',
  `lang_order` int NOT NULL DEFAULT '0',
  `lang_is_rtl` tinyint unsigned NOT NULL DEFAULT '0',
  PRIMARY KEY (`lang_id`),
  KEY `lang_locale_index` (`lang_locale`),
  KEY `lang_code_index` (`lang_code`),
  KEY `lang_is_default_index` (`lang_is_default`)
) ENGINE=InnoDB AUTO_INCREMENT=2 DEFAULT CHARSET=utf8mb4 COLLATE=utf8mb4_unicode_ci;
/*!40101 SET character_set_client = @saved_cs_client */;

--
-- Dumping data for table `languages`
--

LOCK TABLES `languages` WRITE;
/*!40000 ALTER TABLE `languages` DISABLE KEYS */;
INSERT INTO `languages` VALUES (1,'English','en','en_US','us',1,0,0);
/*!40000 ALTER TABLE `languages` ENABLE KEYS */;
UNLOCK TABLES;

--
-- Table structure for table `media_files`
--

DROP TABLE IF EXISTS `media_files`;
/*!40101 SET @saved_cs_client     = @@character_set_client */;
/*!40101 SET character_set_client = utf8 */;
CREATE TABLE `media_files` (
  `id` bigint unsigned NOT NULL AUTO_INCREMENT,
  `user_id` bigint unsigned NOT NULL,
  `name` varchar(191) COLLATE utf8mb4_unicode_ci NOT NULL,
  `alt` varchar(191) COLLATE utf8mb4_unicode_ci DEFAULT NULL,
  `folder_id` bigint unsigned NOT NULL DEFAULT '0',
  `mime_type` varchar(120) COLLATE utf8mb4_unicode_ci NOT NULL,
  `size` int NOT NULL,
  `url` varchar(191) COLLATE utf8mb4_unicode_ci NOT NULL,
  `options` text COLLATE utf8mb4_unicode_ci,
  `created_at` timestamp NULL DEFAULT NULL,
  `updated_at` timestamp NULL DEFAULT NULL,
  `deleted_at` timestamp NULL DEFAULT NULL,
  `visibility` varchar(191) COLLATE utf8mb4_unicode_ci NOT NULL DEFAULT 'public',
  PRIMARY KEY (`id`),
  KEY `media_files_user_id_index` (`user_id`),
  KEY `media_files_index` (`folder_id`,`user_id`,`created_at`)
) ENGINE=InnoDB AUTO_INCREMENT=273 DEFAULT CHARSET=utf8mb4 COLLATE=utf8mb4_unicode_ci;
/*!40101 SET character_set_client = @saved_cs_client */;

--
-- Dumping data for table `media_files`
--

LOCK TABLES `media_files` WRITE;
/*!40000 ALTER TABLE `media_files` DISABLE KEYS */;
INSERT INTO `media_files` VALUES (1,0,'f-app','f-app',1,'image/jpeg',617,'general/f-app.jpg','[]','2024-11-20 02:45:27','2024-11-20 02:45:27',NULL,'public'),(2,0,'f-brand-icon-01','f-brand-icon-01',1,'image/png',448,'general/f-brand-icon-01.png','[]','2024-11-20 02:45:27','2024-11-20 02:45:27',NULL,'public'),(3,0,'f-google','f-google',1,'image/jpeg',617,'general/f-google.jpg','[]','2024-11-20 02:45:27','2024-11-20 02:45:27',NULL,'public'),(4,0,'favicon','favicon',1,'image/png',15233,'general/favicon.png','[]','2024-11-20 02:45:27','2024-11-20 02:45:27',NULL,'public'),(5,0,'logo-white','logo-white',1,'image/png',860,'general/logo-white.png','[]','2024-11-20 02:45:28','2024-11-20 02:45:28',NULL,'public'),(6,0,'logo','logo',1,'image/png',934,'general/logo.png','[]','2024-11-20 02:45:28','2024-11-20 02:45:28',NULL,'public'),(7,0,'newsletter-popup','newsletter-popup',1,'image/png',28834,'general/newsletter-popup.png','[]','2024-11-20 02:45:28','2024-11-20 02:45:28',NULL,'public'),(8,0,'1','1',2,'image/jpeg',3319,'blog/1.jpg','[]','2024-11-20 02:45:28','2024-11-20 02:45:28',NULL,'public'),(9,0,'10','10',2,'image/jpeg',3319,'blog/10.jpg','[]','2024-11-20 02:45:28','2024-11-20 02:45:28',NULL,'public'),(10,0,'11','11',2,'image/jpeg',3319,'blog/11.jpg','[]','2024-11-20 02:45:28','2024-11-20 02:45:28',NULL,'public'),(11,0,'2','2',2,'image/jpeg',3319,'blog/2.jpg','[]','2024-11-20 02:45:28','2024-11-20 02:45:28',NULL,'public'),(12,0,'3','3',2,'image/jpeg',3319,'blog/3.jpg','[]','2024-11-20 02:45:28','2024-11-20 02:45:28',NULL,'public'),(13,0,'4','4',2,'image/jpeg',3319,'blog/4.jpg','[]','2024-11-20 02:45:28','2024-11-20 02:45:28',NULL,'public'),(14,0,'5','5',2,'image/jpeg',3319,'blog/5.jpg','[]','2024-11-20 02:45:28','2024-11-20 02:45:28',NULL,'public'),(15,0,'6','6',2,'image/jpeg',3319,'blog/6.jpg','[]','2024-11-20 02:45:28','2024-11-20 02:45:28',NULL,'public'),(16,0,'7','7',2,'image/jpeg',3319,'blog/7.jpg','[]','2024-11-20 02:45:28','2024-11-20 02:45:28',NULL,'public'),(17,0,'8','8',2,'image/jpeg',3319,'blog/8.jpg','[]','2024-11-20 02:45:28','2024-11-20 02:45:28',NULL,'public'),(18,0,'9','9',2,'image/jpeg',3319,'blog/9.jpg','[]','2024-11-20 02:45:28','2024-11-20 02:45:28',NULL,'public'),(19,0,'blog-in-01','blog-in-01',2,'image/jpeg',9623,'blog/blog-in-01.jpg','[]','2024-11-20 02:45:28','2024-11-20 02:45:28',NULL,'public'),(20,0,'blog-in-02','blog-in-02',2,'image/jpeg',9623,'blog/blog-in-02.jpg','[]','2024-11-20 02:45:28','2024-11-20 02:45:28',NULL,'public'),(21,0,'blog-in-03','blog-in-03',2,'image/jpeg',9623,'blog/blog-in-03.jpg','[]','2024-11-20 02:45:29','2024-11-20 02:45:29',NULL,'public'),(22,0,'blog-in-04','blog-in-04',2,'image/jpeg',9623,'blog/blog-in-04.jpg','[]','2024-11-20 02:45:29','2024-11-20 02:45:29',NULL,'public'),(23,0,'blog-in-05','blog-in-05',2,'image/jpeg',9623,'blog/blog-in-05.jpg','[]','2024-11-20 02:45:29','2024-11-20 02:45:29',NULL,'public'),(24,0,'blog-in-06','blog-in-06',2,'image/jpeg',9623,'blog/blog-in-06.jpg','[]','2024-11-20 02:45:29','2024-11-20 02:45:29',NULL,'public'),(25,0,'blog-sm-1','blog-sm-1',2,'image/jpeg',9623,'blog/blog-sm-1.jpg','[]','2024-11-20 02:45:29','2024-11-20 02:45:29',NULL,'public'),(26,0,'blog-sm-2','blog-sm-2',2,'image/jpeg',9623,'blog/blog-sm-2.jpg','[]','2024-11-20 02:45:29','2024-11-20 02:45:29',NULL,'public'),(27,0,'blog-sm-3','blog-sm-3',2,'image/jpeg',9623,'blog/blog-sm-3.jpg','[]','2024-11-20 02:45:29','2024-11-20 02:45:29',NULL,'public'),(28,0,'blog-sm-4','blog-sm-4',2,'image/jpeg',9623,'blog/blog-sm-4.jpg','[]','2024-11-20 02:45:29','2024-11-20 02:45:29',NULL,'public'),(29,0,'comment-1','comment-1',2,'image/jpeg',9803,'blog/comment-1.jpg','[]','2024-11-20 02:45:29','2024-11-20 02:45:29',NULL,'public'),(30,0,'comment-2','comment-2',2,'image/jpeg',9803,'blog/comment-2.jpg','[]','2024-11-20 02:45:29','2024-11-20 02:45:29',NULL,'public'),(31,0,'location-1','location-1',3,'image/png',5309,'shop/location-1.png','[]','2024-11-20 02:45:29','2024-11-20 02:45:29',NULL,'public'),(32,0,'location-2','location-2',3,'image/png',5309,'shop/location-2.png','[]','2024-11-20 02:45:29','2024-11-20 02:45:29',NULL,'public'),(33,0,'location-3','location-3',3,'image/png',5309,'shop/location-3.png','[]','2024-11-20 02:45:30','2024-11-20 02:45:30',NULL,'public'),(34,0,'location-4','location-4',3,'image/png',5309,'shop/location-4.png','[]','2024-11-20 02:45:30','2024-11-20 02:45:30',NULL,'public'),(35,0,'login_bg','login_bg',3,'image/jpeg',5443,'shop/login-bg.jpg','[]','2024-11-20 02:45:30','2024-11-20 02:45:30',NULL,'public'),(36,0,'reviewer-01','reviewer-01',3,'image/png',1070,'shop/reviewer-01.png','[]','2024-11-20 02:45:30','2024-11-20 02:45:30',NULL,'public'),(37,0,'reviewer-02','reviewer-02',3,'image/png',1070,'shop/reviewer-02.png','[]','2024-11-20 02:45:30','2024-11-20 02:45:30',NULL,'public'),(38,0,'reviewer-03','reviewer-03',3,'image/png',1070,'shop/reviewer-03.png','[]','2024-11-20 02:45:30','2024-11-20 02:45:30',NULL,'public'),(39,0,'s-thumb-01','s-thumb-01',3,'image/jpeg',2813,'shop/s-thumb-01.jpg','[]','2024-11-20 02:45:30','2024-11-20 02:45:30',NULL,'public'),(40,0,'s-thumb-02','s-thumb-02',3,'image/jpeg',2813,'shop/s-thumb-02.jpg','[]','2024-11-20 02:45:30','2024-11-20 02:45:30',NULL,'public'),(41,0,'s-thumb-03','s-thumb-03',3,'image/jpeg',2813,'shop/s-thumb-03.jpg','[]','2024-11-20 02:45:30','2024-11-20 02:45:30',NULL,'public'),(42,0,'s-thumb-04','s-thumb-04',3,'image/jpeg',2813,'shop/s-thumb-04.jpg','[]','2024-11-20 02:45:30','2024-11-20 02:45:30',NULL,'public'),(43,0,'s-thumb-05','s-thumb-05',3,'image/jpeg',2813,'shop/s-thumb-05.jpg','[]','2024-11-20 02:45:30','2024-11-20 02:45:30',NULL,'public'),(44,0,'s-thumb-06','s-thumb-06',3,'image/jpeg',2813,'shop/s-thumb-06.jpg','[]','2024-11-20 02:45:30','2024-11-20 02:45:30',NULL,'public'),(45,0,'sign_bg','sign_bg',3,'image/jpeg',5443,'shop/sign-bg.jpg','[]','2024-11-20 02:45:30','2024-11-20 02:45:30',NULL,'public'),(46,0,'track_bg','track_bg',3,'image/jpeg',6224,'shop/track-bg.jpg','[]','2024-11-20 02:45:30','2024-11-20 02:45:30',NULL,'public'),(47,0,'w-product-01','w-product-01',3,'image/jpeg',5528,'shop/w-product-01.jpg','[]','2024-11-20 02:45:30','2024-11-20 02:45:30',NULL,'public'),(48,0,'w-product-02','w-product-02',3,'image/jpeg',5528,'shop/w-product-02.jpg','[]','2024-11-20 02:45:30','2024-11-20 02:45:30',NULL,'public'),(49,0,'w-product-03','w-product-03',3,'image/jpeg',5528,'shop/w-product-03.jpg','[]','2024-11-20 02:45:30','2024-11-20 02:45:30',NULL,'public'),(50,0,'w-product-04','w-product-04',3,'image/jpeg',5528,'shop/w-product-04.jpg','[]','2024-11-20 02:45:30','2024-11-20 02:45:30',NULL,'public'),(51,0,'w-product-05','w-product-05',3,'image/jpeg',5528,'shop/w-product-05.jpg','[]','2024-11-20 02:45:31','2024-11-20 02:45:31',NULL,'public'),(52,0,'about-banner-1','about-banner-1',4,'image/jpeg',8335,'banners/about-banner-1.jpg','[]','2024-11-20 02:45:31','2024-11-20 02:45:31',NULL,'public'),(53,0,'about-banner-2','about-banner-2',4,'image/jpeg',8335,'banners/about-banner-2.jpg','[]','2024-11-20 02:45:31','2024-11-20 02:45:31',NULL,'public'),(54,0,'about-img-1','about-img-1',4,'image/jpeg',8914,'banners/about-img-1.jpg','[]','2024-11-20 02:45:31','2024-11-20 02:45:31',NULL,'public'),(55,0,'about-img-2','about-img-2',4,'image/jpeg',8914,'banners/about-img-2.jpg','[]','2024-11-20 02:45:31','2024-11-20 02:45:31',NULL,'public'),(56,0,'about-img-3','about-img-3',4,'image/png',6373,'banners/about-img-3.png','[]','2024-11-20 02:45:31','2024-11-20 02:45:31',NULL,'public'),(57,0,'banner-03-01','banner-03-01',4,'image/jpeg',6612,'banners/banner-03-01.jpg','[]','2024-11-20 02:45:31','2024-11-20 02:45:31',NULL,'public'),(58,0,'banner-03-02','banner-03-02',4,'image/jpeg',5283,'banners/banner-03-02.jpg','[]','2024-11-20 02:45:31','2024-11-20 02:45:31',NULL,'public'),(59,0,'banner-03-03','banner-03-03',4,'image/jpeg',5077,'banners/banner-03-03.jpg','[]','2024-11-20 02:45:31','2024-11-20 02:45:31',NULL,'public'),(60,0,'banner-2-01','banner-2-01',4,'image/jpeg',5452,'banners/banner-2-01.jpg','[]','2024-11-20 02:45:31','2024-11-20 02:45:31',NULL,'public'),(61,0,'banner-2-02','banner-2-02',4,'image/jpeg',5452,'banners/banner-2-02.jpg','[]','2024-11-20 02:45:31','2024-11-20 02:45:31',NULL,'public'),(62,0,'banner-2-03','banner-2-03',4,'image/jpeg',12296,'banners/banner-2-03.jpg','[]','2024-11-20 02:45:31','2024-11-20 02:45:31',NULL,'public'),(63,0,'banner-2-04','banner-2-04',4,'image/jpeg',7318,'banners/banner-2-04.jpg','[]','2024-11-20 02:45:31','2024-11-20 02:45:31',NULL,'public'),(64,0,'banner-bg-05','banner-bg-05',4,'image/jpeg',23672,'banners/banner-bg-05.jpg','[]','2024-11-20 02:45:32','2024-11-20 02:45:32',NULL,'public'),(65,0,'banner-offer-01','banner-offer-01',4,'image/jpeg',10330,'banners/banner-offer-01.jpg','[]','2024-11-20 02:45:32','2024-11-20 02:45:32',NULL,'public'),(66,0,'banner-offer-02','banner-offer-02',4,'image/jpeg',9086,'banners/banner-offer-02.jpg','[]','2024-11-20 02:45:32','2024-11-20 02:45:32',NULL,'public'),(67,0,'breadcrumb-01','breadcrumb-01',4,'image/jpeg',5276,'banners/breadcrumb-01.jpg','[]','2024-11-20 02:45:32','2024-11-20 02:45:32',NULL,'public'),(68,0,'coming-soon','coming-soon',4,'image/jpeg',27345,'banners/coming-soon.jpg','[]','2024-11-20 02:45:32','2024-11-20 02:45:32',NULL,'public'),(69,0,'login-bg','login-bg',4,'image/jpeg',5443,'banners/login-bg.jpg','[]','2024-11-20 02:45:32','2024-11-20 02:45:32',NULL,'public'),(70,0,'product-shape-01','product-shape-01',4,'image/png',3220,'banners/product-shape-01.png','[]','2024-11-20 02:45:32','2024-11-20 02:45:32',NULL,'public'),(71,0,'product-shape-02','product-shape-02',4,'image/png',2285,'banners/product-shape-02.png','[]','2024-11-20 02:45:32','2024-11-20 02:45:32',NULL,'public'),(72,0,'sign-bg','sign-bg',4,'image/jpeg',5443,'banners/sign-bg.jpg','[]','2024-11-20 02:45:32','2024-11-20 02:45:32',NULL,'public'),(73,0,'thumb-01','thumb-01',4,'image/jpeg',16230,'banners/thumb-01.jpg','[]','2024-11-20 02:45:32','2024-11-20 02:45:32',NULL,'public'),(74,0,'thumb-02','thumb-02',4,'image/jpeg',7655,'banners/thumb-02.jpg','[]','2024-11-20 02:45:32','2024-11-20 02:45:32',NULL,'public'),(75,0,'thumb-03','thumb-03',4,'image/jpeg',7655,'banners/thumb-03.jpg','[]','2024-11-20 02:45:32','2024-11-20 02:45:32',NULL,'public'),(76,0,'thumb-04','thumb-04',4,'image/jpeg',16230,'banners/thumb-04.jpg','[]','2024-11-20 02:45:33','2024-11-20 02:45:33',NULL,'public'),(77,0,'track-bg','track-bg',4,'image/jpeg',6224,'banners/track-bg.jpg','[]','2024-11-20 02:45:33','2024-11-20 02:45:33',NULL,'public'),(78,0,'box','box',5,'image/png',949,'icons/box.png','[]','2024-11-20 02:45:33','2024-11-20 02:45:33',NULL,'public'),(79,0,'car','car',5,'image/png',855,'icons/car.png','[]','2024-11-20 02:45:33','2024-11-20 02:45:33',NULL,'public'),(80,0,'cat-icon-01','cat-icon-01',5,'image/png',146,'icons/cat-icon-01.png','[]','2024-11-20 02:45:33','2024-11-20 02:45:33',NULL,'public'),(81,0,'cat-icon-02','cat-icon-02',5,'image/png',164,'icons/cat-icon-02.png','[]','2024-11-20 02:45:33','2024-11-20 02:45:33',NULL,'public'),(82,0,'cat-icon-03','cat-icon-03',5,'image/png',164,'icons/cat-icon-03.png','[]','2024-11-20 02:45:33','2024-11-20 02:45:33',NULL,'public'),(83,0,'cat-icon-04','cat-icon-04',5,'image/png',160,'icons/cat-icon-04.png','[]','2024-11-20 02:45:33','2024-11-20 02:45:33',NULL,'public'),(84,0,'cat-icon-05','cat-icon-05',5,'image/png',151,'icons/cat-icon-05.png','[]','2024-11-20 02:45:33','2024-11-20 02:45:33',NULL,'public'),(85,0,'cat-icon-06','cat-icon-06',5,'image/png',1665,'icons/cat-icon-06.png','[]','2024-11-20 02:45:33','2024-11-20 02:45:33',NULL,'public'),(86,0,'error','error',5,'image/png',3971,'icons/error.png','[]','2024-11-20 02:45:33','2024-11-20 02:45:33',NULL,'public'),(87,0,'hours','hours',5,'image/png',1034,'icons/hours.png','[]','2024-11-20 02:45:33','2024-11-20 02:45:33',NULL,'public'),(88,0,'lang-flag','lang-flag',5,'image/png',1602,'icons/lang-flag.png','[]','2024-11-20 02:45:33','2024-11-20 02:45:33',NULL,'public'),(89,0,'payment','payment',5,'image/png',800,'icons/payment.png','[]','2024-11-20 02:45:33','2024-11-20 02:45:33',NULL,'public'),(90,0,'product-det-1','product-det-1',5,'image/png',974,'icons/product-det-1.png','[]','2024-11-20 02:45:33','2024-11-20 02:45:33',NULL,'public'),(91,0,'product-det-2','product-det-2',5,'image/png',1080,'icons/product-det-2.png','[]','2024-11-20 02:45:33','2024-11-20 02:45:33',NULL,'public'),(92,0,'product-det-3','product-det-3',5,'image/png',735,'icons/product-det-3.png','[]','2024-11-20 02:45:33','2024-11-20 02:45:33',NULL,'public'),(93,0,'product-det-4','product-det-4',5,'image/png',1202,'icons/product-det-4.png','[]','2024-11-20 02:45:33','2024-11-20 02:45:33',NULL,'public'),(94,0,'title-shape-02','title-shape-02',5,'image/jpeg',737,'icons/title-shape-02.jpg','[]','2024-11-20 02:45:33','2024-11-20 02:45:33',NULL,'public'),(95,0,'track-1','track-1',5,'image/png',339,'icons/track-1.png','[]','2024-11-20 02:45:34','2024-11-20 02:45:34',NULL,'public'),(96,0,'banner-1','banner-1',6,'image/jpeg',9766,'sliders/banner-1.jpg','[]','2024-11-20 02:45:34','2024-11-20 02:45:34',NULL,'public'),(97,0,'banner-2','banner-2',6,'image/jpeg',9766,'sliders/banner-2.jpg','[]','2024-11-20 02:45:34','2024-11-20 02:45:34',NULL,'public'),(98,0,'banner-3','banner-3',6,'image/jpeg',9766,'sliders/banner-3.jpg','[]','2024-11-20 02:45:34','2024-11-20 02:45:34',NULL,'public'),(99,0,'banner-slider-01','banner-slider-01',6,'image/jpeg',4081,'sliders/banner-slider-01.jpg','[]','2024-11-20 02:45:34','2024-11-20 02:45:34',NULL,'public'),(100,0,'banner-slider-02','banner-slider-02',6,'image/jpeg',4081,'sliders/banner-slider-02.jpg','[]','2024-11-20 02:45:34','2024-11-20 02:45:34',NULL,'public'),(101,0,'fasion-tag-01','fasion-tag-01',6,'image/png',2647,'sliders/fasion-tag-01.png','[]','2024-11-20 02:45:34','2024-11-20 02:45:34',NULL,'public'),(102,0,'fasion-tag-02','fasion-tag-02',6,'image/png',2675,'sliders/fasion-tag-02.png','[]','2024-11-20 02:45:34','2024-11-20 02:45:34',NULL,'public'),(103,0,'fasion-tag-03','fasion-tag-03',6,'image/png',2675,'sliders/fasion-tag-03.png','[]','2024-11-20 02:45:34','2024-11-20 02:45:34',NULL,'public'),(104,0,'slider-01','slider-01',6,'image/png',13507,'sliders/slider-01.png','[]','2024-11-20 02:45:34','2024-11-20 02:45:34',NULL,'public'),(105,0,'slider-02','slider-02',6,'image/png',13507,'sliders/slider-02.png','[]','2024-11-20 02:45:34','2024-11-20 02:45:34',NULL,'public'),(106,0,'slider-03','slider-03',6,'image/png',13507,'sliders/slider-03.png','[]','2024-11-20 02:45:34','2024-11-20 02:45:34',NULL,'public'),(107,0,'slider-04','slider-04',6,'image/png',11780,'sliders/slider-04.png','[]','2024-11-20 02:45:34','2024-11-20 02:45:34',NULL,'public'),(108,0,'slider-05-banner-1','slider-05-banner-1',6,'image/jpeg',3724,'sliders/slider-05-banner-1.jpg','[]','2024-11-20 02:45:34','2024-11-20 02:45:34',NULL,'public'),(109,0,'slider-05-banner-2','slider-05-banner-2',6,'image/jpeg',3724,'sliders/slider-05-banner-2.jpg','[]','2024-11-20 02:45:34','2024-11-20 02:45:34',NULL,'public'),(110,0,'slider-05-bg-1','slider-05-bg-1',6,'image/jpeg',11103,'sliders/slider-05-bg-1.jpg','[]','2024-11-20 02:45:35','2024-11-20 02:45:35',NULL,'public'),(111,0,'slider-05-bg-2','slider-05-bg-2',6,'image/jpeg',11103,'sliders/slider-05-bg-2.jpg','[]','2024-11-20 02:45:35','2024-11-20 02:45:35',NULL,'public'),(112,0,'slider-05-bg-3','slider-05-bg-3',6,'image/jpeg',11103,'sliders/slider-05-bg-3.jpg','[]','2024-11-20 02:45:35','2024-11-20 02:45:35',NULL,'public'),(113,0,'slider-05-bg-4','slider-05-bg-4',6,'image/jpeg',11103,'sliders/slider-05-bg-4.jpg','[]','2024-11-20 02:45:35','2024-11-20 02:45:35',NULL,'public'),(114,0,'slider-05','slider-05',6,'image/png',11780,'sliders/slider-05.png','[]','2024-11-20 02:45:35','2024-11-20 02:45:35',NULL,'public'),(115,0,'slider-06','slider-06',6,'image/png',11780,'sliders/slider-06.png','[]','2024-11-20 02:45:35','2024-11-20 02:45:35',NULL,'public'),(116,0,'slider-bg-04','slider-bg-04',6,'image/png',7941,'sliders/slider-bg-04.png','[]','2024-11-20 02:45:35','2024-11-20 02:45:35',NULL,'public'),(117,0,'slider-bg-05','slider-bg-05',6,'image/png',7941,'sliders/slider-bg-05.png','[]','2024-11-20 02:45:35','2024-11-20 02:45:35',NULL,'public'),(118,0,'slider-bg-06','slider-bg-06',6,'image/png',7941,'sliders/slider-bg-06.png','[]','2024-11-20 02:45:35','2024-11-20 02:45:35',NULL,'public'),(119,0,'video-bg-01','video-bg-01',6,'image/jpeg',14217,'sliders/video-bg-01.jpg','[]','2024-11-20 02:45:35','2024-11-20 02:45:35',NULL,'public'),(120,0,'brand-01','brand-01',7,'image/png',630,'brands/brand-01.png','[]','2024-11-20 02:45:35','2024-11-20 02:45:35',NULL,'public'),(121,0,'brand-02','brand-02',7,'image/png',630,'brands/brand-02.png','[]','2024-11-20 02:45:35','2024-11-20 02:45:35',NULL,'public'),(122,0,'brand-03','brand-03',7,'image/png',630,'brands/brand-03.png','[]','2024-11-20 02:45:35','2024-11-20 02:45:35',NULL,'public'),(123,0,'brand-04','brand-04',7,'image/png',630,'brands/brand-04.png','[]','2024-11-20 02:45:36','2024-11-20 02:45:36',NULL,'public'),(124,0,'brand-05','brand-05',7,'image/png',630,'brands/brand-05.png','[]','2024-11-20 02:45:36','2024-11-20 02:45:36',NULL,'public'),(125,0,'brand-06','brand-06',7,'image/png',630,'brands/brand-06.png','[]','2024-11-20 02:45:36','2024-11-20 02:45:36',NULL,'public'),(126,0,'brand-w-01','brand-w-01',7,'image/png',630,'brands/brand-w-01.png','[]','2024-11-20 02:45:36','2024-11-20 02:45:36',NULL,'public'),(127,0,'brand-w-02','brand-w-02',7,'image/png',630,'brands/brand-w-02.png','[]','2024-11-20 02:45:36','2024-11-20 02:45:36',NULL,'public'),(128,0,'brand-w-03','brand-w-03',7,'image/png',630,'brands/brand-w-03.png','[]','2024-11-20 02:45:36','2024-11-20 02:45:36',NULL,'public'),(129,0,'brand-w-04','brand-w-04',7,'image/png',630,'brands/brand-w-04.png','[]','2024-11-20 02:45:36','2024-11-20 02:45:36',NULL,'public'),(130,0,'brand-w-05','brand-w-05',7,'image/png',630,'brands/brand-w-05.png','[]','2024-11-20 02:45:36','2024-11-20 02:45:36',NULL,'public'),(131,0,'brand-w-06','brand-w-06',7,'image/png',630,'brands/brand-w-06.png','[]','2024-11-20 02:45:36','2024-11-20 02:45:36',NULL,'public'),(132,0,'pla-brand-01','pla-brand-01',7,'image/png',630,'brands/pla-brand-01.png','[]','2024-11-20 02:45:36','2024-11-20 02:45:36',NULL,'public'),(133,0,'pla-brand-02','pla-brand-02',7,'image/png',630,'brands/pla-brand-02.png','[]','2024-11-20 02:45:36','2024-11-20 02:45:36',NULL,'public'),(134,0,'pla-brand-03','pla-brand-03',7,'image/png',630,'brands/pla-brand-03.png','[]','2024-11-20 02:45:36','2024-11-20 02:45:36',NULL,'public'),(135,0,'pla-brand-04','pla-brand-04',7,'image/png',630,'brands/pla-brand-04.png','[]','2024-11-20 02:45:36','2024-11-20 02:45:36',NULL,'public'),(136,0,'pla-brand-05','pla-brand-05',7,'image/png',630,'brands/pla-brand-05.png','[]','2024-11-20 02:45:36','2024-11-20 02:45:36',NULL,'public'),(137,0,'pla-brand-06','pla-brand-06',7,'image/png',630,'brands/pla-brand-06.png','[]','2024-11-20 02:45:36','2024-11-20 02:45:36',NULL,'public'),(138,0,'feature-icon-01','feature-icon-01',8,'image/png',2082,'features/feature-icon-01.png','[]','2024-11-20 02:45:36','2024-11-20 02:45:36',NULL,'public'),(139,0,'feature-icon-02','feature-icon-02',8,'image/png',1941,'features/feature-icon-02.png','[]','2024-11-20 02:45:36','2024-11-20 02:45:36',NULL,'public'),(140,0,'feature-icon-03','feature-icon-03',8,'image/png',2535,'features/feature-icon-03.png','[]','2024-11-20 02:45:36','2024-11-20 02:45:36',NULL,'public'),(141,0,'feature-icon-04','feature-icon-04',8,'image/png',1158,'features/feature-icon-04.png','[]','2024-11-20 02:45:36','2024-11-20 02:45:36',NULL,'public'),(142,0,'feature-icon-05','feature-icon-05',8,'image/png',1887,'features/feature-icon-05.png','[]','2024-11-20 02:45:36','2024-11-20 02:45:36',NULL,'public'),(143,0,'feature-icon-06','feature-icon-06',8,'image/png',1666,'features/feature-icon-06.png','[]','2024-11-20 02:45:36','2024-11-20 02:45:36',NULL,'public'),(144,0,'pla-product-01','pla-product-01',9,'image/jpeg',9803,'products/pla-product-01.jpg','[]','2024-11-20 02:45:37','2024-11-20 02:45:37',NULL,'public'),(145,0,'pla-product-02','pla-product-02',9,'image/jpeg',9803,'products/pla-product-02.jpg','[]','2024-11-20 02:45:37','2024-11-20 02:45:37',NULL,'public'),(146,0,'pla-product-03','pla-product-03',9,'image/jpeg',9803,'products/pla-product-03.jpg','[]','2024-11-20 02:45:37','2024-11-20 02:45:37',NULL,'public'),(147,0,'pla-product-04','pla-product-04',9,'image/jpeg',9803,'products/pla-product-04.jpg','[]','2024-11-20 02:45:37','2024-11-20 02:45:37',NULL,'public'),(148,0,'product-1','product-1',9,'image/jpeg',9803,'products/product-1.jpg','[]','2024-11-20 02:45:37','2024-11-20 02:45:37',NULL,'public'),(149,0,'product-10','product-10',9,'image/jpeg',9803,'products/product-10.jpg','[]','2024-11-20 02:45:37','2024-11-20 02:45:37',NULL,'public'),(150,0,'product-11','product-11',9,'image/jpeg',9803,'products/product-11.jpg','[]','2024-11-20 02:45:37','2024-11-20 02:45:37',NULL,'public'),(151,0,'product-12','product-12',9,'image/jpeg',9803,'products/product-12.jpg','[]','2024-11-20 02:45:37','2024-11-20 02:45:37',NULL,'public'),(152,0,'product-13','product-13',9,'image/jpeg',9803,'products/product-13.jpg','[]','2024-11-20 02:45:37','2024-11-20 02:45:37',NULL,'public'),(153,0,'product-14','product-14',9,'image/jpeg',9803,'products/product-14.jpg','[]','2024-11-20 02:45:37','2024-11-20 02:45:37',NULL,'public'),(154,0,'product-15','product-15',9,'image/jpeg',9803,'products/product-15.jpg','[]','2024-11-20 02:45:37','2024-11-20 02:45:37',NULL,'public'),(155,0,'product-16','product-16',9,'image/jpeg',9803,'products/product-16.jpg','[]','2024-11-20 02:45:37','2024-11-20 02:45:37',NULL,'public'),(156,0,'product-17','product-17',9,'image/jpeg',9803,'products/product-17.jpg','[]','2024-11-20 02:45:38','2024-11-20 02:45:38',NULL,'public'),(157,0,'product-18','product-18',9,'image/jpeg',9803,'products/product-18.jpg','[]','2024-11-20 02:45:38','2024-11-20 02:45:38',NULL,'public'),(158,0,'product-19','product-19',9,'image/jpeg',9803,'products/product-19.jpg','[]','2024-11-20 02:45:38','2024-11-20 02:45:38',NULL,'public'),(159,0,'product-2','product-2',9,'image/jpeg',9803,'products/product-2.jpg','[]','2024-11-20 02:45:38','2024-11-20 02:45:38',NULL,'public'),(160,0,'product-20','product-20',9,'image/jpeg',9803,'products/product-20.jpg','[]','2024-11-20 02:45:38','2024-11-20 02:45:38',NULL,'public'),(161,0,'product-21','product-21',9,'image/jpeg',9803,'products/product-21.jpg','[]','2024-11-20 02:45:38','2024-11-20 02:45:38',NULL,'public'),(162,0,'product-22','product-22',9,'image/jpeg',9803,'products/product-22.jpg','[]','2024-11-20 02:45:38','2024-11-20 02:45:38',NULL,'public'),(163,0,'product-23','product-23',9,'image/jpeg',9803,'products/product-23.jpg','[]','2024-11-20 02:45:38','2024-11-20 02:45:38',NULL,'public'),(164,0,'product-24','product-24',9,'image/jpeg',9803,'products/product-24.jpg','[]','2024-11-20 02:45:38','2024-11-20 02:45:38',NULL,'public'),(165,0,'product-25','product-25',9,'image/jpeg',9803,'products/product-25.jpg','[]','2024-11-20 02:45:38','2024-11-20 02:45:38',NULL,'public'),(166,0,'product-26','product-26',9,'image/jpeg',9803,'products/product-26.jpg','[]','2024-11-20 02:45:38','2024-11-20 02:45:38',NULL,'public'),(167,0,'product-27','product-27',9,'image/jpeg',9803,'products/product-27.jpg','[]','2024-11-20 02:45:38','2024-11-20 02:45:38',NULL,'public'),(168,0,'product-28','product-28',9,'image/jpeg',9803,'products/product-28.jpg','[]','2024-11-20 02:45:38','2024-11-20 02:45:38',NULL,'public'),(169,0,'product-29','product-29',9,'image/jpeg',9803,'products/product-29.jpg','[]','2024-11-20 02:45:39','2024-11-20 02:45:39',NULL,'public'),(170,0,'product-3','product-3',9,'image/jpeg',9803,'products/product-3.jpg','[]','2024-11-20 02:45:39','2024-11-20 02:45:39',NULL,'public'),(171,0,'product-30','product-30',9,'image/jpeg',9803,'products/product-30.jpg','[]','2024-11-20 02:45:39','2024-11-20 02:45:39',NULL,'public'),(172,0,'product-31','product-31',9,'image/jpeg',9803,'products/product-31.jpg','[]','2024-11-20 02:45:39','2024-11-20 02:45:39',NULL,'public'),(173,0,'product-32','product-32',9,'image/jpeg',9803,'products/product-32.jpg','[]','2024-11-20 02:45:39','2024-11-20 02:45:39',NULL,'public'),(174,0,'product-33','product-33',9,'image/jpeg',9803,'products/product-33.jpg','[]','2024-11-20 02:45:39','2024-11-20 02:45:39',NULL,'public'),(175,0,'product-34','product-34',9,'image/jpeg',9803,'products/product-34.jpg','[]','2024-11-20 02:45:39','2024-11-20 02:45:39',NULL,'public'),(176,0,'product-35','product-35',9,'image/jpeg',9803,'products/product-35.jpg','[]','2024-11-20 02:45:39','2024-11-20 02:45:39',NULL,'public'),(177,0,'product-36','product-36',9,'image/jpeg',9803,'products/product-36.jpg','[]','2024-11-20 02:45:39','2024-11-20 02:45:39',NULL,'public'),(178,0,'product-37','product-37',9,'image/jpeg',9803,'products/product-37.jpg','[]','2024-11-20 02:45:39','2024-11-20 02:45:39',NULL,'public'),(179,0,'product-38','product-38',9,'image/jpeg',9803,'products/product-38.jpg','[]','2024-11-20 02:45:39','2024-11-20 02:45:39',NULL,'public'),(180,0,'product-39','product-39',9,'image/jpeg',9803,'products/product-39.jpg','[]','2024-11-20 02:45:39','2024-11-20 02:45:39',NULL,'public'),(181,0,'product-4','product-4',9,'image/jpeg',9803,'products/product-4.jpg','[]','2024-11-20 02:45:39','2024-11-20 02:45:39',NULL,'public'),(182,0,'product-40','product-40',9,'image/jpeg',9803,'products/product-40.jpg','[]','2024-11-20 02:45:39','2024-11-20 02:45:39',NULL,'public'),(183,0,'product-41','product-41',9,'image/jpeg',9803,'products/product-41.jpg','[]','2024-11-20 02:45:40','2024-11-20 02:45:40',NULL,'public'),(184,0,'product-42','product-42',9,'image/jpeg',9803,'products/product-42.jpg','[]','2024-11-20 02:45:40','2024-11-20 02:45:40',NULL,'public'),(185,0,'product-43','product-43',9,'image/jpeg',9803,'products/product-43.jpg','[]','2024-11-20 02:45:40','2024-11-20 02:45:40',NULL,'public'),(186,0,'product-44','product-44',9,'image/jpeg',9803,'products/product-44.jpg','[]','2024-11-20 02:45:40','2024-11-20 02:45:40',NULL,'public'),(187,0,'product-45','product-45',9,'image/jpeg',9803,'products/product-45.jpg','[]','2024-11-20 02:45:40','2024-11-20 02:45:40',NULL,'public'),(188,0,'product-46','product-46',9,'image/jpeg',9803,'products/product-46.jpg','[]','2024-11-20 02:45:40','2024-11-20 02:45:40',NULL,'public'),(189,0,'product-47','product-47',9,'image/jpeg',9803,'products/product-47.jpg','[]','2024-11-20 02:45:40','2024-11-20 02:45:40',NULL,'public'),(190,0,'product-48','product-48',9,'image/jpeg',9803,'products/product-48.jpg','[]','2024-11-20 02:45:40','2024-11-20 02:45:40',NULL,'public'),(191,0,'product-49','product-49',9,'image/jpeg',9803,'products/product-49.jpg','[]','2024-11-20 02:45:40','2024-11-20 02:45:40',NULL,'public'),(192,0,'product-5','product-5',9,'image/jpeg',9803,'products/product-5.jpg','[]','2024-11-20 02:45:40','2024-11-20 02:45:40',NULL,'public'),(193,0,'product-50','product-50',9,'image/jpeg',9803,'products/product-50.jpg','[]','2024-11-20 02:45:40','2024-11-20 02:45:40',NULL,'public'),(194,0,'product-51','product-51',9,'image/jpeg',9803,'products/product-51.jpg','[]','2024-11-20 02:45:40','2024-11-20 02:45:40',NULL,'public'),(195,0,'product-52','product-52',9,'image/jpeg',9803,'products/product-52.jpg','[]','2024-11-20 02:45:40','2024-11-20 02:45:40',NULL,'public'),(196,0,'product-53','product-53',9,'image/jpeg',9803,'products/product-53.jpg','[]','2024-11-20 02:45:41','2024-11-20 02:45:41',NULL,'public'),(197,0,'product-54','product-54',9,'image/jpeg',9803,'products/product-54.jpg','[]','2024-11-20 02:45:41','2024-11-20 02:45:41',NULL,'public'),(198,0,'product-55','product-55',9,'image/jpeg',9803,'products/product-55.jpg','[]','2024-11-20 02:45:41','2024-11-20 02:45:41',NULL,'public'),(199,0,'product-56','product-56',9,'image/jpeg',9803,'products/product-56.jpg','[]','2024-11-20 02:45:41','2024-11-20 02:45:41',NULL,'public'),(200,0,'product-57','product-57',9,'image/jpeg',9803,'products/product-57.jpg','[]','2024-11-20 02:45:41','2024-11-20 02:45:41',NULL,'public'),(201,0,'product-58','product-58',9,'image/jpeg',9803,'products/product-58.jpg','[]','2024-11-20 02:45:41','2024-11-20 02:45:41',NULL,'public'),(202,0,'product-59','product-59',9,'image/jpeg',9803,'products/product-59.jpg','[]','2024-11-20 02:45:41','2024-11-20 02:45:41',NULL,'public'),(203,0,'product-6','product-6',9,'image/jpeg',9803,'products/product-6.jpg','[]','2024-11-20 02:45:41','2024-11-20 02:45:41',NULL,'public'),(204,0,'product-60','product-60',9,'image/jpeg',9803,'products/product-60.jpg','[]','2024-11-20 02:45:41','2024-11-20 02:45:41',NULL,'public'),(205,0,'product-61','product-61',9,'image/jpeg',9803,'products/product-61.jpg','[]','2024-11-20 02:45:41','2024-11-20 02:45:41',NULL,'public'),(206,0,'product-62','product-62',9,'image/jpeg',9803,'products/product-62.jpg','[]','2024-11-20 02:45:41','2024-11-20 02:45:41',NULL,'public'),(207,0,'product-63','product-63',9,'image/jpeg',9803,'products/product-63.jpg','[]','2024-11-20 02:45:41','2024-11-20 02:45:41',NULL,'public'),(208,0,'product-64','product-64',9,'image/jpeg',9803,'products/product-64.jpg','[]','2024-11-20 02:45:42','2024-11-20 02:45:42',NULL,'public'),(209,0,'product-65','product-65',9,'image/jpeg',9803,'products/product-65.jpg','[]','2024-11-20 02:45:42','2024-11-20 02:45:42',NULL,'public'),(210,0,'product-66','product-66',9,'image/jpeg',9803,'products/product-66.jpg','[]','2024-11-20 02:45:42','2024-11-20 02:45:42',NULL,'public'),(211,0,'product-67','product-67',9,'image/jpeg',9803,'products/product-67.jpg','[]','2024-11-20 02:45:42','2024-11-20 02:45:42',NULL,'public'),(212,0,'product-68','product-68',9,'image/jpeg',9803,'products/product-68.jpg','[]','2024-11-20 02:45:42','2024-11-20 02:45:42',NULL,'public'),(213,0,'product-69','product-69',9,'image/jpeg',9803,'products/product-69.jpg','[]','2024-11-20 02:45:42','2024-11-20 02:45:42',NULL,'public'),(214,0,'product-7','product-7',9,'image/jpeg',9803,'products/product-7.jpg','[]','2024-11-20 02:45:42','2024-11-20 02:45:42',NULL,'public'),(215,0,'product-70','product-70',9,'image/jpeg',9803,'products/product-70.jpg','[]','2024-11-20 02:45:42','2024-11-20 02:45:42',NULL,'public'),(216,0,'product-71','product-71',9,'image/jpeg',9803,'products/product-71.jpg','[]','2024-11-20 02:45:42','2024-11-20 02:45:42',NULL,'public'),(217,0,'product-72','product-72',9,'image/jpeg',9803,'products/product-72.jpg','[]','2024-11-20 02:45:42','2024-11-20 02:45:42',NULL,'public'),(218,0,'product-73','product-73',9,'image/jpeg',9803,'products/product-73.jpg','[]','2024-11-20 02:45:42','2024-11-20 02:45:42',NULL,'public'),(219,0,'product-74','product-74',9,'image/jpeg',9803,'products/product-74.jpg','[]','2024-11-20 02:45:42','2024-11-20 02:45:42',NULL,'public'),(220,0,'product-75','product-75',9,'image/jpeg',9803,'products/product-75.jpg','[]','2024-11-20 02:45:42','2024-11-20 02:45:42',NULL,'public'),(221,0,'product-76','product-76',9,'image/jpeg',9803,'products/product-76.jpg','[]','2024-11-20 02:45:43','2024-11-20 02:45:43',NULL,'public'),(222,0,'product-77','product-77',9,'image/jpeg',9803,'products/product-77.jpg','[]','2024-11-20 02:45:43','2024-11-20 02:45:43',NULL,'public'),(223,0,'product-78','product-78',9,'image/jpeg',9803,'products/product-78.jpg','[]','2024-11-20 02:45:43','2024-11-20 02:45:43',NULL,'public'),(224,0,'product-79','product-79',9,'image/jpeg',9803,'products/product-79.jpg','[]','2024-11-20 02:45:43','2024-11-20 02:45:43',NULL,'public'),(225,0,'product-8','product-8',9,'image/jpeg',9803,'products/product-8.jpg','[]','2024-11-20 02:45:43','2024-11-20 02:45:43',NULL,'public'),(226,0,'product-80','product-80',9,'image/jpeg',9803,'products/product-80.jpg','[]','2024-11-20 02:45:43','2024-11-20 02:45:43',NULL,'public'),(227,0,'product-81','product-81',9,'image/jpeg',9803,'products/product-81.jpg','[]','2024-11-20 02:45:43','2024-11-20 02:45:43',NULL,'public'),(228,0,'product-82','product-82',9,'image/jpeg',9803,'products/product-82.jpg','[]','2024-11-20 02:45:43','2024-11-20 02:45:43',NULL,'public'),(229,0,'product-83','product-83',9,'image/jpeg',9803,'products/product-83.jpg','[]','2024-11-20 02:45:43','2024-11-20 02:45:43',NULL,'public'),(230,0,'product-84','product-84',9,'image/jpeg',9803,'products/product-84.jpg','[]','2024-11-20 02:45:43','2024-11-20 02:45:43',NULL,'public'),(231,0,'product-85','product-85',9,'image/jpeg',9803,'products/product-85.jpg','[]','2024-11-20 02:45:43','2024-11-20 02:45:43',NULL,'public'),(232,0,'product-86','product-86',9,'image/jpeg',9803,'products/product-86.jpg','[]','2024-11-20 02:45:43','2024-11-20 02:45:43',NULL,'public'),(233,0,'product-87','product-87',9,'image/jpeg',9803,'products/product-87.jpg','[]','2024-11-20 02:45:43','2024-11-20 02:45:43',NULL,'public'),(234,0,'product-88','product-88',9,'image/jpeg',9803,'products/product-88.jpg','[]','2024-11-20 02:45:44','2024-11-20 02:45:44',NULL,'public'),(235,0,'product-89','product-89',9,'image/jpeg',9803,'products/product-89.jpg','[]','2024-11-20 02:45:44','2024-11-20 02:45:44',NULL,'public'),(236,0,'product-9','product-9',9,'image/jpeg',9803,'products/product-9.jpg','[]','2024-11-20 02:45:44','2024-11-20 02:45:44',NULL,'public'),(237,0,'product-90','product-90',9,'image/jpeg',9803,'products/product-90.jpg','[]','2024-11-20 02:45:44','2024-11-20 02:45:44',NULL,'public'),(238,0,'product-91','product-91',9,'image/jpeg',9803,'products/product-91.jpg','[]','2024-11-20 02:45:44','2024-11-20 02:45:44',NULL,'public'),(239,0,'product-92','product-92',9,'image/jpeg',9803,'products/product-92.jpg','[]','2024-11-20 02:45:44','2024-11-20 02:45:44',NULL,'public'),(240,0,'product-93','product-93',9,'image/jpeg',9803,'products/product-93.jpg','[]','2024-11-20 02:45:44','2024-11-20 02:45:44',NULL,'public'),(241,0,'product-94','product-94',9,'image/jpeg',9803,'products/product-94.jpg','[]','2024-11-20 02:45:44','2024-11-20 02:45:44',NULL,'public'),(242,0,'product-95','product-95',9,'image/jpeg',9803,'products/product-95.jpg','[]','2024-11-20 02:45:44','2024-11-20 02:45:44',NULL,'public'),(243,0,'1','1',10,'image/jpeg',9803,'customers/1.jpg','[]','2024-11-20 02:45:47','2024-11-20 02:45:47',NULL,'public'),(244,0,'10','10',10,'image/jpeg',9803,'customers/10.jpg','[]','2024-11-20 02:45:47','2024-11-20 02:45:47',NULL,'public'),(245,0,'2','2',10,'image/jpeg',9803,'customers/2.jpg','[]','2024-11-20 02:45:47','2024-11-20 02:45:47',NULL,'public'),(246,0,'3','3',10,'image/jpeg',9803,'customers/3.jpg','[]','2024-11-20 02:45:48','2024-11-20 02:45:48',NULL,'public'),(247,0,'4','4',10,'image/jpeg',9803,'customers/4.jpg','[]','2024-11-20 02:45:48','2024-11-20 02:45:48',NULL,'public'),(248,0,'5','5',10,'image/jpeg',9803,'customers/5.jpg','[]','2024-11-20 02:45:48','2024-11-20 02:45:48',NULL,'public'),(249,0,'6','6',10,'image/jpeg',9803,'customers/6.jpg','[]','2024-11-20 02:45:48','2024-11-20 02:45:48',NULL,'public'),(250,0,'7','7',10,'image/jpeg',9803,'customers/7.jpg','[]','2024-11-20 02:45:48','2024-11-20 02:45:48',NULL,'public'),(251,0,'8','8',10,'image/jpeg',9803,'customers/8.jpg','[]','2024-11-20 02:45:48','2024-11-20 02:45:48',NULL,'public'),(252,0,'9','9',10,'image/jpeg',9803,'customers/9.jpg','[]','2024-11-20 02:45:48','2024-11-20 02:45:48',NULL,'public'),(253,0,'1','1',11,'image/jpeg',9803,'galleries/1.jpg','[]','2024-11-20 02:45:51','2024-11-20 02:45:51',NULL,'public'),(254,0,'2','2',11,'image/jpeg',9803,'galleries/2.jpg','[]','2024-11-20 02:45:51','2024-11-20 02:45:51',NULL,'public'),(255,0,'3','3',11,'image/jpeg',9803,'galleries/3.jpg','[]','2024-11-20 02:45:51','2024-11-20 02:45:51',NULL,'public'),(256,0,'4','4',11,'image/jpeg',9803,'galleries/4.jpg','[]','2024-11-20 02:45:51','2024-11-20 02:45:51',NULL,'public'),(257,0,'5','5',11,'image/jpeg',9803,'galleries/5.jpg','[]','2024-11-20 02:45:51','2024-11-20 02:45:51',NULL,'public'),(258,0,'6','6',11,'image/jpeg',9803,'galleries/6.jpg','[]','2024-11-20 02:45:51','2024-11-20 02:45:51',NULL,'public'),(266,0,'avatar-1','avatar-1',13,'image/png',674,'testimonials/avatar-1.png','[]','2024-11-20 02:45:52','2024-11-20 02:45:52',NULL,'public'),(267,0,'avatar-2','avatar-2',13,'image/png',674,'testimonials/avatar-2.png','[]','2024-11-20 02:45:52','2024-11-20 02:45:52',NULL,'public'),(268,0,'avatar-3','avatar-3',13,'image/png',674,'testimonials/avatar-3.png','[]','2024-11-20 02:45:52','2024-11-20 02:45:52',NULL,'public'),(269,0,'team-1','team-1',13,'image/jpeg',6202,'testimonials/team-1.jpg','[]','2024-11-20 02:45:52','2024-11-20 02:45:52',NULL,'public'),(270,0,'team-2','team-2',13,'image/jpeg',6202,'testimonials/team-2.jpg','[]','2024-11-20 02:45:52','2024-11-20 02:45:52',NULL,'public'),(271,0,'team-3','team-3',13,'image/jpeg',6202,'testimonials/team-3.jpg','[]','2024-11-20 02:45:52','2024-11-20 02:45:52',NULL,'public'),(272,0,'team-4','team-4',13,'image/jpeg',6202,'testimonials/team-4.jpg','[]','2024-11-20 02:45:52','2024-11-20 02:45:52',NULL,'public');
/*!40000 ALTER TABLE `media_files` ENABLE KEYS */;
UNLOCK TABLES;

--
-- Table structure for table `media_folders`
--

DROP TABLE IF EXISTS `media_folders`;
/*!40101 SET @saved_cs_client     = @@character_set_client */;
/*!40101 SET character_set_client = utf8 */;
CREATE TABLE `media_folders` (
  `id` bigint unsigned NOT NULL AUTO_INCREMENT,
  `user_id` bigint unsigned NOT NULL,
  `name` varchar(191) COLLATE utf8mb4_unicode_ci DEFAULT NULL,
  `color` varchar(191) COLLATE utf8mb4_unicode_ci DEFAULT NULL,
  `slug` varchar(191) COLLATE utf8mb4_unicode_ci DEFAULT NULL,
  `parent_id` bigint unsigned NOT NULL DEFAULT '0',
  `created_at` timestamp NULL DEFAULT NULL,
  `updated_at` timestamp NULL DEFAULT NULL,
  `deleted_at` timestamp NULL DEFAULT NULL,
  PRIMARY KEY (`id`),
  KEY `media_folders_user_id_index` (`user_id`),
  KEY `media_folders_index` (`parent_id`,`user_id`,`created_at`)
) ENGINE=InnoDB AUTO_INCREMENT=14 DEFAULT CHARSET=utf8mb4 COLLATE=utf8mb4_unicode_ci;
/*!40101 SET character_set_client = @saved_cs_client */;

--
-- Dumping data for table `media_folders`
--

LOCK TABLES `media_folders` WRITE;
/*!40000 ALTER TABLE `media_folders` DISABLE KEYS */;
INSERT INTO `media_folders` VALUES (1,0,'general',NULL,'general',0,'2024-11-20 02:45:27','2024-11-20 02:45:27',NULL),(2,0,'blog',NULL,'blog',0,'2024-11-20 02:45:28','2024-11-20 02:45:28',NULL),(3,0,'shop',NULL,'shop',0,'2024-11-20 02:45:29','2024-11-20 02:45:29',NULL),(4,0,'banners',NULL,'banners',0,'2024-11-20 02:45:31','2024-11-20 02:45:31',NULL),(5,0,'icons',NULL,'icons',0,'2024-11-20 02:45:33','2024-11-20 02:45:33',NULL),(6,0,'sliders',NULL,'sliders',0,'2024-11-20 02:45:34','2024-11-20 02:45:34',NULL),(7,0,'brands',NULL,'brands',0,'2024-11-20 02:45:35','2024-11-20 02:45:35',NULL),(8,0,'features',NULL,'features',0,'2024-11-20 02:45:36','2024-11-20 02:45:36',NULL),(9,0,'products',NULL,'products',0,'2024-11-20 02:45:37','2024-11-20 02:45:37',NULL),(10,0,'customers',NULL,'customers',0,'2024-11-20 02:45:47','2024-11-20 02:45:47',NULL),(11,0,'galleries',NULL,'galleries',0,'2024-11-20 02:45:51','2024-11-20 02:45:51',NULL),(13,0,'testimonials',NULL,'testimonials',0,'2024-11-20 02:45:52','2024-11-20 02:45:52',NULL);
/*!40000 ALTER TABLE `media_folders` ENABLE KEYS */;
UNLOCK TABLES;

--
-- Table structure for table `media_settings`
--

DROP TABLE IF EXISTS `media_settings`;
/*!40101 SET @saved_cs_client     = @@character_set_client */;
/*!40101 SET character_set_client = utf8 */;
CREATE TABLE `media_settings` (
  `id` bigint unsigned NOT NULL AUTO_INCREMENT,
  `key` varchar(120) COLLATE utf8mb4_unicode_ci NOT NULL,
  `value` text COLLATE utf8mb4_unicode_ci,
  `media_id` bigint unsigned DEFAULT NULL,
  `user_id` bigint unsigned DEFAULT NULL,
  `created_at` timestamp NULL DEFAULT NULL,
  `updated_at` timestamp NULL DEFAULT NULL,
  PRIMARY KEY (`id`)
) ENGINE=InnoDB DEFAULT CHARSET=utf8mb4 COLLATE=utf8mb4_unicode_ci;
/*!40101 SET character_set_client = @saved_cs_client */;

--
-- Dumping data for table `media_settings`
--

LOCK TABLES `media_settings` WRITE;
/*!40000 ALTER TABLE `media_settings` DISABLE KEYS */;
/*!40000 ALTER TABLE `media_settings` ENABLE KEYS */;
UNLOCK TABLES;

--
-- Table structure for table `menu_locations`
--

DROP TABLE IF EXISTS `menu_locations`;
/*!40101 SET @saved_cs_client     = @@character_set_client */;
/*!40101 SET character_set_client = utf8 */;
CREATE TABLE `menu_locations` (
  `id` bigint unsigned NOT NULL AUTO_INCREMENT,
  `menu_id` bigint unsigned NOT NULL,
  `location` varchar(191) COLLATE utf8mb4_unicode_ci NOT NULL,
  `created_at` timestamp NULL DEFAULT NULL,
  `updated_at` timestamp NULL DEFAULT NULL,
  PRIMARY KEY (`id`),
  KEY `menu_locations_menu_id_created_at_index` (`menu_id`,`created_at`)
) ENGINE=InnoDB AUTO_INCREMENT=5 DEFAULT CHARSET=utf8mb4 COLLATE=utf8mb4_unicode_ci;
/*!40101 SET character_set_client = @saved_cs_client */;

--
-- Dumping data for table `menu_locations`
--

LOCK TABLES `menu_locations` WRITE;
/*!40000 ALTER TABLE `menu_locations` DISABLE KEYS */;
INSERT INTO `menu_locations` VALUES (1,1,'main-menu','2024-11-20 02:45:51','2024-11-20 02:45:51'),(2,2,'information','2024-11-20 02:45:51','2024-11-20 02:45:51'),(3,3,'my-account','2024-11-20 02:45:51','2024-11-20 02:45:51'),(4,4,'social-network','2024-11-20 02:45:51','2024-11-20 02:45:51');
/*!40000 ALTER TABLE `menu_locations` ENABLE KEYS */;
UNLOCK TABLES;

--
-- Table structure for table `menu_nodes`
--

DROP TABLE IF EXISTS `menu_nodes`;
/*!40101 SET @saved_cs_client     = @@character_set_client */;
/*!40101 SET character_set_client = utf8 */;
CREATE TABLE `menu_nodes` (
  `id` bigint unsigned NOT NULL AUTO_INCREMENT,
  `menu_id` bigint unsigned NOT NULL,
  `parent_id` bigint unsigned NOT NULL DEFAULT '0',
  `reference_id` bigint unsigned DEFAULT NULL,
  `reference_type` varchar(191) COLLATE utf8mb4_unicode_ci DEFAULT NULL,
  `url` varchar(191) COLLATE utf8mb4_unicode_ci DEFAULT NULL,
  `icon_font` varchar(191) COLLATE utf8mb4_unicode_ci DEFAULT NULL,
  `position` tinyint unsigned NOT NULL DEFAULT '0',
  `title` varchar(191) COLLATE utf8mb4_unicode_ci DEFAULT NULL,
  `css_class` varchar(191) COLLATE utf8mb4_unicode_ci DEFAULT NULL,
  `target` varchar(20) COLLATE utf8mb4_unicode_ci NOT NULL DEFAULT '_self',
  `has_child` tinyint unsigned NOT NULL DEFAULT '0',
  `created_at` timestamp NULL DEFAULT NULL,
  `updated_at` timestamp NULL DEFAULT NULL,
  PRIMARY KEY (`id`),
  KEY `menu_nodes_menu_id_index` (`menu_id`),
  KEY `menu_nodes_parent_id_index` (`parent_id`),
  KEY `reference_id` (`reference_id`),
  KEY `reference_type` (`reference_type`)
) ENGINE=InnoDB AUTO_INCREMENT=40 DEFAULT CHARSET=utf8mb4 COLLATE=utf8mb4_unicode_ci;
/*!40101 SET character_set_client = @saved_cs_client */;

--
-- Dumping data for table `menu_nodes`
--

LOCK TABLES `menu_nodes` WRITE;
/*!40000 ALTER TABLE `menu_nodes` DISABLE KEYS */;
INSERT INTO `menu_nodes` VALUES (1,1,0,NULL,NULL,'/',NULL,0,'Home',NULL,'_self',1,'2024-11-20 02:45:51','2024-11-20 02:45:51'),(2,1,1,1,'Botble\\Page\\Models\\Page','/',NULL,0,'Wooden Home',NULL,'_self',0,'2024-11-20 02:45:51','2024-11-20 02:45:51'),(3,1,1,2,'Botble\\Page\\Models\\Page','/fashion-home',NULL,0,'Fashion Home',NULL,'_self',0,'2024-11-20 02:45:51','2024-11-20 02:45:51'),(4,1,1,3,'Botble\\Page\\Models\\Page','/furniture-home',NULL,0,'Furniture Home',NULL,'_self',0,'2024-11-20 02:45:51','2024-11-20 02:45:51'),(5,1,1,4,'Botble\\Page\\Models\\Page','/cosmetics-home',NULL,0,'Cosmetics Home',NULL,'_self',0,'2024-11-20 02:45:51','2024-11-20 02:45:51'),(6,1,1,5,'Botble\\Page\\Models\\Page','/food-grocery-home',NULL,0,'Food Grocery',NULL,'_self',0,'2024-11-20 02:45:51','2024-11-20 02:45:51'),(7,1,0,NULL,NULL,'/',NULL,0,'Shop',NULL,'_self',1,'2024-11-20 02:45:51','2024-11-20 02:45:51'),(8,1,7,NULL,NULL,'/products',NULL,0,'Shop Grid',NULL,'_self',0,'2024-11-20 02:45:51','2024-11-20 02:45:51'),(9,1,7,NULL,NULL,'/products?layout=list',NULL,0,'Shop List',NULL,'_self',0,'2024-11-20 02:45:51','2024-11-20 02:45:51'),(10,1,7,NULL,NULL,'',NULL,0,'Shop Detail',NULL,'_self',0,'2024-11-20 02:45:51','2024-11-20 02:45:51'),(11,1,7,10,'Botble\\Page\\Models\\Page','/store-locator',NULL,0,'Shop Location',NULL,'_self',0,'2024-11-20 02:45:51','2024-11-20 02:45:51'),(12,1,7,NULL,NULL,'/cart',NULL,0,'Cart',NULL,'_self',0,'2024-11-20 02:45:51','2024-11-20 02:45:51'),(13,1,7,NULL,NULL,'/wishlist',NULL,0,'Wishlist',NULL,'_self',0,'2024-11-20 02:45:51','2024-11-20 02:45:51'),(14,1,0,NULL,NULL,'/',NULL,0,'Pages',NULL,'_self',1,'2024-11-20 02:45:51','2024-11-20 02:45:51'),(15,1,14,NULL,NULL,'/orders/tracking',NULL,0,'Order Tracking',NULL,'_self',0,'2024-11-20 02:45:51','2024-11-20 02:45:51'),(16,1,14,7,'Botble\\Page\\Models\\Page','/about',NULL,0,'About',NULL,'_self',0,'2024-11-20 02:45:51','2024-11-20 02:45:51'),(17,1,14,NULL,NULL,'/register',NULL,0,'Sign up',NULL,'_self',0,'2024-11-20 02:45:51','2024-11-20 02:45:51'),(18,1,14,NULL,NULL,'/login',NULL,0,'Login',NULL,'_self',0,'2024-11-20 02:45:51','2024-11-20 02:45:51'),(19,1,14,NULL,NULL,'/404',NULL,0,'404 / Error',NULL,'_self',0,'2024-11-20 02:45:51','2024-11-20 02:45:51'),(20,1,14,9,'Botble\\Page\\Models\\Page','/coming-soon',NULL,0,'Coming soon',NULL,'_self',0,'2024-11-20 02:45:51','2024-11-20 02:45:51'),(21,1,0,NULL,NULL,'/',NULL,0,'Blog',NULL,'_self',1,'2024-11-20 02:45:51','2024-11-20 02:45:51'),(22,1,21,6,'Botble\\Page\\Models\\Page','/blog',NULL,0,'Blog',NULL,'_self',0,'2024-11-20 02:45:51','2024-11-20 02:45:51'),(23,1,21,NULL,NULL,'',NULL,0,'Blog Detail',NULL,'_self',0,'2024-11-20 02:45:51','2024-11-20 02:45:51'),(24,1,0,8,'Botble\\Page\\Models\\Page','/contact',NULL,0,'Contact',NULL,'_self',0,'2024-11-20 02:45:51','2024-11-20 02:45:51'),(25,2,0,1,'Botble\\Page\\Models\\Page','/',NULL,1,'Custom Service',NULL,'_self',0,'2024-11-20 02:45:51','2024-11-20 02:45:51'),(26,2,0,1,'Botble\\Page\\Models\\Page','/',NULL,1,'FAQs',NULL,'_self',0,'2024-11-20 02:45:51','2024-11-20 02:45:51'),(27,2,0,1,'Botble\\Page\\Models\\Page','/',NULL,1,'Order Tracking',NULL,'_self',0,'2024-11-20 02:45:51','2024-11-20 02:45:51'),(28,2,0,1,'Botble\\Page\\Models\\Page','/',NULL,1,'Contacts',NULL,'_self',0,'2024-11-20 02:45:51','2024-11-20 02:45:51'),(29,2,0,1,'Botble\\Page\\Models\\Page','/',NULL,1,'Events',NULL,'_self',0,'2024-11-20 02:45:51','2024-11-20 02:45:51'),(30,3,0,1,'Botble\\Page\\Models\\Page','/',NULL,2,'Delivery Information',NULL,'_self',0,'2024-11-20 02:45:51','2024-11-20 02:45:51'),(31,3,0,1,'Botble\\Page\\Models\\Page','/',NULL,2,'Privacy Policy',NULL,'_self',0,'2024-11-20 02:45:51','2024-11-20 02:45:51'),(32,3,0,1,'Botble\\Page\\Models\\Page','/',NULL,2,'Discount',NULL,'_self',0,'2024-11-20 02:45:51','2024-11-20 02:45:51'),(33,3,0,1,'Botble\\Page\\Models\\Page','/',NULL,2,'Custom Service',NULL,'_self',0,'2024-11-20 02:45:51','2024-11-20 02:45:51'),(34,3,0,1,'Botble\\Page\\Models\\Page','/',NULL,2,'Terms & Condition',NULL,'_self',0,'2024-11-20 02:45:51','2024-11-20 02:45:51'),(35,4,0,NULL,NULL,'#','fab fa-facebook',3,'Facebook',NULL,'_self',0,'2024-11-20 02:45:51','2024-11-20 02:45:51'),(36,4,0,NULL,NULL,'#','fab fa-dribbble',3,'Dribble',NULL,'_self',0,'2024-11-20 02:45:51','2024-11-20 02:45:51'),(37,4,0,NULL,NULL,'#','fab fa-twitter',3,'Twitter',NULL,'_self',0,'2024-11-20 02:45:51','2024-11-20 02:45:51'),(38,4,0,NULL,NULL,'#','fab fa-behance',3,'Behance',NULL,'_self',0,'2024-11-20 02:45:51','2024-11-20 02:45:51'),(39,4,0,NULL,NULL,'#','fab fa-youtube',3,'Youtube',NULL,'_self',0,'2024-11-20 02:45:51','2024-11-20 02:45:51');
/*!40000 ALTER TABLE `menu_nodes` ENABLE KEYS */;
UNLOCK TABLES;

--
-- Table structure for table `menus`
--

DROP TABLE IF EXISTS `menus`;
/*!40101 SET @saved_cs_client     = @@character_set_client */;
/*!40101 SET character_set_client = utf8 */;
CREATE TABLE `menus` (
  `id` bigint unsigned NOT NULL AUTO_INCREMENT,
  `name` varchar(120) COLLATE utf8mb4_unicode_ci NOT NULL,
  `slug` varchar(120) COLLATE utf8mb4_unicode_ci DEFAULT NULL,
  `status` varchar(60) COLLATE utf8mb4_unicode_ci NOT NULL DEFAULT 'published',
  `created_at` timestamp NULL DEFAULT NULL,
  `updated_at` timestamp NULL DEFAULT NULL,
  PRIMARY KEY (`id`),
  UNIQUE KEY `menus_slug_unique` (`slug`)
) ENGINE=InnoDB AUTO_INCREMENT=5 DEFAULT CHARSET=utf8mb4 COLLATE=utf8mb4_unicode_ci;
/*!40101 SET character_set_client = @saved_cs_client */;

--
-- Dumping data for table `menus`
--

LOCK TABLES `menus` WRITE;
/*!40000 ALTER TABLE `menus` DISABLE KEYS */;
INSERT INTO `menus` VALUES (1,'Main menu','main-menu','published','2024-11-20 02:45:51','2024-11-20 02:45:51'),(2,'Information','information','published','2024-11-20 02:45:51','2024-11-20 02:45:51'),(3,'My Account','my-account','published','2024-11-20 02:45:51','2024-11-20 02:45:51'),(4,'Social Network','social-network','published','2024-11-20 02:45:51','2024-11-20 02:45:51');
/*!40000 ALTER TABLE `menus` ENABLE KEYS */;
UNLOCK TABLES;

--
-- Table structure for table `meta_boxes`
--

DROP TABLE IF EXISTS `meta_boxes`;
/*!40101 SET @saved_cs_client     = @@character_set_client */;
/*!40101 SET character_set_client = utf8 */;
CREATE TABLE `meta_boxes` (
  `id` bigint unsigned NOT NULL AUTO_INCREMENT,
  `meta_key` varchar(191) COLLATE utf8mb4_unicode_ci NOT NULL,
  `meta_value` text COLLATE utf8mb4_unicode_ci,
  `reference_id` bigint unsigned NOT NULL,
  `reference_type` varchar(120) COLLATE utf8mb4_unicode_ci NOT NULL,
  `created_at` timestamp NULL DEFAULT NULL,
  `updated_at` timestamp NULL DEFAULT NULL,
  PRIMARY KEY (`id`),
  KEY `meta_boxes_reference_id_index` (`reference_id`)
) ENGINE=InnoDB AUTO_INCREMENT=145 DEFAULT CHARSET=utf8mb4 COLLATE=utf8mb4_unicode_ci;
/*!40101 SET character_set_client = @saved_cs_client */;

--
-- Dumping data for table `meta_boxes`
--

LOCK TABLES `meta_boxes` WRITE;
/*!40000 ALTER TABLE `meta_boxes` DISABLE KEYS */;
INSERT INTO `meta_boxes` VALUES (1,'header_style','[\"collapsed\"]',1,'Botble\\Page\\Models\\Page','2024-11-20 02:45:31','2024-11-20 02:45:31'),(2,'customize_footer','[\"custom\"]',2,'Botble\\Page\\Models\\Page','2024-11-20 02:45:31','2024-11-20 02:45:31'),(3,'footer_background_color','[\"#040404\"]',2,'Botble\\Page\\Models\\Page','2024-11-20 02:45:31','2024-11-20 02:45:31'),(4,'footer_text_color','[\"#fff\"]',2,'Botble\\Page\\Models\\Page','2024-11-20 02:45:31','2024-11-20 02:45:31'),(5,'footer_text_muted_color','[\"#a0a0a0\"]',2,'Botble\\Page\\Models\\Page','2024-11-20 02:45:31','2024-11-20 02:45:31'),(6,'footer_logo','[\"general\\/logo-white.png\"]',2,'Botble\\Page\\Models\\Page','2024-11-20 02:45:31','2024-11-20 02:45:31'),(7,'footer_border_color','[\"#282828\"]',2,'Botble\\Page\\Models\\Page','2024-11-20 02:45:31','2024-11-20 02:45:31'),(8,'footer_bottom_background_color','[\"#040404\"]',2,'Botble\\Page\\Models\\Page','2024-11-20 02:45:31','2024-11-20 02:45:31'),(9,'customize_footer','[\"custom\"]',3,'Botble\\Page\\Models\\Page','2024-11-20 02:45:31','2024-11-20 02:45:31'),(10,'footer_bottom_background_color','[\"#f8f8f8\"]',3,'Botble\\Page\\Models\\Page','2024-11-20 02:45:31','2024-11-20 02:45:31'),(11,'header_style','[\"centered-logo\"]',4,'Botble\\Page\\Models\\Page','2024-11-20 02:45:31','2024-11-20 02:45:31'),(12,'customize_footer','[\"custom\"]',4,'Botble\\Page\\Models\\Page','2024-11-20 02:45:31','2024-11-20 02:45:31'),(13,'footer_background_color','[\"#F7EFEC\"]',4,'Botble\\Page\\Models\\Page','2024-11-20 02:45:31','2024-11-20 02:45:31'),(14,'footer_bottom_background_color','[\"#F7EFEC\"]',4,'Botble\\Page\\Models\\Page','2024-11-20 02:45:31','2024-11-20 02:45:31'),(15,'customize_footer','[\"custom\"]',5,'Botble\\Page\\Models\\Page','2024-11-20 02:45:31','2024-11-20 02:45:31'),(16,'footer_background_color','[\"#F7EFEC\"]',5,'Botble\\Page\\Models\\Page','2024-11-20 02:45:31','2024-11-20 02:45:31'),(17,'footer_bottom_background_color','[\"#F7EFEC\"]',5,'Botble\\Page\\Models\\Page','2024-11-20 02:45:31','2024-11-20 02:45:31'),(18,'customize_footer','[\"custom\"]',7,'Botble\\Page\\Models\\Page','2024-11-20 02:45:31','2024-11-20 02:45:31'),(19,'footer_background_color','[\"#040404\"]',7,'Botble\\Page\\Models\\Page','2024-11-20 02:45:31','2024-11-20 02:45:31'),(20,'footer_text_color','[\"#fff\"]',7,'Botble\\Page\\Models\\Page','2024-11-20 02:45:31','2024-11-20 02:45:31'),(21,'footer_text_muted_color','[\"#a0a0a0\"]',7,'Botble\\Page\\Models\\Page','2024-11-20 02:45:31','2024-11-20 02:45:31'),(22,'footer_logo','[\"general\\/logo-white.png\"]',7,'Botble\\Page\\Models\\Page','2024-11-20 02:45:31','2024-11-20 02:45:31'),(23,'footer_border_color','[\"#282828\"]',7,'Botble\\Page\\Models\\Page','2024-11-20 02:45:31','2024-11-20 02:45:31'),(24,'footer_bottom_background_color','[\"#040404\"]',7,'Botble\\Page\\Models\\Page','2024-11-20 02:45:31','2024-11-20 02:45:31'),(25,'subtitle','[\"Accessories\"]',1,'Botble\\SimpleSlider\\Models\\SimpleSliderItem','2024-11-20 02:45:35','2024-11-20 02:45:35'),(26,'action_label','[\"Shop Now\"]',1,'Botble\\SimpleSlider\\Models\\SimpleSliderItem','2024-11-20 02:45:35','2024-11-20 02:45:35'),(27,'subtitle','[\"Accessories\"]',2,'Botble\\SimpleSlider\\Models\\SimpleSliderItem','2024-11-20 02:45:35','2024-11-20 02:45:35'),(28,'action_label','[\"Shop Now\"]',2,'Botble\\SimpleSlider\\Models\\SimpleSliderItem','2024-11-20 02:45:35','2024-11-20 02:45:35'),(29,'subtitle','[\"Accessories\"]',3,'Botble\\SimpleSlider\\Models\\SimpleSliderItem','2024-11-20 02:45:35','2024-11-20 02:45:35'),(30,'action_label','[\"Shop Now\"]',3,'Botble\\SimpleSlider\\Models\\SimpleSliderItem','2024-11-20 02:45:35','2024-11-20 02:45:35'),(31,'subtitle','[\"Winter\"]',4,'Botble\\SimpleSlider\\Models\\SimpleSliderItem','2024-11-20 02:45:35','2024-11-20 02:45:35'),(32,'action_label','[\"Shop Now\"]',4,'Botble\\SimpleSlider\\Models\\SimpleSliderItem','2024-11-20 02:45:35','2024-11-20 02:45:35'),(33,'subtitle','[\"Winter\"]',5,'Botble\\SimpleSlider\\Models\\SimpleSliderItem','2024-11-20 02:45:35','2024-11-20 02:45:35'),(34,'action_label','[\"Shop Now\"]',5,'Botble\\SimpleSlider\\Models\\SimpleSliderItem','2024-11-20 02:45:35','2024-11-20 02:45:35'),(35,'subtitle','[\"Winter\"]',6,'Botble\\SimpleSlider\\Models\\SimpleSliderItem','2024-11-20 02:45:35','2024-11-20 02:45:35'),(36,'action_label','[\"Shop Now\"]',6,'Botble\\SimpleSlider\\Models\\SimpleSliderItem','2024-11-20 02:45:35','2024-11-20 02:45:35'),(37,'subtitle','[null]',7,'Botble\\SimpleSlider\\Models\\SimpleSliderItem','2024-11-20 02:45:35','2024-11-20 02:45:35'),(38,'action_label','[\"Shop Now\"]',7,'Botble\\SimpleSlider\\Models\\SimpleSliderItem','2024-11-20 02:45:35','2024-11-20 02:45:35'),(39,'subtitle','[\"New Modern Stylist Fashionable Women\'s Wear holder\"]',8,'Botble\\SimpleSlider\\Models\\SimpleSliderItem','2024-11-20 02:45:35','2024-11-20 02:45:35'),(40,'action_label','[\"Shop Now\"]',8,'Botble\\SimpleSlider\\Models\\SimpleSliderItem','2024-11-20 02:45:35','2024-11-20 02:45:35'),(41,'subtitle','[\"New Modern Stylist Fashionable Women\'s Wear holder\"]',9,'Botble\\SimpleSlider\\Models\\SimpleSliderItem','2024-11-20 02:45:35','2024-11-20 02:45:35'),(42,'action_label','[\"Shop Now\"]',9,'Botble\\SimpleSlider\\Models\\SimpleSliderItem','2024-11-20 02:45:35','2024-11-20 02:45:35'),(43,'subtitle','[null]',10,'Botble\\SimpleSlider\\Models\\SimpleSliderItem','2024-11-20 02:45:35','2024-11-20 02:45:35'),(44,'action_label','[\"Shop Now\"]',10,'Botble\\SimpleSlider\\Models\\SimpleSliderItem','2024-11-20 02:45:35','2024-11-20 02:45:35'),(45,'subtitle','[null]',11,'Botble\\SimpleSlider\\Models\\SimpleSliderItem','2024-11-20 02:45:35','2024-11-20 02:45:35'),(46,'action_label','[\"Shop Now\"]',11,'Botble\\SimpleSlider\\Models\\SimpleSliderItem','2024-11-20 02:45:35','2024-11-20 02:45:35'),(47,'subtitle','[null]',12,'Botble\\SimpleSlider\\Models\\SimpleSliderItem','2024-11-20 02:45:35','2024-11-20 02:45:35'),(48,'action_label','[\"Shop Now\"]',12,'Botble\\SimpleSlider\\Models\\SimpleSliderItem','2024-11-20 02:45:35','2024-11-20 02:45:35'),(49,'subtitle','[null]',13,'Botble\\SimpleSlider\\Models\\SimpleSliderItem','2024-11-20 02:45:35','2024-11-20 02:45:35'),(50,'action_label','[\"Shop Now\"]',13,'Botble\\SimpleSlider\\Models\\SimpleSliderItem','2024-11-20 02:45:35','2024-11-20 02:45:35'),(51,'subtitle','[null]',14,'Botble\\SimpleSlider\\Models\\SimpleSliderItem','2024-11-20 02:45:35','2024-11-20 02:45:35'),(52,'action_label','[\"Shop Now\"]',14,'Botble\\SimpleSlider\\Models\\SimpleSliderItem','2024-11-20 02:45:35','2024-11-20 02:45:35'),(53,'subtitle','[null]',15,'Botble\\SimpleSlider\\Models\\SimpleSliderItem','2024-11-20 02:45:35','2024-11-20 02:45:35'),(54,'action_label','[\"Shop Now\"]',15,'Botble\\SimpleSlider\\Models\\SimpleSliderItem','2024-11-20 02:45:35','2024-11-20 02:45:35'),(55,'subtitle','[\"Collection\"]',3,'Botble\\Ads\\Models\\Ads','2024-11-20 02:45:35','2024-11-20 02:45:35'),(56,'subtitle','[\"New Modern Stylist Fashionable <br> Women\'s Wear holder\"]',4,'Botble\\Ads\\Models\\Ads','2024-11-20 02:45:35','2024-11-20 02:45:35'),(57,'subtitle','[\"Furniture\"]',5,'Botble\\Ads\\Models\\Ads','2024-11-20 02:45:35','2024-11-20 02:45:35'),(58,'subtitle','[\"100 Added\"]',6,'Botble\\Ads\\Models\\Ads','2024-11-20 02:45:35','2024-11-20 02:45:35'),(59,'subtitle','[\"-60% Offer\"]',7,'Botble\\Ads\\Models\\Ads','2024-11-20 02:45:35','2024-11-20 02:45:35'),(60,'subtitle','[\"Best Bakery Products\"]',8,'Botble\\Ads\\Models\\Ads','2024-11-20 02:45:35','2024-11-20 02:45:35'),(61,'subtitle','[\"Best Bakery Products\"]',9,'Botble\\Ads\\Models\\Ads','2024-11-20 02:45:35','2024-11-20 02:45:35'),(62,'faq_schema_config','[[[{\"key\":\"question\",\"value\":\"What Shipping Methods Are Available?\"},{\"key\":\"answer\",\"value\":\"Ex Portland Pitchfork irure mustache. Eutra fap before they sold out literally. Aliquip ugh bicycle rights actually mlkshk, seitan squid craft beer tempor.\"}],[{\"key\":\"question\",\"value\":\"Do You Ship Internationally?\"},{\"key\":\"answer\",\"value\":\"Hoodie tote bag mixtape tofu. Typewriter jean shorts wolf quinoa, messenger bag organic freegan cray.\"}],[{\"key\":\"question\",\"value\":\"How Long Will It Take To Get My Package?\"},{\"key\":\"answer\",\"value\":\"Swag slow-carb quinoa VHS typewriter pork belly brunch, paleo single-origin coffee Wes Anderson. Flexitarian Pitchfork forage, literally paleo fap pour-over. Wes Anderson Pinterest YOLO fanny pack meggings, deep v XOXO chambray sustainable slow-carb raw denim church-key fap chillwave Etsy. +1 typewriter kitsch, American Apparel tofu Banksy Vice.\"}],[{\"key\":\"question\",\"value\":\"What Payment Methods Are Accepted?\"},{\"key\":\"answer\",\"value\":\"Fashion axe DIY jean shorts, swag kale chips meh polaroid kogi butcher Wes Anderson chambray next level semiotics gentrify yr. Voluptate photo booth fugiat Vice. Austin sed Williamsburg, ea labore raw denim voluptate cred proident mixtape excepteur mustache. Twee chia photo booth readymade food truck, hoodie roof party swag keytar PBR DIY.\"}],[{\"key\":\"question\",\"value\":\"Is Buying On-Line Safe?\"},{\"key\":\"answer\",\"value\":\"Art party authentic freegan semiotics jean shorts chia cred. Neutra Austin roof party Brooklyn, synth Thundercats swag 8-bit photo booth. Plaid letterpress leggings craft beer meh ethical Pinterest.\"}]]]',1,'Botble\\Ecommerce\\Models\\Product','2024-11-20 02:45:44','2024-11-20 02:45:44'),(63,'faq_schema_config','[[[{\"key\":\"question\",\"value\":\"What Shipping Methods Are Available?\"},{\"key\":\"answer\",\"value\":\"Ex Portland Pitchfork irure mustache. Eutra fap before they sold out literally. Aliquip ugh bicycle rights actually mlkshk, seitan squid craft beer tempor.\"}],[{\"key\":\"question\",\"value\":\"Do You Ship Internationally?\"},{\"key\":\"answer\",\"value\":\"Hoodie tote bag mixtape tofu. Typewriter jean shorts wolf quinoa, messenger bag organic freegan cray.\"}],[{\"key\":\"question\",\"value\":\"How Long Will It Take To Get My Package?\"},{\"key\":\"answer\",\"value\":\"Swag slow-carb quinoa VHS typewriter pork belly brunch, paleo single-origin coffee Wes Anderson. Flexitarian Pitchfork forage, literally paleo fap pour-over. Wes Anderson Pinterest YOLO fanny pack meggings, deep v XOXO chambray sustainable slow-carb raw denim church-key fap chillwave Etsy. +1 typewriter kitsch, American Apparel tofu Banksy Vice.\"}],[{\"key\":\"question\",\"value\":\"What Payment Methods Are Accepted?\"},{\"key\":\"answer\",\"value\":\"Fashion axe DIY jean shorts, swag kale chips meh polaroid kogi butcher Wes Anderson chambray next level semiotics gentrify yr. Voluptate photo booth fugiat Vice. Austin sed Williamsburg, ea labore raw denim voluptate cred proident mixtape excepteur mustache. Twee chia photo booth readymade food truck, hoodie roof party swag keytar PBR DIY.\"}],[{\"key\":\"question\",\"value\":\"Is Buying On-Line Safe?\"},{\"key\":\"answer\",\"value\":\"Art party authentic freegan semiotics jean shorts chia cred. Neutra Austin roof party Brooklyn, synth Thundercats swag 8-bit photo booth. Plaid letterpress leggings craft beer meh ethical Pinterest.\"}]]]',2,'Botble\\Ecommerce\\Models\\Product','2024-11-20 02:45:44','2024-11-20 02:45:44'),(64,'faq_schema_config','[[[{\"key\":\"question\",\"value\":\"What Shipping Methods Are Available?\"},{\"key\":\"answer\",\"value\":\"Ex Portland Pitchfork irure mustache. Eutra fap before they sold out literally. Aliquip ugh bicycle rights actually mlkshk, seitan squid craft beer tempor.\"}],[{\"key\":\"question\",\"value\":\"Do You Ship Internationally?\"},{\"key\":\"answer\",\"value\":\"Hoodie tote bag mixtape tofu. Typewriter jean shorts wolf quinoa, messenger bag organic freegan cray.\"}],[{\"key\":\"question\",\"value\":\"How Long Will It Take To Get My Package?\"},{\"key\":\"answer\",\"value\":\"Swag slow-carb quinoa VHS typewriter pork belly brunch, paleo single-origin coffee Wes Anderson. Flexitarian Pitchfork forage, literally paleo fap pour-over. Wes Anderson Pinterest YOLO fanny pack meggings, deep v XOXO chambray sustainable slow-carb raw denim church-key fap chillwave Etsy. +1 typewriter kitsch, American Apparel tofu Banksy Vice.\"}],[{\"key\":\"question\",\"value\":\"What Payment Methods Are Accepted?\"},{\"key\":\"answer\",\"value\":\"Fashion axe DIY jean shorts, swag kale chips meh polaroid kogi butcher Wes Anderson chambray next level semiotics gentrify yr. Voluptate photo booth fugiat Vice. Austin sed Williamsburg, ea labore raw denim voluptate cred proident mixtape excepteur mustache. Twee chia photo booth readymade food truck, hoodie roof party swag keytar PBR DIY.\"}],[{\"key\":\"question\",\"value\":\"Is Buying On-Line Safe?\"},{\"key\":\"answer\",\"value\":\"Art party authentic freegan semiotics jean shorts chia cred. Neutra Austin roof party Brooklyn, synth Thundercats swag 8-bit photo booth. Plaid letterpress leggings craft beer meh ethical Pinterest.\"}]]]',3,'Botble\\Ecommerce\\Models\\Product','2024-11-20 02:45:44','2024-11-20 02:45:44'),(65,'faq_schema_config','[[[{\"key\":\"question\",\"value\":\"What Shipping Methods Are Available?\"},{\"key\":\"answer\",\"value\":\"Ex Portland Pitchfork irure mustache. Eutra fap before they sold out literally. Aliquip ugh bicycle rights actually mlkshk, seitan squid craft beer tempor.\"}],[{\"key\":\"question\",\"value\":\"Do You Ship Internationally?\"},{\"key\":\"answer\",\"value\":\"Hoodie tote bag mixtape tofu. Typewriter jean shorts wolf quinoa, messenger bag organic freegan cray.\"}],[{\"key\":\"question\",\"value\":\"How Long Will It Take To Get My Package?\"},{\"key\":\"answer\",\"value\":\"Swag slow-carb quinoa VHS typewriter pork belly brunch, paleo single-origin coffee Wes Anderson. Flexitarian Pitchfork forage, literally paleo fap pour-over. Wes Anderson Pinterest YOLO fanny pack meggings, deep v XOXO chambray sustainable slow-carb raw denim church-key fap chillwave Etsy. +1 typewriter kitsch, American Apparel tofu Banksy Vice.\"}],[{\"key\":\"question\",\"value\":\"What Payment Methods Are Accepted?\"},{\"key\":\"answer\",\"value\":\"Fashion axe DIY jean shorts, swag kale chips meh polaroid kogi butcher Wes Anderson chambray next level semiotics gentrify yr. Voluptate photo booth fugiat Vice. Austin sed Williamsburg, ea labore raw denim voluptate cred proident mixtape excepteur mustache. Twee chia photo booth readymade food truck, hoodie roof party swag keytar PBR DIY.\"}],[{\"key\":\"question\",\"value\":\"Is Buying On-Line Safe?\"},{\"key\":\"answer\",\"value\":\"Art party authentic freegan semiotics jean shorts chia cred. Neutra Austin roof party Brooklyn, synth Thundercats swag 8-bit photo booth. Plaid letterpress leggings craft beer meh ethical Pinterest.\"}]]]',4,'Botble\\Ecommerce\\Models\\Product','2024-11-20 02:45:44','2024-11-20 02:45:44'),(66,'faq_schema_config','[[[{\"key\":\"question\",\"value\":\"What Shipping Methods Are Available?\"},{\"key\":\"answer\",\"value\":\"Ex Portland Pitchfork irure mustache. Eutra fap before they sold out literally. Aliquip ugh bicycle rights actually mlkshk, seitan squid craft beer tempor.\"}],[{\"key\":\"question\",\"value\":\"Do You Ship Internationally?\"},{\"key\":\"answer\",\"value\":\"Hoodie tote bag mixtape tofu. Typewriter jean shorts wolf quinoa, messenger bag organic freegan cray.\"}],[{\"key\":\"question\",\"value\":\"How Long Will It Take To Get My Package?\"},{\"key\":\"answer\",\"value\":\"Swag slow-carb quinoa VHS typewriter pork belly brunch, paleo single-origin coffee Wes Anderson. Flexitarian Pitchfork forage, literally paleo fap pour-over. Wes Anderson Pinterest YOLO fanny pack meggings, deep v XOXO chambray sustainable slow-carb raw denim church-key fap chillwave Etsy. +1 typewriter kitsch, American Apparel tofu Banksy Vice.\"}],[{\"key\":\"question\",\"value\":\"What Payment Methods Are Accepted?\"},{\"key\":\"answer\",\"value\":\"Fashion axe DIY jean shorts, swag kale chips meh polaroid kogi butcher Wes Anderson chambray next level semiotics gentrify yr. Voluptate photo booth fugiat Vice. Austin sed Williamsburg, ea labore raw denim voluptate cred proident mixtape excepteur mustache. Twee chia photo booth readymade food truck, hoodie roof party swag keytar PBR DIY.\"}],[{\"key\":\"question\",\"value\":\"Is Buying On-Line Safe?\"},{\"key\":\"answer\",\"value\":\"Art party authentic freegan semiotics jean shorts chia cred. Neutra Austin roof party Brooklyn, synth Thundercats swag 8-bit photo booth. Plaid letterpress leggings craft beer meh ethical Pinterest.\"}]]]',5,'Botble\\Ecommerce\\Models\\Product','2024-11-20 02:45:44','2024-11-20 02:45:44'),(67,'faq_schema_config','[[[{\"key\":\"question\",\"value\":\"What Shipping Methods Are Available?\"},{\"key\":\"answer\",\"value\":\"Ex Portland Pitchfork irure mustache. Eutra fap before they sold out literally. Aliquip ugh bicycle rights actually mlkshk, seitan squid craft beer tempor.\"}],[{\"key\":\"question\",\"value\":\"Do You Ship Internationally?\"},{\"key\":\"answer\",\"value\":\"Hoodie tote bag mixtape tofu. Typewriter jean shorts wolf quinoa, messenger bag organic freegan cray.\"}],[{\"key\":\"question\",\"value\":\"How Long Will It Take To Get My Package?\"},{\"key\":\"answer\",\"value\":\"Swag slow-carb quinoa VHS typewriter pork belly brunch, paleo single-origin coffee Wes Anderson. Flexitarian Pitchfork forage, literally paleo fap pour-over. Wes Anderson Pinterest YOLO fanny pack meggings, deep v XOXO chambray sustainable slow-carb raw denim church-key fap chillwave Etsy. +1 typewriter kitsch, American Apparel tofu Banksy Vice.\"}],[{\"key\":\"question\",\"value\":\"What Payment Methods Are Accepted?\"},{\"key\":\"answer\",\"value\":\"Fashion axe DIY jean shorts, swag kale chips meh polaroid kogi butcher Wes Anderson chambray next level semiotics gentrify yr. Voluptate photo booth fugiat Vice. Austin sed Williamsburg, ea labore raw denim voluptate cred proident mixtape excepteur mustache. Twee chia photo booth readymade food truck, hoodie roof party swag keytar PBR DIY.\"}],[{\"key\":\"question\",\"value\":\"Is Buying On-Line Safe?\"},{\"key\":\"answer\",\"value\":\"Art party authentic freegan semiotics jean shorts chia cred. Neutra Austin roof party Brooklyn, synth Thundercats swag 8-bit photo booth. Plaid letterpress leggings craft beer meh ethical Pinterest.\"}]]]',6,'Botble\\Ecommerce\\Models\\Product','2024-11-20 02:45:44','2024-11-20 02:45:44'),(68,'faq_schema_config','[[[{\"key\":\"question\",\"value\":\"What Shipping Methods Are Available?\"},{\"key\":\"answer\",\"value\":\"Ex Portland Pitchfork irure mustache. Eutra fap before they sold out literally. Aliquip ugh bicycle rights actually mlkshk, seitan squid craft beer tempor.\"}],[{\"key\":\"question\",\"value\":\"Do You Ship Internationally?\"},{\"key\":\"answer\",\"value\":\"Hoodie tote bag mixtape tofu. Typewriter jean shorts wolf quinoa, messenger bag organic freegan cray.\"}],[{\"key\":\"question\",\"value\":\"How Long Will It Take To Get My Package?\"},{\"key\":\"answer\",\"value\":\"Swag slow-carb quinoa VHS typewriter pork belly brunch, paleo single-origin coffee Wes Anderson. Flexitarian Pitchfork forage, literally paleo fap pour-over. Wes Anderson Pinterest YOLO fanny pack meggings, deep v XOXO chambray sustainable slow-carb raw denim church-key fap chillwave Etsy. +1 typewriter kitsch, American Apparel tofu Banksy Vice.\"}],[{\"key\":\"question\",\"value\":\"What Payment Methods Are Accepted?\"},{\"key\":\"answer\",\"value\":\"Fashion axe DIY jean shorts, swag kale chips meh polaroid kogi butcher Wes Anderson chambray next level semiotics gentrify yr. Voluptate photo booth fugiat Vice. Austin sed Williamsburg, ea labore raw denim voluptate cred proident mixtape excepteur mustache. Twee chia photo booth readymade food truck, hoodie roof party swag keytar PBR DIY.\"}],[{\"key\":\"question\",\"value\":\"Is Buying On-Line Safe?\"},{\"key\":\"answer\",\"value\":\"Art party authentic freegan semiotics jean shorts chia cred. Neutra Austin roof party Brooklyn, synth Thundercats swag 8-bit photo booth. Plaid letterpress leggings craft beer meh ethical Pinterest.\"}]]]',7,'Botble\\Ecommerce\\Models\\Product','2024-11-20 02:45:44','2024-11-20 02:45:44'),(69,'faq_schema_config','[[[{\"key\":\"question\",\"value\":\"What Shipping Methods Are Available?\"},{\"key\":\"answer\",\"value\":\"Ex Portland Pitchfork irure mustache. Eutra fap before they sold out literally. Aliquip ugh bicycle rights actually mlkshk, seitan squid craft beer tempor.\"}],[{\"key\":\"question\",\"value\":\"Do You Ship Internationally?\"},{\"key\":\"answer\",\"value\":\"Hoodie tote bag mixtape tofu. Typewriter jean shorts wolf quinoa, messenger bag organic freegan cray.\"}],[{\"key\":\"question\",\"value\":\"How Long Will It Take To Get My Package?\"},{\"key\":\"answer\",\"value\":\"Swag slow-carb quinoa VHS typewriter pork belly brunch, paleo single-origin coffee Wes Anderson. Flexitarian Pitchfork forage, literally paleo fap pour-over. Wes Anderson Pinterest YOLO fanny pack meggings, deep v XOXO chambray sustainable slow-carb raw denim church-key fap chillwave Etsy. +1 typewriter kitsch, American Apparel tofu Banksy Vice.\"}],[{\"key\":\"question\",\"value\":\"What Payment Methods Are Accepted?\"},{\"key\":\"answer\",\"value\":\"Fashion axe DIY jean shorts, swag kale chips meh polaroid kogi butcher Wes Anderson chambray next level semiotics gentrify yr. Voluptate photo booth fugiat Vice. Austin sed Williamsburg, ea labore raw denim voluptate cred proident mixtape excepteur mustache. Twee chia photo booth readymade food truck, hoodie roof party swag keytar PBR DIY.\"}],[{\"key\":\"question\",\"value\":\"Is Buying On-Line Safe?\"},{\"key\":\"answer\",\"value\":\"Art party authentic freegan semiotics jean shorts chia cred. Neutra Austin roof party Brooklyn, synth Thundercats swag 8-bit photo booth. Plaid letterpress leggings craft beer meh ethical Pinterest.\"}]]]',8,'Botble\\Ecommerce\\Models\\Product','2024-11-20 02:45:44','2024-11-20 02:45:44'),(70,'faq_schema_config','[[[{\"key\":\"question\",\"value\":\"What Shipping Methods Are Available?\"},{\"key\":\"answer\",\"value\":\"Ex Portland Pitchfork irure mustache. Eutra fap before they sold out literally. Aliquip ugh bicycle rights actually mlkshk, seitan squid craft beer tempor.\"}],[{\"key\":\"question\",\"value\":\"Do You Ship Internationally?\"},{\"key\":\"answer\",\"value\":\"Hoodie tote bag mixtape tofu. Typewriter jean shorts wolf quinoa, messenger bag organic freegan cray.\"}],[{\"key\":\"question\",\"value\":\"How Long Will It Take To Get My Package?\"},{\"key\":\"answer\",\"value\":\"Swag slow-carb quinoa VHS typewriter pork belly brunch, paleo single-origin coffee Wes Anderson. Flexitarian Pitchfork forage, literally paleo fap pour-over. Wes Anderson Pinterest YOLO fanny pack meggings, deep v XOXO chambray sustainable slow-carb raw denim church-key fap chillwave Etsy. +1 typewriter kitsch, American Apparel tofu Banksy Vice.\"}],[{\"key\":\"question\",\"value\":\"What Payment Methods Are Accepted?\"},{\"key\":\"answer\",\"value\":\"Fashion axe DIY jean shorts, swag kale chips meh polaroid kogi butcher Wes Anderson chambray next level semiotics gentrify yr. Voluptate photo booth fugiat Vice. Austin sed Williamsburg, ea labore raw denim voluptate cred proident mixtape excepteur mustache. Twee chia photo booth readymade food truck, hoodie roof party swag keytar PBR DIY.\"}],[{\"key\":\"question\",\"value\":\"Is Buying On-Line Safe?\"},{\"key\":\"answer\",\"value\":\"Art party authentic freegan semiotics jean shorts chia cred. Neutra Austin roof party Brooklyn, synth Thundercats swag 8-bit photo booth. Plaid letterpress leggings craft beer meh ethical Pinterest.\"}]]]',9,'Botble\\Ecommerce\\Models\\Product','2024-11-20 02:45:44','2024-11-20 02:45:44'),(71,'faq_schema_config','[[[{\"key\":\"question\",\"value\":\"What Shipping Methods Are Available?\"},{\"key\":\"answer\",\"value\":\"Ex Portland Pitchfork irure mustache. Eutra fap before they sold out literally. Aliquip ugh bicycle rights actually mlkshk, seitan squid craft beer tempor.\"}],[{\"key\":\"question\",\"value\":\"Do You Ship Internationally?\"},{\"key\":\"answer\",\"value\":\"Hoodie tote bag mixtape tofu. Typewriter jean shorts wolf quinoa, messenger bag organic freegan cray.\"}],[{\"key\":\"question\",\"value\":\"How Long Will It Take To Get My Package?\"},{\"key\":\"answer\",\"value\":\"Swag slow-carb quinoa VHS typewriter pork belly brunch, paleo single-origin coffee Wes Anderson. Flexitarian Pitchfork forage, literally paleo fap pour-over. Wes Anderson Pinterest YOLO fanny pack meggings, deep v XOXO chambray sustainable slow-carb raw denim church-key fap chillwave Etsy. +1 typewriter kitsch, American Apparel tofu Banksy Vice.\"}],[{\"key\":\"question\",\"value\":\"What Payment Methods Are Accepted?\"},{\"key\":\"answer\",\"value\":\"Fashion axe DIY jean shorts, swag kale chips meh polaroid kogi butcher Wes Anderson chambray next level semiotics gentrify yr. Voluptate photo booth fugiat Vice. Austin sed Williamsburg, ea labore raw denim voluptate cred proident mixtape excepteur mustache. Twee chia photo booth readymade food truck, hoodie roof party swag keytar PBR DIY.\"}],[{\"key\":\"question\",\"value\":\"Is Buying On-Line Safe?\"},{\"key\":\"answer\",\"value\":\"Art party authentic freegan semiotics jean shorts chia cred. Neutra Austin roof party Brooklyn, synth Thundercats swag 8-bit photo booth. Plaid letterpress leggings craft beer meh ethical Pinterest.\"}]]]',10,'Botble\\Ecommerce\\Models\\Product','2024-11-20 02:45:44','2024-11-20 02:45:44'),(72,'faq_schema_config','[[[{\"key\":\"question\",\"value\":\"What Shipping Methods Are Available?\"},{\"key\":\"answer\",\"value\":\"Ex Portland Pitchfork irure mustache. Eutra fap before they sold out literally. Aliquip ugh bicycle rights actually mlkshk, seitan squid craft beer tempor.\"}],[{\"key\":\"question\",\"value\":\"Do You Ship Internationally?\"},{\"key\":\"answer\",\"value\":\"Hoodie tote bag mixtape tofu. Typewriter jean shorts wolf quinoa, messenger bag organic freegan cray.\"}],[{\"key\":\"question\",\"value\":\"How Long Will It Take To Get My Package?\"},{\"key\":\"answer\",\"value\":\"Swag slow-carb quinoa VHS typewriter pork belly brunch, paleo single-origin coffee Wes Anderson. Flexitarian Pitchfork forage, literally paleo fap pour-over. Wes Anderson Pinterest YOLO fanny pack meggings, deep v XOXO chambray sustainable slow-carb raw denim church-key fap chillwave Etsy. +1 typewriter kitsch, American Apparel tofu Banksy Vice.\"}],[{\"key\":\"question\",\"value\":\"What Payment Methods Are Accepted?\"},{\"key\":\"answer\",\"value\":\"Fashion axe DIY jean shorts, swag kale chips meh polaroid kogi butcher Wes Anderson chambray next level semiotics gentrify yr. Voluptate photo booth fugiat Vice. Austin sed Williamsburg, ea labore raw denim voluptate cred proident mixtape excepteur mustache. Twee chia photo booth readymade food truck, hoodie roof party swag keytar PBR DIY.\"}],[{\"key\":\"question\",\"value\":\"Is Buying On-Line Safe?\"},{\"key\":\"answer\",\"value\":\"Art party authentic freegan semiotics jean shorts chia cred. Neutra Austin roof party Brooklyn, synth Thundercats swag 8-bit photo booth. Plaid letterpress leggings craft beer meh ethical Pinterest.\"}]]]',11,'Botble\\Ecommerce\\Models\\Product','2024-11-20 02:45:44','2024-11-20 02:45:44'),(73,'faq_schema_config','[[[{\"key\":\"question\",\"value\":\"What Shipping Methods Are Available?\"},{\"key\":\"answer\",\"value\":\"Ex Portland Pitchfork irure mustache. Eutra fap before they sold out literally. Aliquip ugh bicycle rights actually mlkshk, seitan squid craft beer tempor.\"}],[{\"key\":\"question\",\"value\":\"Do You Ship Internationally?\"},{\"key\":\"answer\",\"value\":\"Hoodie tote bag mixtape tofu. Typewriter jean shorts wolf quinoa, messenger bag organic freegan cray.\"}],[{\"key\":\"question\",\"value\":\"How Long Will It Take To Get My Package?\"},{\"key\":\"answer\",\"value\":\"Swag slow-carb quinoa VHS typewriter pork belly brunch, paleo single-origin coffee Wes Anderson. Flexitarian Pitchfork forage, literally paleo fap pour-over. Wes Anderson Pinterest YOLO fanny pack meggings, deep v XOXO chambray sustainable slow-carb raw denim church-key fap chillwave Etsy. +1 typewriter kitsch, American Apparel tofu Banksy Vice.\"}],[{\"key\":\"question\",\"value\":\"What Payment Methods Are Accepted?\"},{\"key\":\"answer\",\"value\":\"Fashion axe DIY jean shorts, swag kale chips meh polaroid kogi butcher Wes Anderson chambray next level semiotics gentrify yr. Voluptate photo booth fugiat Vice. Austin sed Williamsburg, ea labore raw denim voluptate cred proident mixtape excepteur mustache. Twee chia photo booth readymade food truck, hoodie roof party swag keytar PBR DIY.\"}],[{\"key\":\"question\",\"value\":\"Is Buying On-Line Safe?\"},{\"key\":\"answer\",\"value\":\"Art party authentic freegan semiotics jean shorts chia cred. Neutra Austin roof party Brooklyn, synth Thundercats swag 8-bit photo booth. Plaid letterpress leggings craft beer meh ethical Pinterest.\"}]]]',12,'Botble\\Ecommerce\\Models\\Product','2024-11-20 02:45:44','2024-11-20 02:45:44'),(74,'faq_schema_config','[[[{\"key\":\"question\",\"value\":\"What Shipping Methods Are Available?\"},{\"key\":\"answer\",\"value\":\"Ex Portland Pitchfork irure mustache. Eutra fap before they sold out literally. Aliquip ugh bicycle rights actually mlkshk, seitan squid craft beer tempor.\"}],[{\"key\":\"question\",\"value\":\"Do You Ship Internationally?\"},{\"key\":\"answer\",\"value\":\"Hoodie tote bag mixtape tofu. Typewriter jean shorts wolf quinoa, messenger bag organic freegan cray.\"}],[{\"key\":\"question\",\"value\":\"How Long Will It Take To Get My Package?\"},{\"key\":\"answer\",\"value\":\"Swag slow-carb quinoa VHS typewriter pork belly brunch, paleo single-origin coffee Wes Anderson. Flexitarian Pitchfork forage, literally paleo fap pour-over. Wes Anderson Pinterest YOLO fanny pack meggings, deep v XOXO chambray sustainable slow-carb raw denim church-key fap chillwave Etsy. +1 typewriter kitsch, American Apparel tofu Banksy Vice.\"}],[{\"key\":\"question\",\"value\":\"What Payment Methods Are Accepted?\"},{\"key\":\"answer\",\"value\":\"Fashion axe DIY jean shorts, swag kale chips meh polaroid kogi butcher Wes Anderson chambray next level semiotics gentrify yr. Voluptate photo booth fugiat Vice. Austin sed Williamsburg, ea labore raw denim voluptate cred proident mixtape excepteur mustache. Twee chia photo booth readymade food truck, hoodie roof party swag keytar PBR DIY.\"}],[{\"key\":\"question\",\"value\":\"Is Buying On-Line Safe?\"},{\"key\":\"answer\",\"value\":\"Art party authentic freegan semiotics jean shorts chia cred. Neutra Austin roof party Brooklyn, synth Thundercats swag 8-bit photo booth. Plaid letterpress leggings craft beer meh ethical Pinterest.\"}]]]',13,'Botble\\Ecommerce\\Models\\Product','2024-11-20 02:45:44','2024-11-20 02:45:44'),(75,'faq_schema_config','[[[{\"key\":\"question\",\"value\":\"What Shipping Methods Are Available?\"},{\"key\":\"answer\",\"value\":\"Ex Portland Pitchfork irure mustache. Eutra fap before they sold out literally. Aliquip ugh bicycle rights actually mlkshk, seitan squid craft beer tempor.\"}],[{\"key\":\"question\",\"value\":\"Do You Ship Internationally?\"},{\"key\":\"answer\",\"value\":\"Hoodie tote bag mixtape tofu. Typewriter jean shorts wolf quinoa, messenger bag organic freegan cray.\"}],[{\"key\":\"question\",\"value\":\"How Long Will It Take To Get My Package?\"},{\"key\":\"answer\",\"value\":\"Swag slow-carb quinoa VHS typewriter pork belly brunch, paleo single-origin coffee Wes Anderson. Flexitarian Pitchfork forage, literally paleo fap pour-over. Wes Anderson Pinterest YOLO fanny pack meggings, deep v XOXO chambray sustainable slow-carb raw denim church-key fap chillwave Etsy. +1 typewriter kitsch, American Apparel tofu Banksy Vice.\"}],[{\"key\":\"question\",\"value\":\"What Payment Methods Are Accepted?\"},{\"key\":\"answer\",\"value\":\"Fashion axe DIY jean shorts, swag kale chips meh polaroid kogi butcher Wes Anderson chambray next level semiotics gentrify yr. Voluptate photo booth fugiat Vice. Austin sed Williamsburg, ea labore raw denim voluptate cred proident mixtape excepteur mustache. Twee chia photo booth readymade food truck, hoodie roof party swag keytar PBR DIY.\"}],[{\"key\":\"question\",\"value\":\"Is Buying On-Line Safe?\"},{\"key\":\"answer\",\"value\":\"Art party authentic freegan semiotics jean shorts chia cred. Neutra Austin roof party Brooklyn, synth Thundercats swag 8-bit photo booth. Plaid letterpress leggings craft beer meh ethical Pinterest.\"}]]]',14,'Botble\\Ecommerce\\Models\\Product','2024-11-20 02:45:44','2024-11-20 02:45:44'),(76,'faq_schema_config','[[[{\"key\":\"question\",\"value\":\"What Shipping Methods Are Available?\"},{\"key\":\"answer\",\"value\":\"Ex Portland Pitchfork irure mustache. Eutra fap before they sold out literally. Aliquip ugh bicycle rights actually mlkshk, seitan squid craft beer tempor.\"}],[{\"key\":\"question\",\"value\":\"Do You Ship Internationally?\"},{\"key\":\"answer\",\"value\":\"Hoodie tote bag mixtape tofu. Typewriter jean shorts wolf quinoa, messenger bag organic freegan cray.\"}],[{\"key\":\"question\",\"value\":\"How Long Will It Take To Get My Package?\"},{\"key\":\"answer\",\"value\":\"Swag slow-carb quinoa VHS typewriter pork belly brunch, paleo single-origin coffee Wes Anderson. Flexitarian Pitchfork forage, literally paleo fap pour-over. Wes Anderson Pinterest YOLO fanny pack meggings, deep v XOXO chambray sustainable slow-carb raw denim church-key fap chillwave Etsy. +1 typewriter kitsch, American Apparel tofu Banksy Vice.\"}],[{\"key\":\"question\",\"value\":\"What Payment Methods Are Accepted?\"},{\"key\":\"answer\",\"value\":\"Fashion axe DIY jean shorts, swag kale chips meh polaroid kogi butcher Wes Anderson chambray next level semiotics gentrify yr. Voluptate photo booth fugiat Vice. Austin sed Williamsburg, ea labore raw denim voluptate cred proident mixtape excepteur mustache. Twee chia photo booth readymade food truck, hoodie roof party swag keytar PBR DIY.\"}],[{\"key\":\"question\",\"value\":\"Is Buying On-Line Safe?\"},{\"key\":\"answer\",\"value\":\"Art party authentic freegan semiotics jean shorts chia cred. Neutra Austin roof party Brooklyn, synth Thundercats swag 8-bit photo booth. Plaid letterpress leggings craft beer meh ethical Pinterest.\"}]]]',15,'Botble\\Ecommerce\\Models\\Product','2024-11-20 02:45:44','2024-11-20 02:45:44'),(77,'faq_schema_config','[[[{\"key\":\"question\",\"value\":\"What Shipping Methods Are Available?\"},{\"key\":\"answer\",\"value\":\"Ex Portland Pitchfork irure mustache. Eutra fap before they sold out literally. Aliquip ugh bicycle rights actually mlkshk, seitan squid craft beer tempor.\"}],[{\"key\":\"question\",\"value\":\"Do You Ship Internationally?\"},{\"key\":\"answer\",\"value\":\"Hoodie tote bag mixtape tofu. Typewriter jean shorts wolf quinoa, messenger bag organic freegan cray.\"}],[{\"key\":\"question\",\"value\":\"How Long Will It Take To Get My Package?\"},{\"key\":\"answer\",\"value\":\"Swag slow-carb quinoa VHS typewriter pork belly brunch, paleo single-origin coffee Wes Anderson. Flexitarian Pitchfork forage, literally paleo fap pour-over. Wes Anderson Pinterest YOLO fanny pack meggings, deep v XOXO chambray sustainable slow-carb raw denim church-key fap chillwave Etsy. +1 typewriter kitsch, American Apparel tofu Banksy Vice.\"}],[{\"key\":\"question\",\"value\":\"What Payment Methods Are Accepted?\"},{\"key\":\"answer\",\"value\":\"Fashion axe DIY jean shorts, swag kale chips meh polaroid kogi butcher Wes Anderson chambray next level semiotics gentrify yr. Voluptate photo booth fugiat Vice. Austin sed Williamsburg, ea labore raw denim voluptate cred proident mixtape excepteur mustache. Twee chia photo booth readymade food truck, hoodie roof party swag keytar PBR DIY.\"}],[{\"key\":\"question\",\"value\":\"Is Buying On-Line Safe?\"},{\"key\":\"answer\",\"value\":\"Art party authentic freegan semiotics jean shorts chia cred. Neutra Austin roof party Brooklyn, synth Thundercats swag 8-bit photo booth. Plaid letterpress leggings craft beer meh ethical Pinterest.\"}]]]',16,'Botble\\Ecommerce\\Models\\Product','2024-11-20 02:45:44','2024-11-20 02:45:44'),(78,'faq_schema_config','[[[{\"key\":\"question\",\"value\":\"What Shipping Methods Are Available?\"},{\"key\":\"answer\",\"value\":\"Ex Portland Pitchfork irure mustache. Eutra fap before they sold out literally. Aliquip ugh bicycle rights actually mlkshk, seitan squid craft beer tempor.\"}],[{\"key\":\"question\",\"value\":\"Do You Ship Internationally?\"},{\"key\":\"answer\",\"value\":\"Hoodie tote bag mixtape tofu. Typewriter jean shorts wolf quinoa, messenger bag organic freegan cray.\"}],[{\"key\":\"question\",\"value\":\"How Long Will It Take To Get My Package?\"},{\"key\":\"answer\",\"value\":\"Swag slow-carb quinoa VHS typewriter pork belly brunch, paleo single-origin coffee Wes Anderson. Flexitarian Pitchfork forage, literally paleo fap pour-over. Wes Anderson Pinterest YOLO fanny pack meggings, deep v XOXO chambray sustainable slow-carb raw denim church-key fap chillwave Etsy. +1 typewriter kitsch, American Apparel tofu Banksy Vice.\"}],[{\"key\":\"question\",\"value\":\"What Payment Methods Are Accepted?\"},{\"key\":\"answer\",\"value\":\"Fashion axe DIY jean shorts, swag kale chips meh polaroid kogi butcher Wes Anderson chambray next level semiotics gentrify yr. Voluptate photo booth fugiat Vice. Austin sed Williamsburg, ea labore raw denim voluptate cred proident mixtape excepteur mustache. Twee chia photo booth readymade food truck, hoodie roof party swag keytar PBR DIY.\"}],[{\"key\":\"question\",\"value\":\"Is Buying On-Line Safe?\"},{\"key\":\"answer\",\"value\":\"Art party authentic freegan semiotics jean shorts chia cred. Neutra Austin roof party Brooklyn, synth Thundercats swag 8-bit photo booth. Plaid letterpress leggings craft beer meh ethical Pinterest.\"}]]]',17,'Botble\\Ecommerce\\Models\\Product','2024-11-20 02:45:44','2024-11-20 02:45:44'),(79,'faq_schema_config','[[[{\"key\":\"question\",\"value\":\"What Shipping Methods Are Available?\"},{\"key\":\"answer\",\"value\":\"Ex Portland Pitchfork irure mustache. Eutra fap before they sold out literally. Aliquip ugh bicycle rights actually mlkshk, seitan squid craft beer tempor.\"}],[{\"key\":\"question\",\"value\":\"Do You Ship Internationally?\"},{\"key\":\"answer\",\"value\":\"Hoodie tote bag mixtape tofu. Typewriter jean shorts wolf quinoa, messenger bag organic freegan cray.\"}],[{\"key\":\"question\",\"value\":\"How Long Will It Take To Get My Package?\"},{\"key\":\"answer\",\"value\":\"Swag slow-carb quinoa VHS typewriter pork belly brunch, paleo single-origin coffee Wes Anderson. Flexitarian Pitchfork forage, literally paleo fap pour-over. Wes Anderson Pinterest YOLO fanny pack meggings, deep v XOXO chambray sustainable slow-carb raw denim church-key fap chillwave Etsy. +1 typewriter kitsch, American Apparel tofu Banksy Vice.\"}],[{\"key\":\"question\",\"value\":\"What Payment Methods Are Accepted?\"},{\"key\":\"answer\",\"value\":\"Fashion axe DIY jean shorts, swag kale chips meh polaroid kogi butcher Wes Anderson chambray next level semiotics gentrify yr. Voluptate photo booth fugiat Vice. Austin sed Williamsburg, ea labore raw denim voluptate cred proident mixtape excepteur mustache. Twee chia photo booth readymade food truck, hoodie roof party swag keytar PBR DIY.\"}],[{\"key\":\"question\",\"value\":\"Is Buying On-Line Safe?\"},{\"key\":\"answer\",\"value\":\"Art party authentic freegan semiotics jean shorts chia cred. Neutra Austin roof party Brooklyn, synth Thundercats swag 8-bit photo booth. Plaid letterpress leggings craft beer meh ethical Pinterest.\"}]]]',18,'Botble\\Ecommerce\\Models\\Product','2024-11-20 02:45:44','2024-11-20 02:45:44'),(80,'faq_schema_config','[[[{\"key\":\"question\",\"value\":\"What Shipping Methods Are Available?\"},{\"key\":\"answer\",\"value\":\"Ex Portland Pitchfork irure mustache. Eutra fap before they sold out literally. Aliquip ugh bicycle rights actually mlkshk, seitan squid craft beer tempor.\"}],[{\"key\":\"question\",\"value\":\"Do You Ship Internationally?\"},{\"key\":\"answer\",\"value\":\"Hoodie tote bag mixtape tofu. Typewriter jean shorts wolf quinoa, messenger bag organic freegan cray.\"}],[{\"key\":\"question\",\"value\":\"How Long Will It Take To Get My Package?\"},{\"key\":\"answer\",\"value\":\"Swag slow-carb quinoa VHS typewriter pork belly brunch, paleo single-origin coffee Wes Anderson. Flexitarian Pitchfork forage, literally paleo fap pour-over. Wes Anderson Pinterest YOLO fanny pack meggings, deep v XOXO chambray sustainable slow-carb raw denim church-key fap chillwave Etsy. +1 typewriter kitsch, American Apparel tofu Banksy Vice.\"}],[{\"key\":\"question\",\"value\":\"What Payment Methods Are Accepted?\"},{\"key\":\"answer\",\"value\":\"Fashion axe DIY jean shorts, swag kale chips meh polaroid kogi butcher Wes Anderson chambray next level semiotics gentrify yr. Voluptate photo booth fugiat Vice. Austin sed Williamsburg, ea labore raw denim voluptate cred proident mixtape excepteur mustache. Twee chia photo booth readymade food truck, hoodie roof party swag keytar PBR DIY.\"}],[{\"key\":\"question\",\"value\":\"Is Buying On-Line Safe?\"},{\"key\":\"answer\",\"value\":\"Art party authentic freegan semiotics jean shorts chia cred. Neutra Austin roof party Brooklyn, synth Thundercats swag 8-bit photo booth. Plaid letterpress leggings craft beer meh ethical Pinterest.\"}]]]',19,'Botble\\Ecommerce\\Models\\Product','2024-11-20 02:45:44','2024-11-20 02:45:44'),(81,'faq_schema_config','[[[{\"key\":\"question\",\"value\":\"What Shipping Methods Are Available?\"},{\"key\":\"answer\",\"value\":\"Ex Portland Pitchfork irure mustache. Eutra fap before they sold out literally. Aliquip ugh bicycle rights actually mlkshk, seitan squid craft beer tempor.\"}],[{\"key\":\"question\",\"value\":\"Do You Ship Internationally?\"},{\"key\":\"answer\",\"value\":\"Hoodie tote bag mixtape tofu. Typewriter jean shorts wolf quinoa, messenger bag organic freegan cray.\"}],[{\"key\":\"question\",\"value\":\"How Long Will It Take To Get My Package?\"},{\"key\":\"answer\",\"value\":\"Swag slow-carb quinoa VHS typewriter pork belly brunch, paleo single-origin coffee Wes Anderson. Flexitarian Pitchfork forage, literally paleo fap pour-over. Wes Anderson Pinterest YOLO fanny pack meggings, deep v XOXO chambray sustainable slow-carb raw denim church-key fap chillwave Etsy. +1 typewriter kitsch, American Apparel tofu Banksy Vice.\"}],[{\"key\":\"question\",\"value\":\"What Payment Methods Are Accepted?\"},{\"key\":\"answer\",\"value\":\"Fashion axe DIY jean shorts, swag kale chips meh polaroid kogi butcher Wes Anderson chambray next level semiotics gentrify yr. Voluptate photo booth fugiat Vice. Austin sed Williamsburg, ea labore raw denim voluptate cred proident mixtape excepteur mustache. Twee chia photo booth readymade food truck, hoodie roof party swag keytar PBR DIY.\"}],[{\"key\":\"question\",\"value\":\"Is Buying On-Line Safe?\"},{\"key\":\"answer\",\"value\":\"Art party authentic freegan semiotics jean shorts chia cred. Neutra Austin roof party Brooklyn, synth Thundercats swag 8-bit photo booth. Plaid letterpress leggings craft beer meh ethical Pinterest.\"}]]]',20,'Botble\\Ecommerce\\Models\\Product','2024-11-20 02:45:44','2024-11-20 02:45:44'),(82,'faq_schema_config','[[[{\"key\":\"question\",\"value\":\"What Shipping Methods Are Available?\"},{\"key\":\"answer\",\"value\":\"Ex Portland Pitchfork irure mustache. Eutra fap before they sold out literally. Aliquip ugh bicycle rights actually mlkshk, seitan squid craft beer tempor.\"}],[{\"key\":\"question\",\"value\":\"Do You Ship Internationally?\"},{\"key\":\"answer\",\"value\":\"Hoodie tote bag mixtape tofu. Typewriter jean shorts wolf quinoa, messenger bag organic freegan cray.\"}],[{\"key\":\"question\",\"value\":\"How Long Will It Take To Get My Package?\"},{\"key\":\"answer\",\"value\":\"Swag slow-carb quinoa VHS typewriter pork belly brunch, paleo single-origin coffee Wes Anderson. Flexitarian Pitchfork forage, literally paleo fap pour-over. Wes Anderson Pinterest YOLO fanny pack meggings, deep v XOXO chambray sustainable slow-carb raw denim church-key fap chillwave Etsy. +1 typewriter kitsch, American Apparel tofu Banksy Vice.\"}],[{\"key\":\"question\",\"value\":\"What Payment Methods Are Accepted?\"},{\"key\":\"answer\",\"value\":\"Fashion axe DIY jean shorts, swag kale chips meh polaroid kogi butcher Wes Anderson chambray next level semiotics gentrify yr. Voluptate photo booth fugiat Vice. Austin sed Williamsburg, ea labore raw denim voluptate cred proident mixtape excepteur mustache. Twee chia photo booth readymade food truck, hoodie roof party swag keytar PBR DIY.\"}],[{\"key\":\"question\",\"value\":\"Is Buying On-Line Safe?\"},{\"key\":\"answer\",\"value\":\"Art party authentic freegan semiotics jean shorts chia cred. Neutra Austin roof party Brooklyn, synth Thundercats swag 8-bit photo booth. Plaid letterpress leggings craft beer meh ethical Pinterest.\"}]]]',21,'Botble\\Ecommerce\\Models\\Product','2024-11-20 02:45:44','2024-11-20 02:45:44'),(83,'faq_schema_config','[[[{\"key\":\"question\",\"value\":\"What Shipping Methods Are Available?\"},{\"key\":\"answer\",\"value\":\"Ex Portland Pitchfork irure mustache. Eutra fap before they sold out literally. Aliquip ugh bicycle rights actually mlkshk, seitan squid craft beer tempor.\"}],[{\"key\":\"question\",\"value\":\"Do You Ship Internationally?\"},{\"key\":\"answer\",\"value\":\"Hoodie tote bag mixtape tofu. Typewriter jean shorts wolf quinoa, messenger bag organic freegan cray.\"}],[{\"key\":\"question\",\"value\":\"How Long Will It Take To Get My Package?\"},{\"key\":\"answer\",\"value\":\"Swag slow-carb quinoa VHS typewriter pork belly brunch, paleo single-origin coffee Wes Anderson. Flexitarian Pitchfork forage, literally paleo fap pour-over. Wes Anderson Pinterest YOLO fanny pack meggings, deep v XOXO chambray sustainable slow-carb raw denim church-key fap chillwave Etsy. +1 typewriter kitsch, American Apparel tofu Banksy Vice.\"}],[{\"key\":\"question\",\"value\":\"What Payment Methods Are Accepted?\"},{\"key\":\"answer\",\"value\":\"Fashion axe DIY jean shorts, swag kale chips meh polaroid kogi butcher Wes Anderson chambray next level semiotics gentrify yr. Voluptate photo booth fugiat Vice. Austin sed Williamsburg, ea labore raw denim voluptate cred proident mixtape excepteur mustache. Twee chia photo booth readymade food truck, hoodie roof party swag keytar PBR DIY.\"}],[{\"key\":\"question\",\"value\":\"Is Buying On-Line Safe?\"},{\"key\":\"answer\",\"value\":\"Art party authentic freegan semiotics jean shorts chia cred. Neutra Austin roof party Brooklyn, synth Thundercats swag 8-bit photo booth. Plaid letterpress leggings craft beer meh ethical Pinterest.\"}]]]',22,'Botble\\Ecommerce\\Models\\Product','2024-11-20 02:45:44','2024-11-20 02:45:44'),(84,'faq_schema_config','[[[{\"key\":\"question\",\"value\":\"What Shipping Methods Are Available?\"},{\"key\":\"answer\",\"value\":\"Ex Portland Pitchfork irure mustache. Eutra fap before they sold out literally. Aliquip ugh bicycle rights actually mlkshk, seitan squid craft beer tempor.\"}],[{\"key\":\"question\",\"value\":\"Do You Ship Internationally?\"},{\"key\":\"answer\",\"value\":\"Hoodie tote bag mixtape tofu. Typewriter jean shorts wolf quinoa, messenger bag organic freegan cray.\"}],[{\"key\":\"question\",\"value\":\"How Long Will It Take To Get My Package?\"},{\"key\":\"answer\",\"value\":\"Swag slow-carb quinoa VHS typewriter pork belly brunch, paleo single-origin coffee Wes Anderson. Flexitarian Pitchfork forage, literally paleo fap pour-over. Wes Anderson Pinterest YOLO fanny pack meggings, deep v XOXO chambray sustainable slow-carb raw denim church-key fap chillwave Etsy. +1 typewriter kitsch, American Apparel tofu Banksy Vice.\"}],[{\"key\":\"question\",\"value\":\"What Payment Methods Are Accepted?\"},{\"key\":\"answer\",\"value\":\"Fashion axe DIY jean shorts, swag kale chips meh polaroid kogi butcher Wes Anderson chambray next level semiotics gentrify yr. Voluptate photo booth fugiat Vice. Austin sed Williamsburg, ea labore raw denim voluptate cred proident mixtape excepteur mustache. Twee chia photo booth readymade food truck, hoodie roof party swag keytar PBR DIY.\"}],[{\"key\":\"question\",\"value\":\"Is Buying On-Line Safe?\"},{\"key\":\"answer\",\"value\":\"Art party authentic freegan semiotics jean shorts chia cred. Neutra Austin roof party Brooklyn, synth Thundercats swag 8-bit photo booth. Plaid letterpress leggings craft beer meh ethical Pinterest.\"}]]]',23,'Botble\\Ecommerce\\Models\\Product','2024-11-20 02:45:45','2024-11-20 02:45:45'),(85,'faq_schema_config','[[[{\"key\":\"question\",\"value\":\"What Shipping Methods Are Available?\"},{\"key\":\"answer\",\"value\":\"Ex Portland Pitchfork irure mustache. Eutra fap before they sold out literally. Aliquip ugh bicycle rights actually mlkshk, seitan squid craft beer tempor.\"}],[{\"key\":\"question\",\"value\":\"Do You Ship Internationally?\"},{\"key\":\"answer\",\"value\":\"Hoodie tote bag mixtape tofu. Typewriter jean shorts wolf quinoa, messenger bag organic freegan cray.\"}],[{\"key\":\"question\",\"value\":\"How Long Will It Take To Get My Package?\"},{\"key\":\"answer\",\"value\":\"Swag slow-carb quinoa VHS typewriter pork belly brunch, paleo single-origin coffee Wes Anderson. Flexitarian Pitchfork forage, literally paleo fap pour-over. Wes Anderson Pinterest YOLO fanny pack meggings, deep v XOXO chambray sustainable slow-carb raw denim church-key fap chillwave Etsy. +1 typewriter kitsch, American Apparel tofu Banksy Vice.\"}],[{\"key\":\"question\",\"value\":\"What Payment Methods Are Accepted?\"},{\"key\":\"answer\",\"value\":\"Fashion axe DIY jean shorts, swag kale chips meh polaroid kogi butcher Wes Anderson chambray next level semiotics gentrify yr. Voluptate photo booth fugiat Vice. Austin sed Williamsburg, ea labore raw denim voluptate cred proident mixtape excepteur mustache. Twee chia photo booth readymade food truck, hoodie roof party swag keytar PBR DIY.\"}],[{\"key\":\"question\",\"value\":\"Is Buying On-Line Safe?\"},{\"key\":\"answer\",\"value\":\"Art party authentic freegan semiotics jean shorts chia cred. Neutra Austin roof party Brooklyn, synth Thundercats swag 8-bit photo booth. Plaid letterpress leggings craft beer meh ethical Pinterest.\"}]]]',24,'Botble\\Ecommerce\\Models\\Product','2024-11-20 02:45:45','2024-11-20 02:45:45'),(86,'faq_schema_config','[[[{\"key\":\"question\",\"value\":\"What Shipping Methods Are Available?\"},{\"key\":\"answer\",\"value\":\"Ex Portland Pitchfork irure mustache. Eutra fap before they sold out literally. Aliquip ugh bicycle rights actually mlkshk, seitan squid craft beer tempor.\"}],[{\"key\":\"question\",\"value\":\"Do You Ship Internationally?\"},{\"key\":\"answer\",\"value\":\"Hoodie tote bag mixtape tofu. Typewriter jean shorts wolf quinoa, messenger bag organic freegan cray.\"}],[{\"key\":\"question\",\"value\":\"How Long Will It Take To Get My Package?\"},{\"key\":\"answer\",\"value\":\"Swag slow-carb quinoa VHS typewriter pork belly brunch, paleo single-origin coffee Wes Anderson. Flexitarian Pitchfork forage, literally paleo fap pour-over. Wes Anderson Pinterest YOLO fanny pack meggings, deep v XOXO chambray sustainable slow-carb raw denim church-key fap chillwave Etsy. +1 typewriter kitsch, American Apparel tofu Banksy Vice.\"}],[{\"key\":\"question\",\"value\":\"What Payment Methods Are Accepted?\"},{\"key\":\"answer\",\"value\":\"Fashion axe DIY jean shorts, swag kale chips meh polaroid kogi butcher Wes Anderson chambray next level semiotics gentrify yr. Voluptate photo booth fugiat Vice. Austin sed Williamsburg, ea labore raw denim voluptate cred proident mixtape excepteur mustache. Twee chia photo booth readymade food truck, hoodie roof party swag keytar PBR DIY.\"}],[{\"key\":\"question\",\"value\":\"Is Buying On-Line Safe?\"},{\"key\":\"answer\",\"value\":\"Art party authentic freegan semiotics jean shorts chia cred. Neutra Austin roof party Brooklyn, synth Thundercats swag 8-bit photo booth. Plaid letterpress leggings craft beer meh ethical Pinterest.\"}]]]',25,'Botble\\Ecommerce\\Models\\Product','2024-11-20 02:45:45','2024-11-20 02:45:45'),(87,'faq_schema_config','[[[{\"key\":\"question\",\"value\":\"What Shipping Methods Are Available?\"},{\"key\":\"answer\",\"value\":\"Ex Portland Pitchfork irure mustache. Eutra fap before they sold out literally. Aliquip ugh bicycle rights actually mlkshk, seitan squid craft beer tempor.\"}],[{\"key\":\"question\",\"value\":\"Do You Ship Internationally?\"},{\"key\":\"answer\",\"value\":\"Hoodie tote bag mixtape tofu. Typewriter jean shorts wolf quinoa, messenger bag organic freegan cray.\"}],[{\"key\":\"question\",\"value\":\"How Long Will It Take To Get My Package?\"},{\"key\":\"answer\",\"value\":\"Swag slow-carb quinoa VHS typewriter pork belly brunch, paleo single-origin coffee Wes Anderson. Flexitarian Pitchfork forage, literally paleo fap pour-over. Wes Anderson Pinterest YOLO fanny pack meggings, deep v XOXO chambray sustainable slow-carb raw denim church-key fap chillwave Etsy. +1 typewriter kitsch, American Apparel tofu Banksy Vice.\"}],[{\"key\":\"question\",\"value\":\"What Payment Methods Are Accepted?\"},{\"key\":\"answer\",\"value\":\"Fashion axe DIY jean shorts, swag kale chips meh polaroid kogi butcher Wes Anderson chambray next level semiotics gentrify yr. Voluptate photo booth fugiat Vice. Austin sed Williamsburg, ea labore raw denim voluptate cred proident mixtape excepteur mustache. Twee chia photo booth readymade food truck, hoodie roof party swag keytar PBR DIY.\"}],[{\"key\":\"question\",\"value\":\"Is Buying On-Line Safe?\"},{\"key\":\"answer\",\"value\":\"Art party authentic freegan semiotics jean shorts chia cred. Neutra Austin roof party Brooklyn, synth Thundercats swag 8-bit photo booth. Plaid letterpress leggings craft beer meh ethical Pinterest.\"}]]]',26,'Botble\\Ecommerce\\Models\\Product','2024-11-20 02:45:45','2024-11-20 02:45:45'),(88,'faq_schema_config','[[[{\"key\":\"question\",\"value\":\"What Shipping Methods Are Available?\"},{\"key\":\"answer\",\"value\":\"Ex Portland Pitchfork irure mustache. Eutra fap before they sold out literally. Aliquip ugh bicycle rights actually mlkshk, seitan squid craft beer tempor.\"}],[{\"key\":\"question\",\"value\":\"Do You Ship Internationally?\"},{\"key\":\"answer\",\"value\":\"Hoodie tote bag mixtape tofu. Typewriter jean shorts wolf quinoa, messenger bag organic freegan cray.\"}],[{\"key\":\"question\",\"value\":\"How Long Will It Take To Get My Package?\"},{\"key\":\"answer\",\"value\":\"Swag slow-carb quinoa VHS typewriter pork belly brunch, paleo single-origin coffee Wes Anderson. Flexitarian Pitchfork forage, literally paleo fap pour-over. Wes Anderson Pinterest YOLO fanny pack meggings, deep v XOXO chambray sustainable slow-carb raw denim church-key fap chillwave Etsy. +1 typewriter kitsch, American Apparel tofu Banksy Vice.\"}],[{\"key\":\"question\",\"value\":\"What Payment Methods Are Accepted?\"},{\"key\":\"answer\",\"value\":\"Fashion axe DIY jean shorts, swag kale chips meh polaroid kogi butcher Wes Anderson chambray next level semiotics gentrify yr. Voluptate photo booth fugiat Vice. Austin sed Williamsburg, ea labore raw denim voluptate cred proident mixtape excepteur mustache. Twee chia photo booth readymade food truck, hoodie roof party swag keytar PBR DIY.\"}],[{\"key\":\"question\",\"value\":\"Is Buying On-Line Safe?\"},{\"key\":\"answer\",\"value\":\"Art party authentic freegan semiotics jean shorts chia cred. Neutra Austin roof party Brooklyn, synth Thundercats swag 8-bit photo booth. Plaid letterpress leggings craft beer meh ethical Pinterest.\"}]]]',27,'Botble\\Ecommerce\\Models\\Product','2024-11-20 02:45:45','2024-11-20 02:45:45'),(89,'faq_schema_config','[[[{\"key\":\"question\",\"value\":\"What Shipping Methods Are Available?\"},{\"key\":\"answer\",\"value\":\"Ex Portland Pitchfork irure mustache. Eutra fap before they sold out literally. Aliquip ugh bicycle rights actually mlkshk, seitan squid craft beer tempor.\"}],[{\"key\":\"question\",\"value\":\"Do You Ship Internationally?\"},{\"key\":\"answer\",\"value\":\"Hoodie tote bag mixtape tofu. Typewriter jean shorts wolf quinoa, messenger bag organic freegan cray.\"}],[{\"key\":\"question\",\"value\":\"How Long Will It Take To Get My Package?\"},{\"key\":\"answer\",\"value\":\"Swag slow-carb quinoa VHS typewriter pork belly brunch, paleo single-origin coffee Wes Anderson. Flexitarian Pitchfork forage, literally paleo fap pour-over. Wes Anderson Pinterest YOLO fanny pack meggings, deep v XOXO chambray sustainable slow-carb raw denim church-key fap chillwave Etsy. +1 typewriter kitsch, American Apparel tofu Banksy Vice.\"}],[{\"key\":\"question\",\"value\":\"What Payment Methods Are Accepted?\"},{\"key\":\"answer\",\"value\":\"Fashion axe DIY jean shorts, swag kale chips meh polaroid kogi butcher Wes Anderson chambray next level semiotics gentrify yr. Voluptate photo booth fugiat Vice. Austin sed Williamsburg, ea labore raw denim voluptate cred proident mixtape excepteur mustache. Twee chia photo booth readymade food truck, hoodie roof party swag keytar PBR DIY.\"}],[{\"key\":\"question\",\"value\":\"Is Buying On-Line Safe?\"},{\"key\":\"answer\",\"value\":\"Art party authentic freegan semiotics jean shorts chia cred. Neutra Austin roof party Brooklyn, synth Thundercats swag 8-bit photo booth. Plaid letterpress leggings craft beer meh ethical Pinterest.\"}]]]',28,'Botble\\Ecommerce\\Models\\Product','2024-11-20 02:45:45','2024-11-20 02:45:45'),(90,'faq_schema_config','[[[{\"key\":\"question\",\"value\":\"What Shipping Methods Are Available?\"},{\"key\":\"answer\",\"value\":\"Ex Portland Pitchfork irure mustache. Eutra fap before they sold out literally. Aliquip ugh bicycle rights actually mlkshk, seitan squid craft beer tempor.\"}],[{\"key\":\"question\",\"value\":\"Do You Ship Internationally?\"},{\"key\":\"answer\",\"value\":\"Hoodie tote bag mixtape tofu. Typewriter jean shorts wolf quinoa, messenger bag organic freegan cray.\"}],[{\"key\":\"question\",\"value\":\"How Long Will It Take To Get My Package?\"},{\"key\":\"answer\",\"value\":\"Swag slow-carb quinoa VHS typewriter pork belly brunch, paleo single-origin coffee Wes Anderson. Flexitarian Pitchfork forage, literally paleo fap pour-over. Wes Anderson Pinterest YOLO fanny pack meggings, deep v XOXO chambray sustainable slow-carb raw denim church-key fap chillwave Etsy. +1 typewriter kitsch, American Apparel tofu Banksy Vice.\"}],[{\"key\":\"question\",\"value\":\"What Payment Methods Are Accepted?\"},{\"key\":\"answer\",\"value\":\"Fashion axe DIY jean shorts, swag kale chips meh polaroid kogi butcher Wes Anderson chambray next level semiotics gentrify yr. Voluptate photo booth fugiat Vice. Austin sed Williamsburg, ea labore raw denim voluptate cred proident mixtape excepteur mustache. Twee chia photo booth readymade food truck, hoodie roof party swag keytar PBR DIY.\"}],[{\"key\":\"question\",\"value\":\"Is Buying On-Line Safe?\"},{\"key\":\"answer\",\"value\":\"Art party authentic freegan semiotics jean shorts chia cred. Neutra Austin roof party Brooklyn, synth Thundercats swag 8-bit photo booth. Plaid letterpress leggings craft beer meh ethical Pinterest.\"}]]]',29,'Botble\\Ecommerce\\Models\\Product','2024-11-20 02:45:45','2024-11-20 02:45:45'),(91,'faq_schema_config','[[[{\"key\":\"question\",\"value\":\"What Shipping Methods Are Available?\"},{\"key\":\"answer\",\"value\":\"Ex Portland Pitchfork irure mustache. Eutra fap before they sold out literally. Aliquip ugh bicycle rights actually mlkshk, seitan squid craft beer tempor.\"}],[{\"key\":\"question\",\"value\":\"Do You Ship Internationally?\"},{\"key\":\"answer\",\"value\":\"Hoodie tote bag mixtape tofu. Typewriter jean shorts wolf quinoa, messenger bag organic freegan cray.\"}],[{\"key\":\"question\",\"value\":\"How Long Will It Take To Get My Package?\"},{\"key\":\"answer\",\"value\":\"Swag slow-carb quinoa VHS typewriter pork belly brunch, paleo single-origin coffee Wes Anderson. Flexitarian Pitchfork forage, literally paleo fap pour-over. Wes Anderson Pinterest YOLO fanny pack meggings, deep v XOXO chambray sustainable slow-carb raw denim church-key fap chillwave Etsy. +1 typewriter kitsch, American Apparel tofu Banksy Vice.\"}],[{\"key\":\"question\",\"value\":\"What Payment Methods Are Accepted?\"},{\"key\":\"answer\",\"value\":\"Fashion axe DIY jean shorts, swag kale chips meh polaroid kogi butcher Wes Anderson chambray next level semiotics gentrify yr. Voluptate photo booth fugiat Vice. Austin sed Williamsburg, ea labore raw denim voluptate cred proident mixtape excepteur mustache. Twee chia photo booth readymade food truck, hoodie roof party swag keytar PBR DIY.\"}],[{\"key\":\"question\",\"value\":\"Is Buying On-Line Safe?\"},{\"key\":\"answer\",\"value\":\"Art party authentic freegan semiotics jean shorts chia cred. Neutra Austin roof party Brooklyn, synth Thundercats swag 8-bit photo booth. Plaid letterpress leggings craft beer meh ethical Pinterest.\"}]]]',30,'Botble\\Ecommerce\\Models\\Product','2024-11-20 02:45:45','2024-11-20 02:45:45'),(92,'faq_schema_config','[[[{\"key\":\"question\",\"value\":\"What Shipping Methods Are Available?\"},{\"key\":\"answer\",\"value\":\"Ex Portland Pitchfork irure mustache. Eutra fap before they sold out literally. Aliquip ugh bicycle rights actually mlkshk, seitan squid craft beer tempor.\"}],[{\"key\":\"question\",\"value\":\"Do You Ship Internationally?\"},{\"key\":\"answer\",\"value\":\"Hoodie tote bag mixtape tofu. Typewriter jean shorts wolf quinoa, messenger bag organic freegan cray.\"}],[{\"key\":\"question\",\"value\":\"How Long Will It Take To Get My Package?\"},{\"key\":\"answer\",\"value\":\"Swag slow-carb quinoa VHS typewriter pork belly brunch, paleo single-origin coffee Wes Anderson. Flexitarian Pitchfork forage, literally paleo fap pour-over. Wes Anderson Pinterest YOLO fanny pack meggings, deep v XOXO chambray sustainable slow-carb raw denim church-key fap chillwave Etsy. +1 typewriter kitsch, American Apparel tofu Banksy Vice.\"}],[{\"key\":\"question\",\"value\":\"What Payment Methods Are Accepted?\"},{\"key\":\"answer\",\"value\":\"Fashion axe DIY jean shorts, swag kale chips meh polaroid kogi butcher Wes Anderson chambray next level semiotics gentrify yr. Voluptate photo booth fugiat Vice. Austin sed Williamsburg, ea labore raw denim voluptate cred proident mixtape excepteur mustache. Twee chia photo booth readymade food truck, hoodie roof party swag keytar PBR DIY.\"}],[{\"key\":\"question\",\"value\":\"Is Buying On-Line Safe?\"},{\"key\":\"answer\",\"value\":\"Art party authentic freegan semiotics jean shorts chia cred. Neutra Austin roof party Brooklyn, synth Thundercats swag 8-bit photo booth. Plaid letterpress leggings craft beer meh ethical Pinterest.\"}]]]',31,'Botble\\Ecommerce\\Models\\Product','2024-11-20 02:45:45','2024-11-20 02:45:45'),(93,'faq_schema_config','[[[{\"key\":\"question\",\"value\":\"What Shipping Methods Are Available?\"},{\"key\":\"answer\",\"value\":\"Ex Portland Pitchfork irure mustache. Eutra fap before they sold out literally. Aliquip ugh bicycle rights actually mlkshk, seitan squid craft beer tempor.\"}],[{\"key\":\"question\",\"value\":\"Do You Ship Internationally?\"},{\"key\":\"answer\",\"value\":\"Hoodie tote bag mixtape tofu. Typewriter jean shorts wolf quinoa, messenger bag organic freegan cray.\"}],[{\"key\":\"question\",\"value\":\"How Long Will It Take To Get My Package?\"},{\"key\":\"answer\",\"value\":\"Swag slow-carb quinoa VHS typewriter pork belly brunch, paleo single-origin coffee Wes Anderson. Flexitarian Pitchfork forage, literally paleo fap pour-over. Wes Anderson Pinterest YOLO fanny pack meggings, deep v XOXO chambray sustainable slow-carb raw denim church-key fap chillwave Etsy. +1 typewriter kitsch, American Apparel tofu Banksy Vice.\"}],[{\"key\":\"question\",\"value\":\"What Payment Methods Are Accepted?\"},{\"key\":\"answer\",\"value\":\"Fashion axe DIY jean shorts, swag kale chips meh polaroid kogi butcher Wes Anderson chambray next level semiotics gentrify yr. Voluptate photo booth fugiat Vice. Austin sed Williamsburg, ea labore raw denim voluptate cred proident mixtape excepteur mustache. Twee chia photo booth readymade food truck, hoodie roof party swag keytar PBR DIY.\"}],[{\"key\":\"question\",\"value\":\"Is Buying On-Line Safe?\"},{\"key\":\"answer\",\"value\":\"Art party authentic freegan semiotics jean shorts chia cred. Neutra Austin roof party Brooklyn, synth Thundercats swag 8-bit photo booth. Plaid letterpress leggings craft beer meh ethical Pinterest.\"}]]]',32,'Botble\\Ecommerce\\Models\\Product','2024-11-20 02:45:45','2024-11-20 02:45:45'),(94,'faq_schema_config','[[[{\"key\":\"question\",\"value\":\"What Shipping Methods Are Available?\"},{\"key\":\"answer\",\"value\":\"Ex Portland Pitchfork irure mustache. Eutra fap before they sold out literally. Aliquip ugh bicycle rights actually mlkshk, seitan squid craft beer tempor.\"}],[{\"key\":\"question\",\"value\":\"Do You Ship Internationally?\"},{\"key\":\"answer\",\"value\":\"Hoodie tote bag mixtape tofu. Typewriter jean shorts wolf quinoa, messenger bag organic freegan cray.\"}],[{\"key\":\"question\",\"value\":\"How Long Will It Take To Get My Package?\"},{\"key\":\"answer\",\"value\":\"Swag slow-carb quinoa VHS typewriter pork belly brunch, paleo single-origin coffee Wes Anderson. Flexitarian Pitchfork forage, literally paleo fap pour-over. Wes Anderson Pinterest YOLO fanny pack meggings, deep v XOXO chambray sustainable slow-carb raw denim church-key fap chillwave Etsy. +1 typewriter kitsch, American Apparel tofu Banksy Vice.\"}],[{\"key\":\"question\",\"value\":\"What Payment Methods Are Accepted?\"},{\"key\":\"answer\",\"value\":\"Fashion axe DIY jean shorts, swag kale chips meh polaroid kogi butcher Wes Anderson chambray next level semiotics gentrify yr. Voluptate photo booth fugiat Vice. Austin sed Williamsburg, ea labore raw denim voluptate cred proident mixtape excepteur mustache. Twee chia photo booth readymade food truck, hoodie roof party swag keytar PBR DIY.\"}],[{\"key\":\"question\",\"value\":\"Is Buying On-Line Safe?\"},{\"key\":\"answer\",\"value\":\"Art party authentic freegan semiotics jean shorts chia cred. Neutra Austin roof party Brooklyn, synth Thundercats swag 8-bit photo booth. Plaid letterpress leggings craft beer meh ethical Pinterest.\"}]]]',33,'Botble\\Ecommerce\\Models\\Product','2024-11-20 02:45:45','2024-11-20 02:45:45'),(95,'faq_schema_config','[[[{\"key\":\"question\",\"value\":\"What Shipping Methods Are Available?\"},{\"key\":\"answer\",\"value\":\"Ex Portland Pitchfork irure mustache. Eutra fap before they sold out literally. Aliquip ugh bicycle rights actually mlkshk, seitan squid craft beer tempor.\"}],[{\"key\":\"question\",\"value\":\"Do You Ship Internationally?\"},{\"key\":\"answer\",\"value\":\"Hoodie tote bag mixtape tofu. Typewriter jean shorts wolf quinoa, messenger bag organic freegan cray.\"}],[{\"key\":\"question\",\"value\":\"How Long Will It Take To Get My Package?\"},{\"key\":\"answer\",\"value\":\"Swag slow-carb quinoa VHS typewriter pork belly brunch, paleo single-origin coffee Wes Anderson. Flexitarian Pitchfork forage, literally paleo fap pour-over. Wes Anderson Pinterest YOLO fanny pack meggings, deep v XOXO chambray sustainable slow-carb raw denim church-key fap chillwave Etsy. +1 typewriter kitsch, American Apparel tofu Banksy Vice.\"}],[{\"key\":\"question\",\"value\":\"What Payment Methods Are Accepted?\"},{\"key\":\"answer\",\"value\":\"Fashion axe DIY jean shorts, swag kale chips meh polaroid kogi butcher Wes Anderson chambray next level semiotics gentrify yr. Voluptate photo booth fugiat Vice. Austin sed Williamsburg, ea labore raw denim voluptate cred proident mixtape excepteur mustache. Twee chia photo booth readymade food truck, hoodie roof party swag keytar PBR DIY.\"}],[{\"key\":\"question\",\"value\":\"Is Buying On-Line Safe?\"},{\"key\":\"answer\",\"value\":\"Art party authentic freegan semiotics jean shorts chia cred. Neutra Austin roof party Brooklyn, synth Thundercats swag 8-bit photo booth. Plaid letterpress leggings craft beer meh ethical Pinterest.\"}]]]',34,'Botble\\Ecommerce\\Models\\Product','2024-11-20 02:45:45','2024-11-20 02:45:45'),(96,'faq_schema_config','[[[{\"key\":\"question\",\"value\":\"What Shipping Methods Are Available?\"},{\"key\":\"answer\",\"value\":\"Ex Portland Pitchfork irure mustache. Eutra fap before they sold out literally. Aliquip ugh bicycle rights actually mlkshk, seitan squid craft beer tempor.\"}],[{\"key\":\"question\",\"value\":\"Do You Ship Internationally?\"},{\"key\":\"answer\",\"value\":\"Hoodie tote bag mixtape tofu. Typewriter jean shorts wolf quinoa, messenger bag organic freegan cray.\"}],[{\"key\":\"question\",\"value\":\"How Long Will It Take To Get My Package?\"},{\"key\":\"answer\",\"value\":\"Swag slow-carb quinoa VHS typewriter pork belly brunch, paleo single-origin coffee Wes Anderson. Flexitarian Pitchfork forage, literally paleo fap pour-over. Wes Anderson Pinterest YOLO fanny pack meggings, deep v XOXO chambray sustainable slow-carb raw denim church-key fap chillwave Etsy. +1 typewriter kitsch, American Apparel tofu Banksy Vice.\"}],[{\"key\":\"question\",\"value\":\"What Payment Methods Are Accepted?\"},{\"key\":\"answer\",\"value\":\"Fashion axe DIY jean shorts, swag kale chips meh polaroid kogi butcher Wes Anderson chambray next level semiotics gentrify yr. Voluptate photo booth fugiat Vice. Austin sed Williamsburg, ea labore raw denim voluptate cred proident mixtape excepteur mustache. Twee chia photo booth readymade food truck, hoodie roof party swag keytar PBR DIY.\"}],[{\"key\":\"question\",\"value\":\"Is Buying On-Line Safe?\"},{\"key\":\"answer\",\"value\":\"Art party authentic freegan semiotics jean shorts chia cred. Neutra Austin roof party Brooklyn, synth Thundercats swag 8-bit photo booth. Plaid letterpress leggings craft beer meh ethical Pinterest.\"}]]]',35,'Botble\\Ecommerce\\Models\\Product','2024-11-20 02:45:45','2024-11-20 02:45:45'),(97,'faq_schema_config','[[[{\"key\":\"question\",\"value\":\"What Shipping Methods Are Available?\"},{\"key\":\"answer\",\"value\":\"Ex Portland Pitchfork irure mustache. Eutra fap before they sold out literally. Aliquip ugh bicycle rights actually mlkshk, seitan squid craft beer tempor.\"}],[{\"key\":\"question\",\"value\":\"Do You Ship Internationally?\"},{\"key\":\"answer\",\"value\":\"Hoodie tote bag mixtape tofu. Typewriter jean shorts wolf quinoa, messenger bag organic freegan cray.\"}],[{\"key\":\"question\",\"value\":\"How Long Will It Take To Get My Package?\"},{\"key\":\"answer\",\"value\":\"Swag slow-carb quinoa VHS typewriter pork belly brunch, paleo single-origin coffee Wes Anderson. Flexitarian Pitchfork forage, literally paleo fap pour-over. Wes Anderson Pinterest YOLO fanny pack meggings, deep v XOXO chambray sustainable slow-carb raw denim church-key fap chillwave Etsy. +1 typewriter kitsch, American Apparel tofu Banksy Vice.\"}],[{\"key\":\"question\",\"value\":\"What Payment Methods Are Accepted?\"},{\"key\":\"answer\",\"value\":\"Fashion axe DIY jean shorts, swag kale chips meh polaroid kogi butcher Wes Anderson chambray next level semiotics gentrify yr. Voluptate photo booth fugiat Vice. Austin sed Williamsburg, ea labore raw denim voluptate cred proident mixtape excepteur mustache. Twee chia photo booth readymade food truck, hoodie roof party swag keytar PBR DIY.\"}],[{\"key\":\"question\",\"value\":\"Is Buying On-Line Safe?\"},{\"key\":\"answer\",\"value\":\"Art party authentic freegan semiotics jean shorts chia cred. Neutra Austin roof party Brooklyn, synth Thundercats swag 8-bit photo booth. Plaid letterpress leggings craft beer meh ethical Pinterest.\"}]]]',36,'Botble\\Ecommerce\\Models\\Product','2024-11-20 02:45:45','2024-11-20 02:45:45'),(98,'faq_schema_config','[[[{\"key\":\"question\",\"value\":\"What Shipping Methods Are Available?\"},{\"key\":\"answer\",\"value\":\"Ex Portland Pitchfork irure mustache. Eutra fap before they sold out literally. Aliquip ugh bicycle rights actually mlkshk, seitan squid craft beer tempor.\"}],[{\"key\":\"question\",\"value\":\"Do You Ship Internationally?\"},{\"key\":\"answer\",\"value\":\"Hoodie tote bag mixtape tofu. Typewriter jean shorts wolf quinoa, messenger bag organic freegan cray.\"}],[{\"key\":\"question\",\"value\":\"How Long Will It Take To Get My Package?\"},{\"key\":\"answer\",\"value\":\"Swag slow-carb quinoa VHS typewriter pork belly brunch, paleo single-origin coffee Wes Anderson. Flexitarian Pitchfork forage, literally paleo fap pour-over. Wes Anderson Pinterest YOLO fanny pack meggings, deep v XOXO chambray sustainable slow-carb raw denim church-key fap chillwave Etsy. +1 typewriter kitsch, American Apparel tofu Banksy Vice.\"}],[{\"key\":\"question\",\"value\":\"What Payment Methods Are Accepted?\"},{\"key\":\"answer\",\"value\":\"Fashion axe DIY jean shorts, swag kale chips meh polaroid kogi butcher Wes Anderson chambray next level semiotics gentrify yr. Voluptate photo booth fugiat Vice. Austin sed Williamsburg, ea labore raw denim voluptate cred proident mixtape excepteur mustache. Twee chia photo booth readymade food truck, hoodie roof party swag keytar PBR DIY.\"}],[{\"key\":\"question\",\"value\":\"Is Buying On-Line Safe?\"},{\"key\":\"answer\",\"value\":\"Art party authentic freegan semiotics jean shorts chia cred. Neutra Austin roof party Brooklyn, synth Thundercats swag 8-bit photo booth. Plaid letterpress leggings craft beer meh ethical Pinterest.\"}]]]',37,'Botble\\Ecommerce\\Models\\Product','2024-11-20 02:45:45','2024-11-20 02:45:45'),(99,'faq_schema_config','[[[{\"key\":\"question\",\"value\":\"What Shipping Methods Are Available?\"},{\"key\":\"answer\",\"value\":\"Ex Portland Pitchfork irure mustache. Eutra fap before they sold out literally. Aliquip ugh bicycle rights actually mlkshk, seitan squid craft beer tempor.\"}],[{\"key\":\"question\",\"value\":\"Do You Ship Internationally?\"},{\"key\":\"answer\",\"value\":\"Hoodie tote bag mixtape tofu. Typewriter jean shorts wolf quinoa, messenger bag organic freegan cray.\"}],[{\"key\":\"question\",\"value\":\"How Long Will It Take To Get My Package?\"},{\"key\":\"answer\",\"value\":\"Swag slow-carb quinoa VHS typewriter pork belly brunch, paleo single-origin coffee Wes Anderson. Flexitarian Pitchfork forage, literally paleo fap pour-over. Wes Anderson Pinterest YOLO fanny pack meggings, deep v XOXO chambray sustainable slow-carb raw denim church-key fap chillwave Etsy. +1 typewriter kitsch, American Apparel tofu Banksy Vice.\"}],[{\"key\":\"question\",\"value\":\"What Payment Methods Are Accepted?\"},{\"key\":\"answer\",\"value\":\"Fashion axe DIY jean shorts, swag kale chips meh polaroid kogi butcher Wes Anderson chambray next level semiotics gentrify yr. Voluptate photo booth fugiat Vice. Austin sed Williamsburg, ea labore raw denim voluptate cred proident mixtape excepteur mustache. Twee chia photo booth readymade food truck, hoodie roof party swag keytar PBR DIY.\"}],[{\"key\":\"question\",\"value\":\"Is Buying On-Line Safe?\"},{\"key\":\"answer\",\"value\":\"Art party authentic freegan semiotics jean shorts chia cred. Neutra Austin roof party Brooklyn, synth Thundercats swag 8-bit photo booth. Plaid letterpress leggings craft beer meh ethical Pinterest.\"}]]]',38,'Botble\\Ecommerce\\Models\\Product','2024-11-20 02:45:45','2024-11-20 02:45:45'),(100,'faq_schema_config','[[[{\"key\":\"question\",\"value\":\"What Shipping Methods Are Available?\"},{\"key\":\"answer\",\"value\":\"Ex Portland Pitchfork irure mustache. Eutra fap before they sold out literally. Aliquip ugh bicycle rights actually mlkshk, seitan squid craft beer tempor.\"}],[{\"key\":\"question\",\"value\":\"Do You Ship Internationally?\"},{\"key\":\"answer\",\"value\":\"Hoodie tote bag mixtape tofu. Typewriter jean shorts wolf quinoa, messenger bag organic freegan cray.\"}],[{\"key\":\"question\",\"value\":\"How Long Will It Take To Get My Package?\"},{\"key\":\"answer\",\"value\":\"Swag slow-carb quinoa VHS typewriter pork belly brunch, paleo single-origin coffee Wes Anderson. Flexitarian Pitchfork forage, literally paleo fap pour-over. Wes Anderson Pinterest YOLO fanny pack meggings, deep v XOXO chambray sustainable slow-carb raw denim church-key fap chillwave Etsy. +1 typewriter kitsch, American Apparel tofu Banksy Vice.\"}],[{\"key\":\"question\",\"value\":\"What Payment Methods Are Accepted?\"},{\"key\":\"answer\",\"value\":\"Fashion axe DIY jean shorts, swag kale chips meh polaroid kogi butcher Wes Anderson chambray next level semiotics gentrify yr. Voluptate photo booth fugiat Vice. Austin sed Williamsburg, ea labore raw denim voluptate cred proident mixtape excepteur mustache. Twee chia photo booth readymade food truck, hoodie roof party swag keytar PBR DIY.\"}],[{\"key\":\"question\",\"value\":\"Is Buying On-Line Safe?\"},{\"key\":\"answer\",\"value\":\"Art party authentic freegan semiotics jean shorts chia cred. Neutra Austin roof party Brooklyn, synth Thundercats swag 8-bit photo booth. Plaid letterpress leggings craft beer meh ethical Pinterest.\"}]]]',39,'Botble\\Ecommerce\\Models\\Product','2024-11-20 02:45:45','2024-11-20 02:45:45'),(101,'faq_schema_config','[[[{\"key\":\"question\",\"value\":\"What Shipping Methods Are Available?\"},{\"key\":\"answer\",\"value\":\"Ex Portland Pitchfork irure mustache. Eutra fap before they sold out literally. Aliquip ugh bicycle rights actually mlkshk, seitan squid craft beer tempor.\"}],[{\"key\":\"question\",\"value\":\"Do You Ship Internationally?\"},{\"key\":\"answer\",\"value\":\"Hoodie tote bag mixtape tofu. Typewriter jean shorts wolf quinoa, messenger bag organic freegan cray.\"}],[{\"key\":\"question\",\"value\":\"How Long Will It Take To Get My Package?\"},{\"key\":\"answer\",\"value\":\"Swag slow-carb quinoa VHS typewriter pork belly brunch, paleo single-origin coffee Wes Anderson. Flexitarian Pitchfork forage, literally paleo fap pour-over. Wes Anderson Pinterest YOLO fanny pack meggings, deep v XOXO chambray sustainable slow-carb raw denim church-key fap chillwave Etsy. +1 typewriter kitsch, American Apparel tofu Banksy Vice.\"}],[{\"key\":\"question\",\"value\":\"What Payment Methods Are Accepted?\"},{\"key\":\"answer\",\"value\":\"Fashion axe DIY jean shorts, swag kale chips meh polaroid kogi butcher Wes Anderson chambray next level semiotics gentrify yr. Voluptate photo booth fugiat Vice. Austin sed Williamsburg, ea labore raw denim voluptate cred proident mixtape excepteur mustache. Twee chia photo booth readymade food truck, hoodie roof party swag keytar PBR DIY.\"}],[{\"key\":\"question\",\"value\":\"Is Buying On-Line Safe?\"},{\"key\":\"answer\",\"value\":\"Art party authentic freegan semiotics jean shorts chia cred. Neutra Austin roof party Brooklyn, synth Thundercats swag 8-bit photo booth. Plaid letterpress leggings craft beer meh ethical Pinterest.\"}]]]',40,'Botble\\Ecommerce\\Models\\Product','2024-11-20 02:45:45','2024-11-20 02:45:45'),(102,'faq_schema_config','[[[{\"key\":\"question\",\"value\":\"What Shipping Methods Are Available?\"},{\"key\":\"answer\",\"value\":\"Ex Portland Pitchfork irure mustache. Eutra fap before they sold out literally. Aliquip ugh bicycle rights actually mlkshk, seitan squid craft beer tempor.\"}],[{\"key\":\"question\",\"value\":\"Do You Ship Internationally?\"},{\"key\":\"answer\",\"value\":\"Hoodie tote bag mixtape tofu. Typewriter jean shorts wolf quinoa, messenger bag organic freegan cray.\"}],[{\"key\":\"question\",\"value\":\"How Long Will It Take To Get My Package?\"},{\"key\":\"answer\",\"value\":\"Swag slow-carb quinoa VHS typewriter pork belly brunch, paleo single-origin coffee Wes Anderson. Flexitarian Pitchfork forage, literally paleo fap pour-over. Wes Anderson Pinterest YOLO fanny pack meggings, deep v XOXO chambray sustainable slow-carb raw denim church-key fap chillwave Etsy. +1 typewriter kitsch, American Apparel tofu Banksy Vice.\"}],[{\"key\":\"question\",\"value\":\"What Payment Methods Are Accepted?\"},{\"key\":\"answer\",\"value\":\"Fashion axe DIY jean shorts, swag kale chips meh polaroid kogi butcher Wes Anderson chambray next level semiotics gentrify yr. Voluptate photo booth fugiat Vice. Austin sed Williamsburg, ea labore raw denim voluptate cred proident mixtape excepteur mustache. Twee chia photo booth readymade food truck, hoodie roof party swag keytar PBR DIY.\"}],[{\"key\":\"question\",\"value\":\"Is Buying On-Line Safe?\"},{\"key\":\"answer\",\"value\":\"Art party authentic freegan semiotics jean shorts chia cred. Neutra Austin roof party Brooklyn, synth Thundercats swag 8-bit photo booth. Plaid letterpress leggings craft beer meh ethical Pinterest.\"}]]]',41,'Botble\\Ecommerce\\Models\\Product','2024-11-20 02:45:45','2024-11-20 02:45:45'),(103,'faq_schema_config','[[[{\"key\":\"question\",\"value\":\"What Shipping Methods Are Available?\"},{\"key\":\"answer\",\"value\":\"Ex Portland Pitchfork irure mustache. Eutra fap before they sold out literally. Aliquip ugh bicycle rights actually mlkshk, seitan squid craft beer tempor.\"}],[{\"key\":\"question\",\"value\":\"Do You Ship Internationally?\"},{\"key\":\"answer\",\"value\":\"Hoodie tote bag mixtape tofu. Typewriter jean shorts wolf quinoa, messenger bag organic freegan cray.\"}],[{\"key\":\"question\",\"value\":\"How Long Will It Take To Get My Package?\"},{\"key\":\"answer\",\"value\":\"Swag slow-carb quinoa VHS typewriter pork belly brunch, paleo single-origin coffee Wes Anderson. Flexitarian Pitchfork forage, literally paleo fap pour-over. Wes Anderson Pinterest YOLO fanny pack meggings, deep v XOXO chambray sustainable slow-carb raw denim church-key fap chillwave Etsy. +1 typewriter kitsch, American Apparel tofu Banksy Vice.\"}],[{\"key\":\"question\",\"value\":\"What Payment Methods Are Accepted?\"},{\"key\":\"answer\",\"value\":\"Fashion axe DIY jean shorts, swag kale chips meh polaroid kogi butcher Wes Anderson chambray next level semiotics gentrify yr. Voluptate photo booth fugiat Vice. Austin sed Williamsburg, ea labore raw denim voluptate cred proident mixtape excepteur mustache. Twee chia photo booth readymade food truck, hoodie roof party swag keytar PBR DIY.\"}],[{\"key\":\"question\",\"value\":\"Is Buying On-Line Safe?\"},{\"key\":\"answer\",\"value\":\"Art party authentic freegan semiotics jean shorts chia cred. Neutra Austin roof party Brooklyn, synth Thundercats swag 8-bit photo booth. Plaid letterpress leggings craft beer meh ethical Pinterest.\"}]]]',42,'Botble\\Ecommerce\\Models\\Product','2024-11-20 02:45:45','2024-11-20 02:45:45'),(104,'faq_schema_config','[[[{\"key\":\"question\",\"value\":\"What Shipping Methods Are Available?\"},{\"key\":\"answer\",\"value\":\"Ex Portland Pitchfork irure mustache. Eutra fap before they sold out literally. Aliquip ugh bicycle rights actually mlkshk, seitan squid craft beer tempor.\"}],[{\"key\":\"question\",\"value\":\"Do You Ship Internationally?\"},{\"key\":\"answer\",\"value\":\"Hoodie tote bag mixtape tofu. Typewriter jean shorts wolf quinoa, messenger bag organic freegan cray.\"}],[{\"key\":\"question\",\"value\":\"How Long Will It Take To Get My Package?\"},{\"key\":\"answer\",\"value\":\"Swag slow-carb quinoa VHS typewriter pork belly brunch, paleo single-origin coffee Wes Anderson. Flexitarian Pitchfork forage, literally paleo fap pour-over. Wes Anderson Pinterest YOLO fanny pack meggings, deep v XOXO chambray sustainable slow-carb raw denim church-key fap chillwave Etsy. +1 typewriter kitsch, American Apparel tofu Banksy Vice.\"}],[{\"key\":\"question\",\"value\":\"What Payment Methods Are Accepted?\"},{\"key\":\"answer\",\"value\":\"Fashion axe DIY jean shorts, swag kale chips meh polaroid kogi butcher Wes Anderson chambray next level semiotics gentrify yr. Voluptate photo booth fugiat Vice. Austin sed Williamsburg, ea labore raw denim voluptate cred proident mixtape excepteur mustache. Twee chia photo booth readymade food truck, hoodie roof party swag keytar PBR DIY.\"}],[{\"key\":\"question\",\"value\":\"Is Buying On-Line Safe?\"},{\"key\":\"answer\",\"value\":\"Art party authentic freegan semiotics jean shorts chia cred. Neutra Austin roof party Brooklyn, synth Thundercats swag 8-bit photo booth. Plaid letterpress leggings craft beer meh ethical Pinterest.\"}]]]',43,'Botble\\Ecommerce\\Models\\Product','2024-11-20 02:45:45','2024-11-20 02:45:45'),(105,'faq_schema_config','[[[{\"key\":\"question\",\"value\":\"What Shipping Methods Are Available?\"},{\"key\":\"answer\",\"value\":\"Ex Portland Pitchfork irure mustache. Eutra fap before they sold out literally. Aliquip ugh bicycle rights actually mlkshk, seitan squid craft beer tempor.\"}],[{\"key\":\"question\",\"value\":\"Do You Ship Internationally?\"},{\"key\":\"answer\",\"value\":\"Hoodie tote bag mixtape tofu. Typewriter jean shorts wolf quinoa, messenger bag organic freegan cray.\"}],[{\"key\":\"question\",\"value\":\"How Long Will It Take To Get My Package?\"},{\"key\":\"answer\",\"value\":\"Swag slow-carb quinoa VHS typewriter pork belly brunch, paleo single-origin coffee Wes Anderson. Flexitarian Pitchfork forage, literally paleo fap pour-over. Wes Anderson Pinterest YOLO fanny pack meggings, deep v XOXO chambray sustainable slow-carb raw denim church-key fap chillwave Etsy. +1 typewriter kitsch, American Apparel tofu Banksy Vice.\"}],[{\"key\":\"question\",\"value\":\"What Payment Methods Are Accepted?\"},{\"key\":\"answer\",\"value\":\"Fashion axe DIY jean shorts, swag kale chips meh polaroid kogi butcher Wes Anderson chambray next level semiotics gentrify yr. Voluptate photo booth fugiat Vice. Austin sed Williamsburg, ea labore raw denim voluptate cred proident mixtape excepteur mustache. Twee chia photo booth readymade food truck, hoodie roof party swag keytar PBR DIY.\"}],[{\"key\":\"question\",\"value\":\"Is Buying On-Line Safe?\"},{\"key\":\"answer\",\"value\":\"Art party authentic freegan semiotics jean shorts chia cred. Neutra Austin roof party Brooklyn, synth Thundercats swag 8-bit photo booth. Plaid letterpress leggings craft beer meh ethical Pinterest.\"}]]]',44,'Botble\\Ecommerce\\Models\\Product','2024-11-20 02:45:45','2024-11-20 02:45:45'),(106,'faq_schema_config','[[[{\"key\":\"question\",\"value\":\"What Shipping Methods Are Available?\"},{\"key\":\"answer\",\"value\":\"Ex Portland Pitchfork irure mustache. Eutra fap before they sold out literally. Aliquip ugh bicycle rights actually mlkshk, seitan squid craft beer tempor.\"}],[{\"key\":\"question\",\"value\":\"Do You Ship Internationally?\"},{\"key\":\"answer\",\"value\":\"Hoodie tote bag mixtape tofu. Typewriter jean shorts wolf quinoa, messenger bag organic freegan cray.\"}],[{\"key\":\"question\",\"value\":\"How Long Will It Take To Get My Package?\"},{\"key\":\"answer\",\"value\":\"Swag slow-carb quinoa VHS typewriter pork belly brunch, paleo single-origin coffee Wes Anderson. Flexitarian Pitchfork forage, literally paleo fap pour-over. Wes Anderson Pinterest YOLO fanny pack meggings, deep v XOXO chambray sustainable slow-carb raw denim church-key fap chillwave Etsy. +1 typewriter kitsch, American Apparel tofu Banksy Vice.\"}],[{\"key\":\"question\",\"value\":\"What Payment Methods Are Accepted?\"},{\"key\":\"answer\",\"value\":\"Fashion axe DIY jean shorts, swag kale chips meh polaroid kogi butcher Wes Anderson chambray next level semiotics gentrify yr. Voluptate photo booth fugiat Vice. Austin sed Williamsburg, ea labore raw denim voluptate cred proident mixtape excepteur mustache. Twee chia photo booth readymade food truck, hoodie roof party swag keytar PBR DIY.\"}],[{\"key\":\"question\",\"value\":\"Is Buying On-Line Safe?\"},{\"key\":\"answer\",\"value\":\"Art party authentic freegan semiotics jean shorts chia cred. Neutra Austin roof party Brooklyn, synth Thundercats swag 8-bit photo booth. Plaid letterpress leggings craft beer meh ethical Pinterest.\"}]]]',45,'Botble\\Ecommerce\\Models\\Product','2024-11-20 02:45:45','2024-11-20 02:45:45'),(107,'faq_schema_config','[[[{\"key\":\"question\",\"value\":\"What Shipping Methods Are Available?\"},{\"key\":\"answer\",\"value\":\"Ex Portland Pitchfork irure mustache. Eutra fap before they sold out literally. Aliquip ugh bicycle rights actually mlkshk, seitan squid craft beer tempor.\"}],[{\"key\":\"question\",\"value\":\"Do You Ship Internationally?\"},{\"key\":\"answer\",\"value\":\"Hoodie tote bag mixtape tofu. Typewriter jean shorts wolf quinoa, messenger bag organic freegan cray.\"}],[{\"key\":\"question\",\"value\":\"How Long Will It Take To Get My Package?\"},{\"key\":\"answer\",\"value\":\"Swag slow-carb quinoa VHS typewriter pork belly brunch, paleo single-origin coffee Wes Anderson. Flexitarian Pitchfork forage, literally paleo fap pour-over. Wes Anderson Pinterest YOLO fanny pack meggings, deep v XOXO chambray sustainable slow-carb raw denim church-key fap chillwave Etsy. +1 typewriter kitsch, American Apparel tofu Banksy Vice.\"}],[{\"key\":\"question\",\"value\":\"What Payment Methods Are Accepted?\"},{\"key\":\"answer\",\"value\":\"Fashion axe DIY jean shorts, swag kale chips meh polaroid kogi butcher Wes Anderson chambray next level semiotics gentrify yr. Voluptate photo booth fugiat Vice. Austin sed Williamsburg, ea labore raw denim voluptate cred proident mixtape excepteur mustache. Twee chia photo booth readymade food truck, hoodie roof party swag keytar PBR DIY.\"}],[{\"key\":\"question\",\"value\":\"Is Buying On-Line Safe?\"},{\"key\":\"answer\",\"value\":\"Art party authentic freegan semiotics jean shorts chia cred. Neutra Austin roof party Brooklyn, synth Thundercats swag 8-bit photo booth. Plaid letterpress leggings craft beer meh ethical Pinterest.\"}]]]',46,'Botble\\Ecommerce\\Models\\Product','2024-11-20 02:45:45','2024-11-20 02:45:45'),(108,'faq_schema_config','[[[{\"key\":\"question\",\"value\":\"What Shipping Methods Are Available?\"},{\"key\":\"answer\",\"value\":\"Ex Portland Pitchfork irure mustache. Eutra fap before they sold out literally. Aliquip ugh bicycle rights actually mlkshk, seitan squid craft beer tempor.\"}],[{\"key\":\"question\",\"value\":\"Do You Ship Internationally?\"},{\"key\":\"answer\",\"value\":\"Hoodie tote bag mixtape tofu. Typewriter jean shorts wolf quinoa, messenger bag organic freegan cray.\"}],[{\"key\":\"question\",\"value\":\"How Long Will It Take To Get My Package?\"},{\"key\":\"answer\",\"value\":\"Swag slow-carb quinoa VHS typewriter pork belly brunch, paleo single-origin coffee Wes Anderson. Flexitarian Pitchfork forage, literally paleo fap pour-over. Wes Anderson Pinterest YOLO fanny pack meggings, deep v XOXO chambray sustainable slow-carb raw denim church-key fap chillwave Etsy. +1 typewriter kitsch, American Apparel tofu Banksy Vice.\"}],[{\"key\":\"question\",\"value\":\"What Payment Methods Are Accepted?\"},{\"key\":\"answer\",\"value\":\"Fashion axe DIY jean shorts, swag kale chips meh polaroid kogi butcher Wes Anderson chambray next level semiotics gentrify yr. Voluptate photo booth fugiat Vice. Austin sed Williamsburg, ea labore raw denim voluptate cred proident mixtape excepteur mustache. Twee chia photo booth readymade food truck, hoodie roof party swag keytar PBR DIY.\"}],[{\"key\":\"question\",\"value\":\"Is Buying On-Line Safe?\"},{\"key\":\"answer\",\"value\":\"Art party authentic freegan semiotics jean shorts chia cred. Neutra Austin roof party Brooklyn, synth Thundercats swag 8-bit photo booth. Plaid letterpress leggings craft beer meh ethical Pinterest.\"}]]]',47,'Botble\\Ecommerce\\Models\\Product','2024-11-20 02:45:45','2024-11-20 02:45:45'),(109,'faq_schema_config','[[[{\"key\":\"question\",\"value\":\"What Shipping Methods Are Available?\"},{\"key\":\"answer\",\"value\":\"Ex Portland Pitchfork irure mustache. Eutra fap before they sold out literally. Aliquip ugh bicycle rights actually mlkshk, seitan squid craft beer tempor.\"}],[{\"key\":\"question\",\"value\":\"Do You Ship Internationally?\"},{\"key\":\"answer\",\"value\":\"Hoodie tote bag mixtape tofu. Typewriter jean shorts wolf quinoa, messenger bag organic freegan cray.\"}],[{\"key\":\"question\",\"value\":\"How Long Will It Take To Get My Package?\"},{\"key\":\"answer\",\"value\":\"Swag slow-carb quinoa VHS typewriter pork belly brunch, paleo single-origin coffee Wes Anderson. Flexitarian Pitchfork forage, literally paleo fap pour-over. Wes Anderson Pinterest YOLO fanny pack meggings, deep v XOXO chambray sustainable slow-carb raw denim church-key fap chillwave Etsy. +1 typewriter kitsch, American Apparel tofu Banksy Vice.\"}],[{\"key\":\"question\",\"value\":\"What Payment Methods Are Accepted?\"},{\"key\":\"answer\",\"value\":\"Fashion axe DIY jean shorts, swag kale chips meh polaroid kogi butcher Wes Anderson chambray next level semiotics gentrify yr. Voluptate photo booth fugiat Vice. Austin sed Williamsburg, ea labore raw denim voluptate cred proident mixtape excepteur mustache. Twee chia photo booth readymade food truck, hoodie roof party swag keytar PBR DIY.\"}],[{\"key\":\"question\",\"value\":\"Is Buying On-Line Safe?\"},{\"key\":\"answer\",\"value\":\"Art party authentic freegan semiotics jean shorts chia cred. Neutra Austin roof party Brooklyn, synth Thundercats swag 8-bit photo booth. Plaid letterpress leggings craft beer meh ethical Pinterest.\"}]]]',48,'Botble\\Ecommerce\\Models\\Product','2024-11-20 02:45:45','2024-11-20 02:45:45'),(110,'faq_schema_config','[[[{\"key\":\"question\",\"value\":\"What Shipping Methods Are Available?\"},{\"key\":\"answer\",\"value\":\"Ex Portland Pitchfork irure mustache. Eutra fap before they sold out literally. Aliquip ugh bicycle rights actually mlkshk, seitan squid craft beer tempor.\"}],[{\"key\":\"question\",\"value\":\"Do You Ship Internationally?\"},{\"key\":\"answer\",\"value\":\"Hoodie tote bag mixtape tofu. Typewriter jean shorts wolf quinoa, messenger bag organic freegan cray.\"}],[{\"key\":\"question\",\"value\":\"How Long Will It Take To Get My Package?\"},{\"key\":\"answer\",\"value\":\"Swag slow-carb quinoa VHS typewriter pork belly brunch, paleo single-origin coffee Wes Anderson. Flexitarian Pitchfork forage, literally paleo fap pour-over. Wes Anderson Pinterest YOLO fanny pack meggings, deep v XOXO chambray sustainable slow-carb raw denim church-key fap chillwave Etsy. +1 typewriter kitsch, American Apparel tofu Banksy Vice.\"}],[{\"key\":\"question\",\"value\":\"What Payment Methods Are Accepted?\"},{\"key\":\"answer\",\"value\":\"Fashion axe DIY jean shorts, swag kale chips meh polaroid kogi butcher Wes Anderson chambray next level semiotics gentrify yr. Voluptate photo booth fugiat Vice. Austin sed Williamsburg, ea labore raw denim voluptate cred proident mixtape excepteur mustache. Twee chia photo booth readymade food truck, hoodie roof party swag keytar PBR DIY.\"}],[{\"key\":\"question\",\"value\":\"Is Buying On-Line Safe?\"},{\"key\":\"answer\",\"value\":\"Art party authentic freegan semiotics jean shorts chia cred. Neutra Austin roof party Brooklyn, synth Thundercats swag 8-bit photo booth. Plaid letterpress leggings craft beer meh ethical Pinterest.\"}]]]',49,'Botble\\Ecommerce\\Models\\Product','2024-11-20 02:45:45','2024-11-20 02:45:45'),(111,'faq_schema_config','[[[{\"key\":\"question\",\"value\":\"What Shipping Methods Are Available?\"},{\"key\":\"answer\",\"value\":\"Ex Portland Pitchfork irure mustache. Eutra fap before they sold out literally. Aliquip ugh bicycle rights actually mlkshk, seitan squid craft beer tempor.\"}],[{\"key\":\"question\",\"value\":\"Do You Ship Internationally?\"},{\"key\":\"answer\",\"value\":\"Hoodie tote bag mixtape tofu. Typewriter jean shorts wolf quinoa, messenger bag organic freegan cray.\"}],[{\"key\":\"question\",\"value\":\"How Long Will It Take To Get My Package?\"},{\"key\":\"answer\",\"value\":\"Swag slow-carb quinoa VHS typewriter pork belly brunch, paleo single-origin coffee Wes Anderson. Flexitarian Pitchfork forage, literally paleo fap pour-over. Wes Anderson Pinterest YOLO fanny pack meggings, deep v XOXO chambray sustainable slow-carb raw denim church-key fap chillwave Etsy. +1 typewriter kitsch, American Apparel tofu Banksy Vice.\"}],[{\"key\":\"question\",\"value\":\"What Payment Methods Are Accepted?\"},{\"key\":\"answer\",\"value\":\"Fashion axe DIY jean shorts, swag kale chips meh polaroid kogi butcher Wes Anderson chambray next level semiotics gentrify yr. Voluptate photo booth fugiat Vice. Austin sed Williamsburg, ea labore raw denim voluptate cred proident mixtape excepteur mustache. Twee chia photo booth readymade food truck, hoodie roof party swag keytar PBR DIY.\"}],[{\"key\":\"question\",\"value\":\"Is Buying On-Line Safe?\"},{\"key\":\"answer\",\"value\":\"Art party authentic freegan semiotics jean shorts chia cred. Neutra Austin roof party Brooklyn, synth Thundercats swag 8-bit photo booth. Plaid letterpress leggings craft beer meh ethical Pinterest.\"}]]]',50,'Botble\\Ecommerce\\Models\\Product','2024-11-20 02:45:45','2024-11-20 02:45:45'),(112,'faq_schema_config','[[[{\"key\":\"question\",\"value\":\"What Shipping Methods Are Available?\"},{\"key\":\"answer\",\"value\":\"Ex Portland Pitchfork irure mustache. Eutra fap before they sold out literally. Aliquip ugh bicycle rights actually mlkshk, seitan squid craft beer tempor.\"}],[{\"key\":\"question\",\"value\":\"Do You Ship Internationally?\"},{\"key\":\"answer\",\"value\":\"Hoodie tote bag mixtape tofu. Typewriter jean shorts wolf quinoa, messenger bag organic freegan cray.\"}],[{\"key\":\"question\",\"value\":\"How Long Will It Take To Get My Package?\"},{\"key\":\"answer\",\"value\":\"Swag slow-carb quinoa VHS typewriter pork belly brunch, paleo single-origin coffee Wes Anderson. Flexitarian Pitchfork forage, literally paleo fap pour-over. Wes Anderson Pinterest YOLO fanny pack meggings, deep v XOXO chambray sustainable slow-carb raw denim church-key fap chillwave Etsy. +1 typewriter kitsch, American Apparel tofu Banksy Vice.\"}],[{\"key\":\"question\",\"value\":\"What Payment Methods Are Accepted?\"},{\"key\":\"answer\",\"value\":\"Fashion axe DIY jean shorts, swag kale chips meh polaroid kogi butcher Wes Anderson chambray next level semiotics gentrify yr. Voluptate photo booth fugiat Vice. Austin sed Williamsburg, ea labore raw denim voluptate cred proident mixtape excepteur mustache. Twee chia photo booth readymade food truck, hoodie roof party swag keytar PBR DIY.\"}],[{\"key\":\"question\",\"value\":\"Is Buying On-Line Safe?\"},{\"key\":\"answer\",\"value\":\"Art party authentic freegan semiotics jean shorts chia cred. Neutra Austin roof party Brooklyn, synth Thundercats swag 8-bit photo booth. Plaid letterpress leggings craft beer meh ethical Pinterest.\"}]]]',51,'Botble\\Ecommerce\\Models\\Product','2024-11-20 02:45:45','2024-11-20 02:45:45'),(113,'faq_schema_config','[[[{\"key\":\"question\",\"value\":\"What Shipping Methods Are Available?\"},{\"key\":\"answer\",\"value\":\"Ex Portland Pitchfork irure mustache. Eutra fap before they sold out literally. Aliquip ugh bicycle rights actually mlkshk, seitan squid craft beer tempor.\"}],[{\"key\":\"question\",\"value\":\"Do You Ship Internationally?\"},{\"key\":\"answer\",\"value\":\"Hoodie tote bag mixtape tofu. Typewriter jean shorts wolf quinoa, messenger bag organic freegan cray.\"}],[{\"key\":\"question\",\"value\":\"How Long Will It Take To Get My Package?\"},{\"key\":\"answer\",\"value\":\"Swag slow-carb quinoa VHS typewriter pork belly brunch, paleo single-origin coffee Wes Anderson. Flexitarian Pitchfork forage, literally paleo fap pour-over. Wes Anderson Pinterest YOLO fanny pack meggings, deep v XOXO chambray sustainable slow-carb raw denim church-key fap chillwave Etsy. +1 typewriter kitsch, American Apparel tofu Banksy Vice.\"}],[{\"key\":\"question\",\"value\":\"What Payment Methods Are Accepted?\"},{\"key\":\"answer\",\"value\":\"Fashion axe DIY jean shorts, swag kale chips meh polaroid kogi butcher Wes Anderson chambray next level semiotics gentrify yr. Voluptate photo booth fugiat Vice. Austin sed Williamsburg, ea labore raw denim voluptate cred proident mixtape excepteur mustache. Twee chia photo booth readymade food truck, hoodie roof party swag keytar PBR DIY.\"}],[{\"key\":\"question\",\"value\":\"Is Buying On-Line Safe?\"},{\"key\":\"answer\",\"value\":\"Art party authentic freegan semiotics jean shorts chia cred. Neutra Austin roof party Brooklyn, synth Thundercats swag 8-bit photo booth. Plaid letterpress leggings craft beer meh ethical Pinterest.\"}]]]',52,'Botble\\Ecommerce\\Models\\Product','2024-11-20 02:45:45','2024-11-20 02:45:45'),(114,'faq_schema_config','[[[{\"key\":\"question\",\"value\":\"What Shipping Methods Are Available?\"},{\"key\":\"answer\",\"value\":\"Ex Portland Pitchfork irure mustache. Eutra fap before they sold out literally. Aliquip ugh bicycle rights actually mlkshk, seitan squid craft beer tempor.\"}],[{\"key\":\"question\",\"value\":\"Do You Ship Internationally?\"},{\"key\":\"answer\",\"value\":\"Hoodie tote bag mixtape tofu. Typewriter jean shorts wolf quinoa, messenger bag organic freegan cray.\"}],[{\"key\":\"question\",\"value\":\"How Long Will It Take To Get My Package?\"},{\"key\":\"answer\",\"value\":\"Swag slow-carb quinoa VHS typewriter pork belly brunch, paleo single-origin coffee Wes Anderson. Flexitarian Pitchfork forage, literally paleo fap pour-over. Wes Anderson Pinterest YOLO fanny pack meggings, deep v XOXO chambray sustainable slow-carb raw denim church-key fap chillwave Etsy. +1 typewriter kitsch, American Apparel tofu Banksy Vice.\"}],[{\"key\":\"question\",\"value\":\"What Payment Methods Are Accepted?\"},{\"key\":\"answer\",\"value\":\"Fashion axe DIY jean shorts, swag kale chips meh polaroid kogi butcher Wes Anderson chambray next level semiotics gentrify yr. Voluptate photo booth fugiat Vice. Austin sed Williamsburg, ea labore raw denim voluptate cred proident mixtape excepteur mustache. Twee chia photo booth readymade food truck, hoodie roof party swag keytar PBR DIY.\"}],[{\"key\":\"question\",\"value\":\"Is Buying On-Line Safe?\"},{\"key\":\"answer\",\"value\":\"Art party authentic freegan semiotics jean shorts chia cred. Neutra Austin roof party Brooklyn, synth Thundercats swag 8-bit photo booth. Plaid letterpress leggings craft beer meh ethical Pinterest.\"}]]]',53,'Botble\\Ecommerce\\Models\\Product','2024-11-20 02:45:45','2024-11-20 02:45:45'),(115,'faq_schema_config','[[[{\"key\":\"question\",\"value\":\"What Shipping Methods Are Available?\"},{\"key\":\"answer\",\"value\":\"Ex Portland Pitchfork irure mustache. Eutra fap before they sold out literally. Aliquip ugh bicycle rights actually mlkshk, seitan squid craft beer tempor.\"}],[{\"key\":\"question\",\"value\":\"Do You Ship Internationally?\"},{\"key\":\"answer\",\"value\":\"Hoodie tote bag mixtape tofu. Typewriter jean shorts wolf quinoa, messenger bag organic freegan cray.\"}],[{\"key\":\"question\",\"value\":\"How Long Will It Take To Get My Package?\"},{\"key\":\"answer\",\"value\":\"Swag slow-carb quinoa VHS typewriter pork belly brunch, paleo single-origin coffee Wes Anderson. Flexitarian Pitchfork forage, literally paleo fap pour-over. Wes Anderson Pinterest YOLO fanny pack meggings, deep v XOXO chambray sustainable slow-carb raw denim church-key fap chillwave Etsy. +1 typewriter kitsch, American Apparel tofu Banksy Vice.\"}],[{\"key\":\"question\",\"value\":\"What Payment Methods Are Accepted?\"},{\"key\":\"answer\",\"value\":\"Fashion axe DIY jean shorts, swag kale chips meh polaroid kogi butcher Wes Anderson chambray next level semiotics gentrify yr. Voluptate photo booth fugiat Vice. Austin sed Williamsburg, ea labore raw denim voluptate cred proident mixtape excepteur mustache. Twee chia photo booth readymade food truck, hoodie roof party swag keytar PBR DIY.\"}],[{\"key\":\"question\",\"value\":\"Is Buying On-Line Safe?\"},{\"key\":\"answer\",\"value\":\"Art party authentic freegan semiotics jean shorts chia cred. Neutra Austin roof party Brooklyn, synth Thundercats swag 8-bit photo booth. Plaid letterpress leggings craft beer meh ethical Pinterest.\"}]]]',54,'Botble\\Ecommerce\\Models\\Product','2024-11-20 02:45:45','2024-11-20 02:45:45'),(116,'faq_schema_config','[[[{\"key\":\"question\",\"value\":\"What Shipping Methods Are Available?\"},{\"key\":\"answer\",\"value\":\"Ex Portland Pitchfork irure mustache. Eutra fap before they sold out literally. Aliquip ugh bicycle rights actually mlkshk, seitan squid craft beer tempor.\"}],[{\"key\":\"question\",\"value\":\"Do You Ship Internationally?\"},{\"key\":\"answer\",\"value\":\"Hoodie tote bag mixtape tofu. Typewriter jean shorts wolf quinoa, messenger bag organic freegan cray.\"}],[{\"key\":\"question\",\"value\":\"How Long Will It Take To Get My Package?\"},{\"key\":\"answer\",\"value\":\"Swag slow-carb quinoa VHS typewriter pork belly brunch, paleo single-origin coffee Wes Anderson. Flexitarian Pitchfork forage, literally paleo fap pour-over. Wes Anderson Pinterest YOLO fanny pack meggings, deep v XOXO chambray sustainable slow-carb raw denim church-key fap chillwave Etsy. +1 typewriter kitsch, American Apparel tofu Banksy Vice.\"}],[{\"key\":\"question\",\"value\":\"What Payment Methods Are Accepted?\"},{\"key\":\"answer\",\"value\":\"Fashion axe DIY jean shorts, swag kale chips meh polaroid kogi butcher Wes Anderson chambray next level semiotics gentrify yr. Voluptate photo booth fugiat Vice. Austin sed Williamsburg, ea labore raw denim voluptate cred proident mixtape excepteur mustache. Twee chia photo booth readymade food truck, hoodie roof party swag keytar PBR DIY.\"}],[{\"key\":\"question\",\"value\":\"Is Buying On-Line Safe?\"},{\"key\":\"answer\",\"value\":\"Art party authentic freegan semiotics jean shorts chia cred. Neutra Austin roof party Brooklyn, synth Thundercats swag 8-bit photo booth. Plaid letterpress leggings craft beer meh ethical Pinterest.\"}]]]',55,'Botble\\Ecommerce\\Models\\Product','2024-11-20 02:45:45','2024-11-20 02:45:45'),(117,'faq_schema_config','[[[{\"key\":\"question\",\"value\":\"What Shipping Methods Are Available?\"},{\"key\":\"answer\",\"value\":\"Ex Portland Pitchfork irure mustache. Eutra fap before they sold out literally. Aliquip ugh bicycle rights actually mlkshk, seitan squid craft beer tempor.\"}],[{\"key\":\"question\",\"value\":\"Do You Ship Internationally?\"},{\"key\":\"answer\",\"value\":\"Hoodie tote bag mixtape tofu. Typewriter jean shorts wolf quinoa, messenger bag organic freegan cray.\"}],[{\"key\":\"question\",\"value\":\"How Long Will It Take To Get My Package?\"},{\"key\":\"answer\",\"value\":\"Swag slow-carb quinoa VHS typewriter pork belly brunch, paleo single-origin coffee Wes Anderson. Flexitarian Pitchfork forage, literally paleo fap pour-over. Wes Anderson Pinterest YOLO fanny pack meggings, deep v XOXO chambray sustainable slow-carb raw denim church-key fap chillwave Etsy. +1 typewriter kitsch, American Apparel tofu Banksy Vice.\"}],[{\"key\":\"question\",\"value\":\"What Payment Methods Are Accepted?\"},{\"key\":\"answer\",\"value\":\"Fashion axe DIY jean shorts, swag kale chips meh polaroid kogi butcher Wes Anderson chambray next level semiotics gentrify yr. Voluptate photo booth fugiat Vice. Austin sed Williamsburg, ea labore raw denim voluptate cred proident mixtape excepteur mustache. Twee chia photo booth readymade food truck, hoodie roof party swag keytar PBR DIY.\"}],[{\"key\":\"question\",\"value\":\"Is Buying On-Line Safe?\"},{\"key\":\"answer\",\"value\":\"Art party authentic freegan semiotics jean shorts chia cred. Neutra Austin roof party Brooklyn, synth Thundercats swag 8-bit photo booth. Plaid letterpress leggings craft beer meh ethical Pinterest.\"}]]]',56,'Botble\\Ecommerce\\Models\\Product','2024-11-20 02:45:45','2024-11-20 02:45:45'),(118,'faq_schema_config','[[[{\"key\":\"question\",\"value\":\"What Shipping Methods Are Available?\"},{\"key\":\"answer\",\"value\":\"Ex Portland Pitchfork irure mustache. Eutra fap before they sold out literally. Aliquip ugh bicycle rights actually mlkshk, seitan squid craft beer tempor.\"}],[{\"key\":\"question\",\"value\":\"Do You Ship Internationally?\"},{\"key\":\"answer\",\"value\":\"Hoodie tote bag mixtape tofu. Typewriter jean shorts wolf quinoa, messenger bag organic freegan cray.\"}],[{\"key\":\"question\",\"value\":\"How Long Will It Take To Get My Package?\"},{\"key\":\"answer\",\"value\":\"Swag slow-carb quinoa VHS typewriter pork belly brunch, paleo single-origin coffee Wes Anderson. Flexitarian Pitchfork forage, literally paleo fap pour-over. Wes Anderson Pinterest YOLO fanny pack meggings, deep v XOXO chambray sustainable slow-carb raw denim church-key fap chillwave Etsy. +1 typewriter kitsch, American Apparel tofu Banksy Vice.\"}],[{\"key\":\"question\",\"value\":\"What Payment Methods Are Accepted?\"},{\"key\":\"answer\",\"value\":\"Fashion axe DIY jean shorts, swag kale chips meh polaroid kogi butcher Wes Anderson chambray next level semiotics gentrify yr. Voluptate photo booth fugiat Vice. Austin sed Williamsburg, ea labore raw denim voluptate cred proident mixtape excepteur mustache. Twee chia photo booth readymade food truck, hoodie roof party swag keytar PBR DIY.\"}],[{\"key\":\"question\",\"value\":\"Is Buying On-Line Safe?\"},{\"key\":\"answer\",\"value\":\"Art party authentic freegan semiotics jean shorts chia cred. Neutra Austin roof party Brooklyn, synth Thundercats swag 8-bit photo booth. Plaid letterpress leggings craft beer meh ethical Pinterest.\"}]]]',57,'Botble\\Ecommerce\\Models\\Product','2024-11-20 02:45:45','2024-11-20 02:45:45'),(119,'faq_schema_config','[[[{\"key\":\"question\",\"value\":\"What Shipping Methods Are Available?\"},{\"key\":\"answer\",\"value\":\"Ex Portland Pitchfork irure mustache. Eutra fap before they sold out literally. Aliquip ugh bicycle rights actually mlkshk, seitan squid craft beer tempor.\"}],[{\"key\":\"question\",\"value\":\"Do You Ship Internationally?\"},{\"key\":\"answer\",\"value\":\"Hoodie tote bag mixtape tofu. Typewriter jean shorts wolf quinoa, messenger bag organic freegan cray.\"}],[{\"key\":\"question\",\"value\":\"How Long Will It Take To Get My Package?\"},{\"key\":\"answer\",\"value\":\"Swag slow-carb quinoa VHS typewriter pork belly brunch, paleo single-origin coffee Wes Anderson. Flexitarian Pitchfork forage, literally paleo fap pour-over. Wes Anderson Pinterest YOLO fanny pack meggings, deep v XOXO chambray sustainable slow-carb raw denim church-key fap chillwave Etsy. +1 typewriter kitsch, American Apparel tofu Banksy Vice.\"}],[{\"key\":\"question\",\"value\":\"What Payment Methods Are Accepted?\"},{\"key\":\"answer\",\"value\":\"Fashion axe DIY jean shorts, swag kale chips meh polaroid kogi butcher Wes Anderson chambray next level semiotics gentrify yr. Voluptate photo booth fugiat Vice. Austin sed Williamsburg, ea labore raw denim voluptate cred proident mixtape excepteur mustache. Twee chia photo booth readymade food truck, hoodie roof party swag keytar PBR DIY.\"}],[{\"key\":\"question\",\"value\":\"Is Buying On-Line Safe?\"},{\"key\":\"answer\",\"value\":\"Art party authentic freegan semiotics jean shorts chia cred. Neutra Austin roof party Brooklyn, synth Thundercats swag 8-bit photo booth. Plaid letterpress leggings craft beer meh ethical Pinterest.\"}]]]',58,'Botble\\Ecommerce\\Models\\Product','2024-11-20 02:45:45','2024-11-20 02:45:45'),(120,'faq_schema_config','[[[{\"key\":\"question\",\"value\":\"What Shipping Methods Are Available?\"},{\"key\":\"answer\",\"value\":\"Ex Portland Pitchfork irure mustache. Eutra fap before they sold out literally. Aliquip ugh bicycle rights actually mlkshk, seitan squid craft beer tempor.\"}],[{\"key\":\"question\",\"value\":\"Do You Ship Internationally?\"},{\"key\":\"answer\",\"value\":\"Hoodie tote bag mixtape tofu. Typewriter jean shorts wolf quinoa, messenger bag organic freegan cray.\"}],[{\"key\":\"question\",\"value\":\"How Long Will It Take To Get My Package?\"},{\"key\":\"answer\",\"value\":\"Swag slow-carb quinoa VHS typewriter pork belly brunch, paleo single-origin coffee Wes Anderson. Flexitarian Pitchfork forage, literally paleo fap pour-over. Wes Anderson Pinterest YOLO fanny pack meggings, deep v XOXO chambray sustainable slow-carb raw denim church-key fap chillwave Etsy. +1 typewriter kitsch, American Apparel tofu Banksy Vice.\"}],[{\"key\":\"question\",\"value\":\"What Payment Methods Are Accepted?\"},{\"key\":\"answer\",\"value\":\"Fashion axe DIY jean shorts, swag kale chips meh polaroid kogi butcher Wes Anderson chambray next level semiotics gentrify yr. Voluptate photo booth fugiat Vice. Austin sed Williamsburg, ea labore raw denim voluptate cred proident mixtape excepteur mustache. Twee chia photo booth readymade food truck, hoodie roof party swag keytar PBR DIY.\"}],[{\"key\":\"question\",\"value\":\"Is Buying On-Line Safe?\"},{\"key\":\"answer\",\"value\":\"Art party authentic freegan semiotics jean shorts chia cred. Neutra Austin roof party Brooklyn, synth Thundercats swag 8-bit photo booth. Plaid letterpress leggings craft beer meh ethical Pinterest.\"}]]]',59,'Botble\\Ecommerce\\Models\\Product','2024-11-20 02:45:45','2024-11-20 02:45:45'),(121,'faq_schema_config','[[[{\"key\":\"question\",\"value\":\"What Shipping Methods Are Available?\"},{\"key\":\"answer\",\"value\":\"Ex Portland Pitchfork irure mustache. Eutra fap before they sold out literally. Aliquip ugh bicycle rights actually mlkshk, seitan squid craft beer tempor.\"}],[{\"key\":\"question\",\"value\":\"Do You Ship Internationally?\"},{\"key\":\"answer\",\"value\":\"Hoodie tote bag mixtape tofu. Typewriter jean shorts wolf quinoa, messenger bag organic freegan cray.\"}],[{\"key\":\"question\",\"value\":\"How Long Will It Take To Get My Package?\"},{\"key\":\"answer\",\"value\":\"Swag slow-carb quinoa VHS typewriter pork belly brunch, paleo single-origin coffee Wes Anderson. Flexitarian Pitchfork forage, literally paleo fap pour-over. Wes Anderson Pinterest YOLO fanny pack meggings, deep v XOXO chambray sustainable slow-carb raw denim church-key fap chillwave Etsy. +1 typewriter kitsch, American Apparel tofu Banksy Vice.\"}],[{\"key\":\"question\",\"value\":\"What Payment Methods Are Accepted?\"},{\"key\":\"answer\",\"value\":\"Fashion axe DIY jean shorts, swag kale chips meh polaroid kogi butcher Wes Anderson chambray next level semiotics gentrify yr. Voluptate photo booth fugiat Vice. Austin sed Williamsburg, ea labore raw denim voluptate cred proident mixtape excepteur mustache. Twee chia photo booth readymade food truck, hoodie roof party swag keytar PBR DIY.\"}],[{\"key\":\"question\",\"value\":\"Is Buying On-Line Safe?\"},{\"key\":\"answer\",\"value\":\"Art party authentic freegan semiotics jean shorts chia cred. Neutra Austin roof party Brooklyn, synth Thundercats swag 8-bit photo booth. Plaid letterpress leggings craft beer meh ethical Pinterest.\"}]]]',60,'Botble\\Ecommerce\\Models\\Product','2024-11-20 02:45:45','2024-11-20 02:45:45'),(122,'faq_schema_config','[[[{\"key\":\"question\",\"value\":\"What Shipping Methods Are Available?\"},{\"key\":\"answer\",\"value\":\"Ex Portland Pitchfork irure mustache. Eutra fap before they sold out literally. Aliquip ugh bicycle rights actually mlkshk, seitan squid craft beer tempor.\"}],[{\"key\":\"question\",\"value\":\"Do You Ship Internationally?\"},{\"key\":\"answer\",\"value\":\"Hoodie tote bag mixtape tofu. Typewriter jean shorts wolf quinoa, messenger bag organic freegan cray.\"}],[{\"key\":\"question\",\"value\":\"How Long Will It Take To Get My Package?\"},{\"key\":\"answer\",\"value\":\"Swag slow-carb quinoa VHS typewriter pork belly brunch, paleo single-origin coffee Wes Anderson. Flexitarian Pitchfork forage, literally paleo fap pour-over. Wes Anderson Pinterest YOLO fanny pack meggings, deep v XOXO chambray sustainable slow-carb raw denim church-key fap chillwave Etsy. +1 typewriter kitsch, American Apparel tofu Banksy Vice.\"}],[{\"key\":\"question\",\"value\":\"What Payment Methods Are Accepted?\"},{\"key\":\"answer\",\"value\":\"Fashion axe DIY jean shorts, swag kale chips meh polaroid kogi butcher Wes Anderson chambray next level semiotics gentrify yr. Voluptate photo booth fugiat Vice. Austin sed Williamsburg, ea labore raw denim voluptate cred proident mixtape excepteur mustache. Twee chia photo booth readymade food truck, hoodie roof party swag keytar PBR DIY.\"}],[{\"key\":\"question\",\"value\":\"Is Buying On-Line Safe?\"},{\"key\":\"answer\",\"value\":\"Art party authentic freegan semiotics jean shorts chia cred. Neutra Austin roof party Brooklyn, synth Thundercats swag 8-bit photo booth. Plaid letterpress leggings craft beer meh ethical Pinterest.\"}]]]',61,'Botble\\Ecommerce\\Models\\Product','2024-11-20 02:45:45','2024-11-20 02:45:45'),(123,'faq_schema_config','[[[{\"key\":\"question\",\"value\":\"What Shipping Methods Are Available?\"},{\"key\":\"answer\",\"value\":\"Ex Portland Pitchfork irure mustache. Eutra fap before they sold out literally. Aliquip ugh bicycle rights actually mlkshk, seitan squid craft beer tempor.\"}],[{\"key\":\"question\",\"value\":\"Do You Ship Internationally?\"},{\"key\":\"answer\",\"value\":\"Hoodie tote bag mixtape tofu. Typewriter jean shorts wolf quinoa, messenger bag organic freegan cray.\"}],[{\"key\":\"question\",\"value\":\"How Long Will It Take To Get My Package?\"},{\"key\":\"answer\",\"value\":\"Swag slow-carb quinoa VHS typewriter pork belly brunch, paleo single-origin coffee Wes Anderson. Flexitarian Pitchfork forage, literally paleo fap pour-over. Wes Anderson Pinterest YOLO fanny pack meggings, deep v XOXO chambray sustainable slow-carb raw denim church-key fap chillwave Etsy. +1 typewriter kitsch, American Apparel tofu Banksy Vice.\"}],[{\"key\":\"question\",\"value\":\"What Payment Methods Are Accepted?\"},{\"key\":\"answer\",\"value\":\"Fashion axe DIY jean shorts, swag kale chips meh polaroid kogi butcher Wes Anderson chambray next level semiotics gentrify yr. Voluptate photo booth fugiat Vice. Austin sed Williamsburg, ea labore raw denim voluptate cred proident mixtape excepteur mustache. Twee chia photo booth readymade food truck, hoodie roof party swag keytar PBR DIY.\"}],[{\"key\":\"question\",\"value\":\"Is Buying On-Line Safe?\"},{\"key\":\"answer\",\"value\":\"Art party authentic freegan semiotics jean shorts chia cred. Neutra Austin roof party Brooklyn, synth Thundercats swag 8-bit photo booth. Plaid letterpress leggings craft beer meh ethical Pinterest.\"}]]]',62,'Botble\\Ecommerce\\Models\\Product','2024-11-20 02:45:45','2024-11-20 02:45:45'),(124,'faq_schema_config','[[[{\"key\":\"question\",\"value\":\"What Shipping Methods Are Available?\"},{\"key\":\"answer\",\"value\":\"Ex Portland Pitchfork irure mustache. Eutra fap before they sold out literally. Aliquip ugh bicycle rights actually mlkshk, seitan squid craft beer tempor.\"}],[{\"key\":\"question\",\"value\":\"Do You Ship Internationally?\"},{\"key\":\"answer\",\"value\":\"Hoodie tote bag mixtape tofu. Typewriter jean shorts wolf quinoa, messenger bag organic freegan cray.\"}],[{\"key\":\"question\",\"value\":\"How Long Will It Take To Get My Package?\"},{\"key\":\"answer\",\"value\":\"Swag slow-carb quinoa VHS typewriter pork belly brunch, paleo single-origin coffee Wes Anderson. Flexitarian Pitchfork forage, literally paleo fap pour-over. Wes Anderson Pinterest YOLO fanny pack meggings, deep v XOXO chambray sustainable slow-carb raw denim church-key fap chillwave Etsy. +1 typewriter kitsch, American Apparel tofu Banksy Vice.\"}],[{\"key\":\"question\",\"value\":\"What Payment Methods Are Accepted?\"},{\"key\":\"answer\",\"value\":\"Fashion axe DIY jean shorts, swag kale chips meh polaroid kogi butcher Wes Anderson chambray next level semiotics gentrify yr. Voluptate photo booth fugiat Vice. Austin sed Williamsburg, ea labore raw denim voluptate cred proident mixtape excepteur mustache. Twee chia photo booth readymade food truck, hoodie roof party swag keytar PBR DIY.\"}],[{\"key\":\"question\",\"value\":\"Is Buying On-Line Safe?\"},{\"key\":\"answer\",\"value\":\"Art party authentic freegan semiotics jean shorts chia cred. Neutra Austin roof party Brooklyn, synth Thundercats swag 8-bit photo booth. Plaid letterpress leggings craft beer meh ethical Pinterest.\"}]]]',63,'Botble\\Ecommerce\\Models\\Product','2024-11-20 02:45:45','2024-11-20 02:45:45'),(125,'faq_schema_config','[[[{\"key\":\"question\",\"value\":\"What Shipping Methods Are Available?\"},{\"key\":\"answer\",\"value\":\"Ex Portland Pitchfork irure mustache. Eutra fap before they sold out literally. Aliquip ugh bicycle rights actually mlkshk, seitan squid craft beer tempor.\"}],[{\"key\":\"question\",\"value\":\"Do You Ship Internationally?\"},{\"key\":\"answer\",\"value\":\"Hoodie tote bag mixtape tofu. Typewriter jean shorts wolf quinoa, messenger bag organic freegan cray.\"}],[{\"key\":\"question\",\"value\":\"How Long Will It Take To Get My Package?\"},{\"key\":\"answer\",\"value\":\"Swag slow-carb quinoa VHS typewriter pork belly brunch, paleo single-origin coffee Wes Anderson. Flexitarian Pitchfork forage, literally paleo fap pour-over. Wes Anderson Pinterest YOLO fanny pack meggings, deep v XOXO chambray sustainable slow-carb raw denim church-key fap chillwave Etsy. +1 typewriter kitsch, American Apparel tofu Banksy Vice.\"}],[{\"key\":\"question\",\"value\":\"What Payment Methods Are Accepted?\"},{\"key\":\"answer\",\"value\":\"Fashion axe DIY jean shorts, swag kale chips meh polaroid kogi butcher Wes Anderson chambray next level semiotics gentrify yr. Voluptate photo booth fugiat Vice. Austin sed Williamsburg, ea labore raw denim voluptate cred proident mixtape excepteur mustache. Twee chia photo booth readymade food truck, hoodie roof party swag keytar PBR DIY.\"}],[{\"key\":\"question\",\"value\":\"Is Buying On-Line Safe?\"},{\"key\":\"answer\",\"value\":\"Art party authentic freegan semiotics jean shorts chia cred. Neutra Austin roof party Brooklyn, synth Thundercats swag 8-bit photo booth. Plaid letterpress leggings craft beer meh ethical Pinterest.\"}]]]',64,'Botble\\Ecommerce\\Models\\Product','2024-11-20 02:45:45','2024-11-20 02:45:45'),(126,'faq_schema_config','[[[{\"key\":\"question\",\"value\":\"What Shipping Methods Are Available?\"},{\"key\":\"answer\",\"value\":\"Ex Portland Pitchfork irure mustache. Eutra fap before they sold out literally. Aliquip ugh bicycle rights actually mlkshk, seitan squid craft beer tempor.\"}],[{\"key\":\"question\",\"value\":\"Do You Ship Internationally?\"},{\"key\":\"answer\",\"value\":\"Hoodie tote bag mixtape tofu. Typewriter jean shorts wolf quinoa, messenger bag organic freegan cray.\"}],[{\"key\":\"question\",\"value\":\"How Long Will It Take To Get My Package?\"},{\"key\":\"answer\",\"value\":\"Swag slow-carb quinoa VHS typewriter pork belly brunch, paleo single-origin coffee Wes Anderson. Flexitarian Pitchfork forage, literally paleo fap pour-over. Wes Anderson Pinterest YOLO fanny pack meggings, deep v XOXO chambray sustainable slow-carb raw denim church-key fap chillwave Etsy. +1 typewriter kitsch, American Apparel tofu Banksy Vice.\"}],[{\"key\":\"question\",\"value\":\"What Payment Methods Are Accepted?\"},{\"key\":\"answer\",\"value\":\"Fashion axe DIY jean shorts, swag kale chips meh polaroid kogi butcher Wes Anderson chambray next level semiotics gentrify yr. Voluptate photo booth fugiat Vice. Austin sed Williamsburg, ea labore raw denim voluptate cred proident mixtape excepteur mustache. Twee chia photo booth readymade food truck, hoodie roof party swag keytar PBR DIY.\"}],[{\"key\":\"question\",\"value\":\"Is Buying On-Line Safe?\"},{\"key\":\"answer\",\"value\":\"Art party authentic freegan semiotics jean shorts chia cred. Neutra Austin roof party Brooklyn, synth Thundercats swag 8-bit photo booth. Plaid letterpress leggings craft beer meh ethical Pinterest.\"}]]]',65,'Botble\\Ecommerce\\Models\\Product','2024-11-20 02:45:45','2024-11-20 02:45:45'),(127,'faq_schema_config','[[[{\"key\":\"question\",\"value\":\"What Shipping Methods Are Available?\"},{\"key\":\"answer\",\"value\":\"Ex Portland Pitchfork irure mustache. Eutra fap before they sold out literally. Aliquip ugh bicycle rights actually mlkshk, seitan squid craft beer tempor.\"}],[{\"key\":\"question\",\"value\":\"Do You Ship Internationally?\"},{\"key\":\"answer\",\"value\":\"Hoodie tote bag mixtape tofu. Typewriter jean shorts wolf quinoa, messenger bag organic freegan cray.\"}],[{\"key\":\"question\",\"value\":\"How Long Will It Take To Get My Package?\"},{\"key\":\"answer\",\"value\":\"Swag slow-carb quinoa VHS typewriter pork belly brunch, paleo single-origin coffee Wes Anderson. Flexitarian Pitchfork forage, literally paleo fap pour-over. Wes Anderson Pinterest YOLO fanny pack meggings, deep v XOXO chambray sustainable slow-carb raw denim church-key fap chillwave Etsy. +1 typewriter kitsch, American Apparel tofu Banksy Vice.\"}],[{\"key\":\"question\",\"value\":\"What Payment Methods Are Accepted?\"},{\"key\":\"answer\",\"value\":\"Fashion axe DIY jean shorts, swag kale chips meh polaroid kogi butcher Wes Anderson chambray next level semiotics gentrify yr. Voluptate photo booth fugiat Vice. Austin sed Williamsburg, ea labore raw denim voluptate cred proident mixtape excepteur mustache. Twee chia photo booth readymade food truck, hoodie roof party swag keytar PBR DIY.\"}],[{\"key\":\"question\",\"value\":\"Is Buying On-Line Safe?\"},{\"key\":\"answer\",\"value\":\"Art party authentic freegan semiotics jean shorts chia cred. Neutra Austin roof party Brooklyn, synth Thundercats swag 8-bit photo booth. Plaid letterpress leggings craft beer meh ethical Pinterest.\"}]]]',66,'Botble\\Ecommerce\\Models\\Product','2024-11-20 02:45:45','2024-11-20 02:45:45'),(128,'faq_schema_config','[[[{\"key\":\"question\",\"value\":\"What Shipping Methods Are Available?\"},{\"key\":\"answer\",\"value\":\"Ex Portland Pitchfork irure mustache. Eutra fap before they sold out literally. Aliquip ugh bicycle rights actually mlkshk, seitan squid craft beer tempor.\"}],[{\"key\":\"question\",\"value\":\"Do You Ship Internationally?\"},{\"key\":\"answer\",\"value\":\"Hoodie tote bag mixtape tofu. Typewriter jean shorts wolf quinoa, messenger bag organic freegan cray.\"}],[{\"key\":\"question\",\"value\":\"How Long Will It Take To Get My Package?\"},{\"key\":\"answer\",\"value\":\"Swag slow-carb quinoa VHS typewriter pork belly brunch, paleo single-origin coffee Wes Anderson. Flexitarian Pitchfork forage, literally paleo fap pour-over. Wes Anderson Pinterest YOLO fanny pack meggings, deep v XOXO chambray sustainable slow-carb raw denim church-key fap chillwave Etsy. +1 typewriter kitsch, American Apparel tofu Banksy Vice.\"}],[{\"key\":\"question\",\"value\":\"What Payment Methods Are Accepted?\"},{\"key\":\"answer\",\"value\":\"Fashion axe DIY jean shorts, swag kale chips meh polaroid kogi butcher Wes Anderson chambray next level semiotics gentrify yr. Voluptate photo booth fugiat Vice. Austin sed Williamsburg, ea labore raw denim voluptate cred proident mixtape excepteur mustache. Twee chia photo booth readymade food truck, hoodie roof party swag keytar PBR DIY.\"}],[{\"key\":\"question\",\"value\":\"Is Buying On-Line Safe?\"},{\"key\":\"answer\",\"value\":\"Art party authentic freegan semiotics jean shorts chia cred. Neutra Austin roof party Brooklyn, synth Thundercats swag 8-bit photo booth. Plaid letterpress leggings craft beer meh ethical Pinterest.\"}]]]',67,'Botble\\Ecommerce\\Models\\Product','2024-11-20 02:45:45','2024-11-20 02:45:45'),(129,'faq_schema_config','[[[{\"key\":\"question\",\"value\":\"What Shipping Methods Are Available?\"},{\"key\":\"answer\",\"value\":\"Ex Portland Pitchfork irure mustache. Eutra fap before they sold out literally. Aliquip ugh bicycle rights actually mlkshk, seitan squid craft beer tempor.\"}],[{\"key\":\"question\",\"value\":\"Do You Ship Internationally?\"},{\"key\":\"answer\",\"value\":\"Hoodie tote bag mixtape tofu. Typewriter jean shorts wolf quinoa, messenger bag organic freegan cray.\"}],[{\"key\":\"question\",\"value\":\"How Long Will It Take To Get My Package?\"},{\"key\":\"answer\",\"value\":\"Swag slow-carb quinoa VHS typewriter pork belly brunch, paleo single-origin coffee Wes Anderson. Flexitarian Pitchfork forage, literally paleo fap pour-over. Wes Anderson Pinterest YOLO fanny pack meggings, deep v XOXO chambray sustainable slow-carb raw denim church-key fap chillwave Etsy. +1 typewriter kitsch, American Apparel tofu Banksy Vice.\"}],[{\"key\":\"question\",\"value\":\"What Payment Methods Are Accepted?\"},{\"key\":\"answer\",\"value\":\"Fashion axe DIY jean shorts, swag kale chips meh polaroid kogi butcher Wes Anderson chambray next level semiotics gentrify yr. Voluptate photo booth fugiat Vice. Austin sed Williamsburg, ea labore raw denim voluptate cred proident mixtape excepteur mustache. Twee chia photo booth readymade food truck, hoodie roof party swag keytar PBR DIY.\"}],[{\"key\":\"question\",\"value\":\"Is Buying On-Line Safe?\"},{\"key\":\"answer\",\"value\":\"Art party authentic freegan semiotics jean shorts chia cred. Neutra Austin roof party Brooklyn, synth Thundercats swag 8-bit photo booth. Plaid letterpress leggings craft beer meh ethical Pinterest.\"}]]]',68,'Botble\\Ecommerce\\Models\\Product','2024-11-20 02:45:45','2024-11-20 02:45:45'),(130,'faq_schema_config','[[[{\"key\":\"question\",\"value\":\"What Shipping Methods Are Available?\"},{\"key\":\"answer\",\"value\":\"Ex Portland Pitchfork irure mustache. Eutra fap before they sold out literally. Aliquip ugh bicycle rights actually mlkshk, seitan squid craft beer tempor.\"}],[{\"key\":\"question\",\"value\":\"Do You Ship Internationally?\"},{\"key\":\"answer\",\"value\":\"Hoodie tote bag mixtape tofu. Typewriter jean shorts wolf quinoa, messenger bag organic freegan cray.\"}],[{\"key\":\"question\",\"value\":\"How Long Will It Take To Get My Package?\"},{\"key\":\"answer\",\"value\":\"Swag slow-carb quinoa VHS typewriter pork belly brunch, paleo single-origin coffee Wes Anderson. Flexitarian Pitchfork forage, literally paleo fap pour-over. Wes Anderson Pinterest YOLO fanny pack meggings, deep v XOXO chambray sustainable slow-carb raw denim church-key fap chillwave Etsy. +1 typewriter kitsch, American Apparel tofu Banksy Vice.\"}],[{\"key\":\"question\",\"value\":\"What Payment Methods Are Accepted?\"},{\"key\":\"answer\",\"value\":\"Fashion axe DIY jean shorts, swag kale chips meh polaroid kogi butcher Wes Anderson chambray next level semiotics gentrify yr. Voluptate photo booth fugiat Vice. Austin sed Williamsburg, ea labore raw denim voluptate cred proident mixtape excepteur mustache. Twee chia photo booth readymade food truck, hoodie roof party swag keytar PBR DIY.\"}],[{\"key\":\"question\",\"value\":\"Is Buying On-Line Safe?\"},{\"key\":\"answer\",\"value\":\"Art party authentic freegan semiotics jean shorts chia cred. Neutra Austin roof party Brooklyn, synth Thundercats swag 8-bit photo booth. Plaid letterpress leggings craft beer meh ethical Pinterest.\"}]]]',69,'Botble\\Ecommerce\\Models\\Product','2024-11-20 02:45:45','2024-11-20 02:45:45'),(131,'faq_schema_config','[[[{\"key\":\"question\",\"value\":\"What Shipping Methods Are Available?\"},{\"key\":\"answer\",\"value\":\"Ex Portland Pitchfork irure mustache. Eutra fap before they sold out literally. Aliquip ugh bicycle rights actually mlkshk, seitan squid craft beer tempor.\"}],[{\"key\":\"question\",\"value\":\"Do You Ship Internationally?\"},{\"key\":\"answer\",\"value\":\"Hoodie tote bag mixtape tofu. Typewriter jean shorts wolf quinoa, messenger bag organic freegan cray.\"}],[{\"key\":\"question\",\"value\":\"How Long Will It Take To Get My Package?\"},{\"key\":\"answer\",\"value\":\"Swag slow-carb quinoa VHS typewriter pork belly brunch, paleo single-origin coffee Wes Anderson. Flexitarian Pitchfork forage, literally paleo fap pour-over. Wes Anderson Pinterest YOLO fanny pack meggings, deep v XOXO chambray sustainable slow-carb raw denim church-key fap chillwave Etsy. +1 typewriter kitsch, American Apparel tofu Banksy Vice.\"}],[{\"key\":\"question\",\"value\":\"What Payment Methods Are Accepted?\"},{\"key\":\"answer\",\"value\":\"Fashion axe DIY jean shorts, swag kale chips meh polaroid kogi butcher Wes Anderson chambray next level semiotics gentrify yr. Voluptate photo booth fugiat Vice. Austin sed Williamsburg, ea labore raw denim voluptate cred proident mixtape excepteur mustache. Twee chia photo booth readymade food truck, hoodie roof party swag keytar PBR DIY.\"}],[{\"key\":\"question\",\"value\":\"Is Buying On-Line Safe?\"},{\"key\":\"answer\",\"value\":\"Art party authentic freegan semiotics jean shorts chia cred. Neutra Austin roof party Brooklyn, synth Thundercats swag 8-bit photo booth. Plaid letterpress leggings craft beer meh ethical Pinterest.\"}]]]',70,'Botble\\Ecommerce\\Models\\Product','2024-11-20 02:45:45','2024-11-20 02:45:45'),(132,'faq_schema_config','[[[{\"key\":\"question\",\"value\":\"What Shipping Methods Are Available?\"},{\"key\":\"answer\",\"value\":\"Ex Portland Pitchfork irure mustache. Eutra fap before they sold out literally. Aliquip ugh bicycle rights actually mlkshk, seitan squid craft beer tempor.\"}],[{\"key\":\"question\",\"value\":\"Do You Ship Internationally?\"},{\"key\":\"answer\",\"value\":\"Hoodie tote bag mixtape tofu. Typewriter jean shorts wolf quinoa, messenger bag organic freegan cray.\"}],[{\"key\":\"question\",\"value\":\"How Long Will It Take To Get My Package?\"},{\"key\":\"answer\",\"value\":\"Swag slow-carb quinoa VHS typewriter pork belly brunch, paleo single-origin coffee Wes Anderson. Flexitarian Pitchfork forage, literally paleo fap pour-over. Wes Anderson Pinterest YOLO fanny pack meggings, deep v XOXO chambray sustainable slow-carb raw denim church-key fap chillwave Etsy. +1 typewriter kitsch, American Apparel tofu Banksy Vice.\"}],[{\"key\":\"question\",\"value\":\"What Payment Methods Are Accepted?\"},{\"key\":\"answer\",\"value\":\"Fashion axe DIY jean shorts, swag kale chips meh polaroid kogi butcher Wes Anderson chambray next level semiotics gentrify yr. Voluptate photo booth fugiat Vice. Austin sed Williamsburg, ea labore raw denim voluptate cred proident mixtape excepteur mustache. Twee chia photo booth readymade food truck, hoodie roof party swag keytar PBR DIY.\"}],[{\"key\":\"question\",\"value\":\"Is Buying On-Line Safe?\"},{\"key\":\"answer\",\"value\":\"Art party authentic freegan semiotics jean shorts chia cred. Neutra Austin roof party Brooklyn, synth Thundercats swag 8-bit photo booth. Plaid letterpress leggings craft beer meh ethical Pinterest.\"}]]]',71,'Botble\\Ecommerce\\Models\\Product','2024-11-20 02:45:45','2024-11-20 02:45:45'),(133,'faq_schema_config','[[[{\"key\":\"question\",\"value\":\"What Shipping Methods Are Available?\"},{\"key\":\"answer\",\"value\":\"Ex Portland Pitchfork irure mustache. Eutra fap before they sold out literally. Aliquip ugh bicycle rights actually mlkshk, seitan squid craft beer tempor.\"}],[{\"key\":\"question\",\"value\":\"Do You Ship Internationally?\"},{\"key\":\"answer\",\"value\":\"Hoodie tote bag mixtape tofu. Typewriter jean shorts wolf quinoa, messenger bag organic freegan cray.\"}],[{\"key\":\"question\",\"value\":\"How Long Will It Take To Get My Package?\"},{\"key\":\"answer\",\"value\":\"Swag slow-carb quinoa VHS typewriter pork belly brunch, paleo single-origin coffee Wes Anderson. Flexitarian Pitchfork forage, literally paleo fap pour-over. Wes Anderson Pinterest YOLO fanny pack meggings, deep v XOXO chambray sustainable slow-carb raw denim church-key fap chillwave Etsy. +1 typewriter kitsch, American Apparel tofu Banksy Vice.\"}],[{\"key\":\"question\",\"value\":\"What Payment Methods Are Accepted?\"},{\"key\":\"answer\",\"value\":\"Fashion axe DIY jean shorts, swag kale chips meh polaroid kogi butcher Wes Anderson chambray next level semiotics gentrify yr. Voluptate photo booth fugiat Vice. Austin sed Williamsburg, ea labore raw denim voluptate cred proident mixtape excepteur mustache. Twee chia photo booth readymade food truck, hoodie roof party swag keytar PBR DIY.\"}],[{\"key\":\"question\",\"value\":\"Is Buying On-Line Safe?\"},{\"key\":\"answer\",\"value\":\"Art party authentic freegan semiotics jean shorts chia cred. Neutra Austin roof party Brooklyn, synth Thundercats swag 8-bit photo booth. Plaid letterpress leggings craft beer meh ethical Pinterest.\"}]]]',72,'Botble\\Ecommerce\\Models\\Product','2024-11-20 02:45:45','2024-11-20 02:45:45'),(134,'faq_schema_config','[[[{\"key\":\"question\",\"value\":\"What Shipping Methods Are Available?\"},{\"key\":\"answer\",\"value\":\"Ex Portland Pitchfork irure mustache. Eutra fap before they sold out literally. Aliquip ugh bicycle rights actually mlkshk, seitan squid craft beer tempor.\"}],[{\"key\":\"question\",\"value\":\"Do You Ship Internationally?\"},{\"key\":\"answer\",\"value\":\"Hoodie tote bag mixtape tofu. Typewriter jean shorts wolf quinoa, messenger bag organic freegan cray.\"}],[{\"key\":\"question\",\"value\":\"How Long Will It Take To Get My Package?\"},{\"key\":\"answer\",\"value\":\"Swag slow-carb quinoa VHS typewriter pork belly brunch, paleo single-origin coffee Wes Anderson. Flexitarian Pitchfork forage, literally paleo fap pour-over. Wes Anderson Pinterest YOLO fanny pack meggings, deep v XOXO chambray sustainable slow-carb raw denim church-key fap chillwave Etsy. +1 typewriter kitsch, American Apparel tofu Banksy Vice.\"}],[{\"key\":\"question\",\"value\":\"What Payment Methods Are Accepted?\"},{\"key\":\"answer\",\"value\":\"Fashion axe DIY jean shorts, swag kale chips meh polaroid kogi butcher Wes Anderson chambray next level semiotics gentrify yr. Voluptate photo booth fugiat Vice. Austin sed Williamsburg, ea labore raw denim voluptate cred proident mixtape excepteur mustache. Twee chia photo booth readymade food truck, hoodie roof party swag keytar PBR DIY.\"}],[{\"key\":\"question\",\"value\":\"Is Buying On-Line Safe?\"},{\"key\":\"answer\",\"value\":\"Art party authentic freegan semiotics jean shorts chia cred. Neutra Austin roof party Brooklyn, synth Thundercats swag 8-bit photo booth. Plaid letterpress leggings craft beer meh ethical Pinterest.\"}]]]',73,'Botble\\Ecommerce\\Models\\Product','2024-11-20 02:45:45','2024-11-20 02:45:45'),(135,'faq_schema_config','[[[{\"key\":\"question\",\"value\":\"What Shipping Methods Are Available?\"},{\"key\":\"answer\",\"value\":\"Ex Portland Pitchfork irure mustache. Eutra fap before they sold out literally. Aliquip ugh bicycle rights actually mlkshk, seitan squid craft beer tempor.\"}],[{\"key\":\"question\",\"value\":\"Do You Ship Internationally?\"},{\"key\":\"answer\",\"value\":\"Hoodie tote bag mixtape tofu. Typewriter jean shorts wolf quinoa, messenger bag organic freegan cray.\"}],[{\"key\":\"question\",\"value\":\"How Long Will It Take To Get My Package?\"},{\"key\":\"answer\",\"value\":\"Swag slow-carb quinoa VHS typewriter pork belly brunch, paleo single-origin coffee Wes Anderson. Flexitarian Pitchfork forage, literally paleo fap pour-over. Wes Anderson Pinterest YOLO fanny pack meggings, deep v XOXO chambray sustainable slow-carb raw denim church-key fap chillwave Etsy. +1 typewriter kitsch, American Apparel tofu Banksy Vice.\"}],[{\"key\":\"question\",\"value\":\"What Payment Methods Are Accepted?\"},{\"key\":\"answer\",\"value\":\"Fashion axe DIY jean shorts, swag kale chips meh polaroid kogi butcher Wes Anderson chambray next level semiotics gentrify yr. Voluptate photo booth fugiat Vice. Austin sed Williamsburg, ea labore raw denim voluptate cred proident mixtape excepteur mustache. Twee chia photo booth readymade food truck, hoodie roof party swag keytar PBR DIY.\"}],[{\"key\":\"question\",\"value\":\"Is Buying On-Line Safe?\"},{\"key\":\"answer\",\"value\":\"Art party authentic freegan semiotics jean shorts chia cred. Neutra Austin roof party Brooklyn, synth Thundercats swag 8-bit photo booth. Plaid letterpress leggings craft beer meh ethical Pinterest.\"}]]]',74,'Botble\\Ecommerce\\Models\\Product','2024-11-20 02:45:45','2024-11-20 02:45:45'),(136,'faq_schema_config','[[[{\"key\":\"question\",\"value\":\"What Shipping Methods Are Available?\"},{\"key\":\"answer\",\"value\":\"Ex Portland Pitchfork irure mustache. Eutra fap before they sold out literally. Aliquip ugh bicycle rights actually mlkshk, seitan squid craft beer tempor.\"}],[{\"key\":\"question\",\"value\":\"Do You Ship Internationally?\"},{\"key\":\"answer\",\"value\":\"Hoodie tote bag mixtape tofu. Typewriter jean shorts wolf quinoa, messenger bag organic freegan cray.\"}],[{\"key\":\"question\",\"value\":\"How Long Will It Take To Get My Package?\"},{\"key\":\"answer\",\"value\":\"Swag slow-carb quinoa VHS typewriter pork belly brunch, paleo single-origin coffee Wes Anderson. Flexitarian Pitchfork forage, literally paleo fap pour-over. Wes Anderson Pinterest YOLO fanny pack meggings, deep v XOXO chambray sustainable slow-carb raw denim church-key fap chillwave Etsy. +1 typewriter kitsch, American Apparel tofu Banksy Vice.\"}],[{\"key\":\"question\",\"value\":\"What Payment Methods Are Accepted?\"},{\"key\":\"answer\",\"value\":\"Fashion axe DIY jean shorts, swag kale chips meh polaroid kogi butcher Wes Anderson chambray next level semiotics gentrify yr. Voluptate photo booth fugiat Vice. Austin sed Williamsburg, ea labore raw denim voluptate cred proident mixtape excepteur mustache. Twee chia photo booth readymade food truck, hoodie roof party swag keytar PBR DIY.\"}],[{\"key\":\"question\",\"value\":\"Is Buying On-Line Safe?\"},{\"key\":\"answer\",\"value\":\"Art party authentic freegan semiotics jean shorts chia cred. Neutra Austin roof party Brooklyn, synth Thundercats swag 8-bit photo booth. Plaid letterpress leggings craft beer meh ethical Pinterest.\"}]]]',75,'Botble\\Ecommerce\\Models\\Product','2024-11-20 02:45:45','2024-11-20 02:45:45'),(137,'title','[\"Satisfied client testimonial\"]',1,'Botble\\Testimonial\\Models\\Testimonial','2024-11-20 02:45:52','2024-11-20 02:45:52'),(138,'star','[5]',1,'Botble\\Testimonial\\Models\\Testimonial','2024-11-20 02:45:52','2024-11-20 02:45:52'),(139,'title','[\"98% of residents recommend us\"]',2,'Botble\\Testimonial\\Models\\Testimonial','2024-11-20 02:45:52','2024-11-20 02:45:52'),(140,'star','[5]',2,'Botble\\Testimonial\\Models\\Testimonial','2024-11-20 02:45:52','2024-11-20 02:45:52'),(141,'title','[\"Our success stories\"]',3,'Botble\\Testimonial\\Models\\Testimonial','2024-11-20 02:45:52','2024-11-20 02:45:52'),(142,'star','[5]',3,'Botble\\Testimonial\\Models\\Testimonial','2024-11-20 02:45:52','2024-11-20 02:45:52'),(143,'title','[\"This is simply unbelievable\"]',4,'Botble\\Testimonial\\Models\\Testimonial','2024-11-20 02:45:52','2024-11-20 02:45:52'),(144,'star','[5]',4,'Botble\\Testimonial\\Models\\Testimonial','2024-11-20 02:45:52','2024-11-20 02:45:52');
/*!40000 ALTER TABLE `meta_boxes` ENABLE KEYS */;
UNLOCK TABLES;

--
-- Table structure for table `migrations`
--

DROP TABLE IF EXISTS `migrations`;
/*!40101 SET @saved_cs_client     = @@character_set_client */;
/*!40101 SET character_set_client = utf8 */;
CREATE TABLE `migrations` (
  `id` int unsigned NOT NULL AUTO_INCREMENT,
  `migration` varchar(191) COLLATE utf8mb4_unicode_ci NOT NULL,
  `batch` int NOT NULL,
  PRIMARY KEY (`id`)
) ENGINE=InnoDB AUTO_INCREMENT=202 DEFAULT CHARSET=utf8mb4 COLLATE=utf8mb4_unicode_ci;
/*!40101 SET character_set_client = @saved_cs_client */;

--
-- Dumping data for table `migrations`
--

LOCK TABLES `migrations` WRITE;
/*!40000 ALTER TABLE `migrations` DISABLE KEYS */;
INSERT INTO `migrations` VALUES (1,'2013_04_09_032329_create_base_tables',1),(2,'2013_04_09_062329_create_revisions_table',1),(3,'2014_10_12_000000_create_users_table',1),(4,'2014_10_12_100000_create_password_reset_tokens_table',1),(5,'2016_06_10_230148_create_acl_tables',1),(6,'2016_06_14_230857_create_menus_table',1),(7,'2016_06_28_221418_create_pages_table',1),(8,'2016_10_05_074239_create_setting_table',1),(9,'2016_11_28_032840_create_dashboard_widget_tables',1),(10,'2016_12_16_084601_create_widgets_table',1),(11,'2017_05_09_070343_create_media_tables',1),(12,'2017_11_03_070450_create_slug_table',1),(13,'2019_01_05_053554_create_jobs_table',1),(14,'2019_08_19_000000_create_failed_jobs_table',1),(15,'2019_12_14_000001_create_personal_access_tokens_table',1),(16,'2022_04_20_100851_add_index_to_media_table',1),(17,'2022_04_20_101046_add_index_to_menu_table',1),(18,'2022_07_10_034813_move_lang_folder_to_root',1),(19,'2022_08_04_051940_add_missing_column_expires_at',1),(20,'2022_09_01_000001_create_admin_notifications_tables',1),(21,'2022_10_14_024629_drop_column_is_featured',1),(22,'2022_11_18_063357_add_missing_timestamp_in_table_settings',1),(23,'2022_12_02_093615_update_slug_index_columns',1),(24,'2023_01_30_024431_add_alt_to_media_table',1),(25,'2023_02_16_042611_drop_table_password_resets',1),(26,'2023_04_23_005903_add_column_permissions_to_admin_notifications',1),(27,'2023_05_10_075124_drop_column_id_in_role_users_table',1),(28,'2023_08_21_090810_make_page_content_nullable',1),(29,'2023_08_26_080444_fix_missing_copyright_widget',1),(30,'2023_09_07_025340_activate_mollie_and_sale_popup_plugin',1),(31,'2023_09_14_021936_update_index_for_slugs_table',1),(32,'2023_10_27_023808_update_page_metabox',1),(33,'2023_11_22_071805_migrate_header_messages_to_announcements_table',1),(34,'2023_12_07_095130_add_color_column_to_media_folders_table',1),(35,'2023_12_17_162208_make_sure_column_color_in_media_folders_nullable',1),(36,'2024_03_25_000000_migrate_rename_shortcode_contact_box_to_contact_form',1),(37,'2024_04_04_110758_update_value_column_in_user_meta_table',1),(38,'2024_05_12_091229_add_column_visibility_to_table_media_files',1),(39,'2024_07_07_091316_fix_column_url_in_menu_nodes_table',1),(40,'2024_07_12_100000_change_random_hash_for_media',1),(41,'2024_09_30_024515_create_sessions_table',1),(42,'2020_11_18_150916_ads_create_ads_table',2),(43,'2021_12_02_035301_add_ads_translations_table',2),(44,'2023_04_17_062645_add_open_in_new_tab',2),(45,'2023_11_07_023805_add_tablet_mobile_image',2),(46,'2024_04_01_043317_add_google_adsense_slot_id_to_ads_table',2),(47,'2024_04_27_100730_improve_analytics_setting',3),(48,'2023_08_11_060908_create_announcements_table',4),(49,'2015_06_29_025744_create_audit_history',5),(50,'2023_11_14_033417_change_request_column_in_table_audit_histories',5),(51,'2015_06_18_033822_create_blog_table',6),(52,'2021_02_16_092633_remove_default_value_for_author_type',6),(53,'2021_12_03_030600_create_blog_translations',6),(54,'2022_04_19_113923_add_index_to_table_posts',6),(55,'2023_08_29_074620_make_column_author_id_nullable',6),(56,'2024_07_30_091615_fix_order_column_in_categories_table',6),(57,'2016_06_17_091537_create_contacts_table',7),(58,'2023_11_10_080225_migrate_contact_blacklist_email_domains_to_core',7),(59,'2024_03_20_080001_migrate_change_attribute_email_to_nullable_form_contacts_table',7),(60,'2024_03_25_000001_update_captcha_settings_for_contact',7),(61,'2024_04_19_063914_create_custom_fields_table',7),(62,'2020_03_05_041139_create_ecommerce_tables',8),(63,'2021_01_01_044147_ecommerce_create_flash_sale_table',8),(64,'2021_01_17_082713_add_column_is_featured_to_product_collections_table',8),(65,'2021_01_18_024333_add_zip_code_into_table_customer_addresses',8),(66,'2021_02_18_073505_update_table_ec_reviews',8),(67,'2021_03_10_024419_add_column_confirmed_at_to_table_ec_customers',8),(68,'2021_03_10_025153_change_column_tax_amount',8),(69,'2021_03_20_033103_add_column_availability_to_table_ec_products',8),(70,'2021_04_28_074008_ecommerce_create_product_label_table',8),(71,'2021_05_31_173037_ecommerce_create_ec_products_translations',8),(72,'2021_08_17_105016_remove_column_currency_id_in_some_tables',8),(73,'2021_08_30_142128_add_images_column_to_ec_reviews_table',8),(74,'2021_10_04_030050_add_column_created_by_to_table_ec_products',8),(75,'2021_10_05_122616_add_status_column_to_ec_customers_table',8),(76,'2021_11_03_025806_nullable_phone_number_in_ec_customer_addresses',8),(77,'2021_11_23_071403_correct_languages_for_product_variations',8),(78,'2021_11_28_031808_add_product_tags_translations',8),(79,'2021_12_01_031123_add_featured_image_to_ec_products',8),(80,'2022_01_01_033107_update_table_ec_shipments',8),(81,'2022_02_16_042457_improve_product_attribute_sets',8),(82,'2022_03_22_075758_correct_product_name',8),(83,'2022_04_19_113334_add_index_to_ec_products',8),(84,'2022_04_28_144405_remove_unused_table',8),(85,'2022_05_05_115015_create_ec_customer_recently_viewed_products_table',8),(86,'2022_05_18_143720_add_index_to_table_ec_product_categories',8),(87,'2022_06_16_095633_add_index_to_some_tables',8),(88,'2022_06_30_035148_create_order_referrals_table',8),(89,'2022_07_24_153815_add_completed_at_to_ec_orders_table',8),(90,'2022_08_14_032836_create_ec_order_returns_table',8),(91,'2022_08_14_033554_create_ec_order_return_items_table',8),(92,'2022_08_15_040324_add_billing_address',8),(93,'2022_08_30_091114_support_digital_products_table',8),(94,'2022_09_13_095744_create_options_table',8),(95,'2022_09_13_104347_create_option_value_table',8),(96,'2022_10_05_163518_alter_table_ec_order_product',8),(97,'2022_10_12_041517_create_invoices_table',8),(98,'2022_10_12_142226_update_orders_table',8),(99,'2022_10_13_024916_update_table_order_returns',8),(100,'2022_10_21_030830_update_columns_in_ec_shipments_table',8),(101,'2022_10_28_021046_update_columns_in_ec_shipments_table',8),(102,'2022_11_16_034522_update_type_column_in_ec_shipping_rules_table',8),(103,'2022_11_19_041643_add_ec_tax_product_table',8),(104,'2022_12_12_063830_update_tax_defadult_in_ec_tax_products_table',8),(105,'2022_12_17_041532_fix_address_in_order_invoice',8),(106,'2022_12_26_070329_create_ec_product_views_table',8),(107,'2023_01_04_033051_fix_product_categories',8),(108,'2023_01_09_050400_add_ec_global_options_translations_table',8),(109,'2023_01_10_093754_add_missing_option_value_id',8),(110,'2023_01_17_082713_add_column_barcode_and_cost_per_item_to_product_table',8),(111,'2023_01_26_021854_add_ec_customer_used_coupons_table',8),(112,'2023_02_08_015900_update_options_column_in_ec_order_product_table',8),(113,'2023_02_27_095752_remove_duplicate_reviews',8),(114,'2023_03_20_115757_add_user_type_column_to_ec_shipment_histories_table',8),(115,'2023_04_21_082427_create_ec_product_categorizables_table',8),(116,'2023_05_03_011331_add_missing_column_price_into_invoice_items_table',8),(117,'2023_05_17_025812_fix_invoice_issue',8),(118,'2023_05_26_073140_move_option_make_phone_field_optional_at_checkout_page_to_mandatory_fields',8),(119,'2023_05_27_144611_fix_exchange_rate_setting',8),(120,'2023_06_22_084331_add_generate_license_code_to_ec_products_table',8),(121,'2023_06_30_042512_create_ec_order_tax_information_table',8),(122,'2023_07_14_022724_remove_column_id_from_ec_product_collection_products',8),(123,'2023_08_09_012940_remove_column_status_in_ec_product_attributes',8),(124,'2023_08_15_064505_create_ec_tax_rules_table',8),(125,'2023_08_21_021819_make_column_address_in_ec_customer_addresses_nullable',8),(126,'2023_08_22_094114_drop_unique_for_barcode',8),(127,'2023_08_30_031811_add_apply_via_url_column_to_ec_discounts_table',8),(128,'2023_09_07_094312_add_index_to_product_sku_and_translations',8),(129,'2023_09_19_024955_create_discount_product_categories_table',8),(130,'2023_10_17_070728_add_icon_and_icon_image_to_product_categories_table',8),(131,'2023_11_22_154643_add_unique_in_table_ec_products_variations',8),(132,'2023_11_27_032313_add_price_columns_to_ec_product_cross_sale_relations_table',8),(133,'2023_12_06_023945_add_display_on_checkout_column_to_ec_discounts_table',8),(134,'2023_12_25_040604_ec_create_review_replies_table',8),(135,'2023_12_26_090340_add_private_notes_column_to_ec_customers_table',8),(136,'2024_01_16_070706_fix_translation_tables',8),(137,'2024_01_23_075227_add_proof_file_to_ec_orders_table',8),(138,'2024_03_26_041531_add_cancel_reason_to_ec_orders_table',8),(139,'2024_03_27_062402_create_ec_customer_deletion_requests_table',8),(140,'2024_03_29_042242_migrate_old_captcha_settings',8),(141,'2024_03_29_093946_create_ec_order_return_histories_table',8),(142,'2024_04_01_063523_add_customer_columns_to_ec_reviews_table',8),(143,'2024_04_15_092654_migrate_ecommerce_google_tag_manager_code_setting',8),(144,'2024_04_16_035713_add_min_max_order_quantity_columns_to_products_table',8),(145,'2024_05_07_073153_improve_table_wishlist',8),(146,'2024_05_07_093703_add_missing_zip_code_into_table_store_locators',8),(147,'2024_05_15_021503_fix_invoice_path',8),(148,'2024_06_20_160724_create_ec_shared_wishlists_table',8),(149,'2024_06_28_025104_add_notify_attachment_updated_column_to_ec_products_table',8),(150,'2024_07_03_030900_add_downloaded_at_column_to_ec_order_product_table',8),(151,'2024_07_14_071826_make_customer_email_nullable',8),(152,'2024_07_15_104916_add_video_media_column_to_ec_products_table',8),(153,'2024_07_26_052530_add_percentage_to_tax_rules_table',8),(154,'2024_08_14_123028_add_customer_delivered_confirmed_at_column_to_ec_shipments_table',8),(155,'2024_08_19_132849_create_specification_tables',8),(156,'2024_09_07_060744_add_author_column_to_specification_tables',8),(157,'2024_09_14_064023_add_can_use_with_flash_sale_column_to_ec_discounts_table',8),(158,'2024_09_25_073928_remove_wrong_product_slugs',8),(159,'2018_07_09_221238_create_faq_table',9),(160,'2021_12_03_082134_create_faq_translations',9),(161,'2023_11_17_063408_add_description_column_to_faq_categories_table',9),(162,'2016_10_13_150201_create_galleries_table',10),(163,'2021_12_03_082953_create_gallery_translations',10),(164,'2022_04_30_034048_create_gallery_meta_translations_table',10),(165,'2023_08_29_075308_make_column_user_id_nullable',10),(166,'2016_10_03_032336_create_languages_table',11),(167,'2023_09_14_022423_add_index_for_language_table',11),(168,'2021_10_25_021023_fix-priority-load-for-language-advanced',12),(169,'2021_12_03_075608_create_page_translations',12),(170,'2023_07_06_011444_create_slug_translations_table',12),(171,'2019_11_18_061011_create_country_table',13),(172,'2021_12_03_084118_create_location_translations',13),(173,'2021_12_03_094518_migrate_old_location_data',13),(174,'2021_12_10_034440_switch_plugin_location_to_use_language_advanced',13),(175,'2022_01_16_085908_improve_plugin_location',13),(176,'2022_08_04_052122_delete_location_backup_tables',13),(177,'2023_04_23_061847_increase_state_translations_abbreviation_column',13),(178,'2023_07_26_041451_add_more_columns_to_location_table',13),(179,'2023_07_27_041451_add_more_columns_to_location_translation_table',13),(180,'2023_08_15_073307_drop_unique_in_states_cities_translations',13),(181,'2023_10_21_065016_make_state_id_in_table_cities_nullable',13),(182,'2024_08_17_094600_add_image_into_countries',13),(183,'2017_10_24_154832_create_newsletter_table',14),(184,'2024_03_25_000001_update_captcha_settings_for_newsletter',14),(185,'2017_05_18_080441_create_payment_tables',15),(186,'2021_03_27_144913_add_customer_type_into_table_payments',15),(187,'2021_05_24_034720_make_column_currency_nullable',15),(188,'2021_08_09_161302_add_metadata_column_to_payments_table',15),(189,'2021_10_19_020859_update_metadata_field',15),(190,'2022_06_28_151901_activate_paypal_stripe_plugin',15),(191,'2022_07_07_153354_update_charge_id_in_table_payments',15),(192,'2024_07_04_083133_create_payment_logs_table',15),(193,'2017_07_11_140018_create_simple_slider_table',16),(194,'2022_11_02_092723_team_create_team_table',17),(195,'2023_08_11_094574_update_team_table',17),(196,'2023_11_30_085354_add_missing_description_to_team',17),(197,'2024_10_02_030027_add_more_columns_to_teams_translations_table',17),(198,'2018_07_09_214610_create_testimonial_table',18),(199,'2021_12_03_083642_create_testimonials_translations',18),(200,'2016_10_07_193005_create_translations_table',19),(201,'2023_12_12_105220_drop_translations_table',19);
/*!40000 ALTER TABLE `migrations` ENABLE KEYS */;
UNLOCK TABLES;

--
-- Table structure for table `newsletters`
--

DROP TABLE IF EXISTS `newsletters`;
/*!40101 SET @saved_cs_client     = @@character_set_client */;
/*!40101 SET character_set_client = utf8 */;
CREATE TABLE `newsletters` (
  `id` bigint unsigned NOT NULL AUTO_INCREMENT,
  `email` varchar(120) COLLATE utf8mb4_unicode_ci NOT NULL,
  `name` varchar(120) COLLATE utf8mb4_unicode_ci DEFAULT NULL,
  `status` varchar(60) COLLATE utf8mb4_unicode_ci NOT NULL DEFAULT 'subscribed',
  `created_at` timestamp NULL DEFAULT NULL,
  `updated_at` timestamp NULL DEFAULT NULL,
  PRIMARY KEY (`id`)
) ENGINE=InnoDB DEFAULT CHARSET=utf8mb4 COLLATE=utf8mb4_unicode_ci;
/*!40101 SET character_set_client = @saved_cs_client */;

--
-- Dumping data for table `newsletters`
--

LOCK TABLES `newsletters` WRITE;
/*!40000 ALTER TABLE `newsletters` DISABLE KEYS */;
/*!40000 ALTER TABLE `newsletters` ENABLE KEYS */;
UNLOCK TABLES;

--
-- Table structure for table `pages`
--

DROP TABLE IF EXISTS `pages`;
/*!40101 SET @saved_cs_client     = @@character_set_client */;
/*!40101 SET character_set_client = utf8 */;
CREATE TABLE `pages` (
  `id` bigint unsigned NOT NULL AUTO_INCREMENT,
  `name` varchar(120) COLLATE utf8mb4_unicode_ci NOT NULL,
  `content` longtext COLLATE utf8mb4_unicode_ci,
  `user_id` bigint unsigned DEFAULT NULL,
  `image` varchar(191) COLLATE utf8mb4_unicode_ci DEFAULT NULL,
  `template` varchar(60) COLLATE utf8mb4_unicode_ci DEFAULT NULL,
  `description` varchar(400) COLLATE utf8mb4_unicode_ci DEFAULT NULL,
  `status` varchar(60) COLLATE utf8mb4_unicode_ci NOT NULL DEFAULT 'published',
  `created_at` timestamp NULL DEFAULT NULL,
  `updated_at` timestamp NULL DEFAULT NULL,
  PRIMARY KEY (`id`),
  KEY `pages_user_id_index` (`user_id`)
) ENGINE=InnoDB AUTO_INCREMENT=12 DEFAULT CHARSET=utf8mb4 COLLATE=utf8mb4_unicode_ci;
/*!40101 SET character_set_client = @saved_cs_client */;

--
-- Dumping data for table `pages`
--

LOCK TABLES `pages` WRITE;
/*!40000 ALTER TABLE `pages` DISABLE KEYS */;
INSERT INTO `pages` VALUES (1,'Wooden Home','[simple-slider key=\"slider-home-1\" style=\"wooden\" ads_1=\"IYHICPADQD5X\" ads_2=\"R4YAV9FECJUS\"][/simple-slider][product-categories title=&quot;Top &lt;span&gt;Categories&lt;/span&gt;&quot; category_ids=&quot;10,11,12,13,14,15&quot; style=&quot;wooden&quot; enable_lazy_loading=&quot;yes&quot;][/product-categories][products style=&quot;wooden&quot; title=&quot;Popular &lt;span&gt;Products&lt;/span&gt;&quot; limit=&quot;10&quot; enable_lazy_loading=&quot;yes&quot;][/products][deal-product flash_sale_id=\"1\" style=\"wooden\" enable_lazy_loading=\"yes\"][/deal-product][gallery title=\"ninico-shop\" limit=\"6\" subtitle=\"Follow On\" enable_lazy_loading=\"yes\"][/gallery]',1,NULL,'full-width',NULL,'published','2024-11-20 02:45:31','2024-11-20 02:45:31'),(2,'Fashion Home','[simple-slider key=\"slider-home-2\" style=\"fashion\"][/simple-slider][product-categories title=&quot;Top &lt;span&gt;Categories&lt;/span&gt;&quot; category_ids=&quot;1,2,3,4&quot; style=&quot;fashion&quot; enable_lazy_loading=&quot;yes&quot;][/product-categories][products style=&quot;fashion&quot; title=&quot;Popular &lt;span&gt;Products&lt;/span&gt;&quot; limit=&quot;10&quot; enable_lazy_loading=&quot;yes&quot;][/products][theme-ads key_1=\"QPTCBJBOJOSY\" key_2=\"T2VFLDYYIJEH\" enable_lazy_loading=\"yes\"][/theme-ads][featured-posts title=\"Popular Posts\" limit=\"4\" enable_lazy_loading=\"yes\"][/featured-posts][brands title=\"Happy Sponsors\" quantity=\"6\" name_1=\"Bustle\" image_1=\"brands/brand-01.png\" link_1=\"#\" name_2=\"Bazaar\" image_2=\"brands/brand-02.png\" link_2=\"#\" name_3=\"goop\" image_3=\"brands/brand-03.png\" link_3=\"#\" name_4=\"Brit + Co\" image_4=\"brands/brand-04.png\" link_4=\"#\" name_5=\"The Coveteur\" image_5=\"brands/brand-05.png\" link_5=\"#\" name_6=\"allure\" image_6=\"brands/brand-06.png\" link_6=\"#\" enable_lazy_loading=\"yes\"][/brands]',1,NULL,'full-width',NULL,'published','2024-11-20 02:45:31','2024-11-20 02:45:31'),(3,'Furniture Home','[simple-slider key=\"slider-furniture\" style=\"furniture\"][/simple-slider][services quantity=\"4\" title_1=\"Free shipping\" description_1=\"Free shipping on orders over.\" image_1=\"icons/box.png\" title_2=\"Free Returns\" description_2=\"30-days free return policy\" image_2=\"icons/car.png\" title_3=\"Secured Payments\" description_3=\"We accept all major credit cards\" image_3=\"icons/payment.png\" title_4=\"Customer Service\" description_4=\"Top notch customer service\" image_4=\"icons/hours.png\" enable_lazy_loading=\"yes\"][/services][products style=&quot;wooden&quot; title=&quot;Popular &lt;span&gt;Products&lt;/span&gt;&quot; limit=&quot;10&quot; enable_lazy_loading=&quot;yes&quot;][/products][theme-ads style=\"furniture\" key_1=\"JO7LLJHFH1RO\" key_2=\"L8GDJUBVD2TQ\" key_3=\"PXJPAXLOCVRS\" enable_lazy_loading=\"yes\"][/theme-ads][deal-product flash_sale_id=\"1\" enable_lazy_loading=\"yes\"][/deal-product][products-slide title=\"Top Sell In Month\" limit=\"5\" type=\"trending\" enable_lazy_loading=\"yes\"][/products-slide][brands title=\"Happy Sponsors\" background_color=\"#040404\" quantity=\"6\" name_1=\"Bustle\" image_1=\"brands/brand-w-01.png\" link_1=\"https://www.bustle.com\" name_2=\"Bazaar\" image_2=\"brands/brand-w-02.png\" link_2=\"https://www.harpersbazaar.com\" name_3=\"Goop\" image_3=\"brands/brand-w-03.png\" link_3=\"https://goop.com/\" name_4=\"Brit + Co\" image_4=\"brands/brand-w-04.png\" link_4=\"https://www.brit.co\" name_5=\"The Couture Club\" image_5=\"brands/brand-w-05.png\" link_5=\"https://www.thecoutureclub.com\" name_6=\"Allure\" image_6=\"brands/brand-w-06.png\" link_6=\"https://www.allure.com\" enable_lazy_loading=\"yes\"][/brands][featured-posts title=\"Blog & Insights\" limit=\"4\" type=\"popular\" url=\"/blog\" enable_lazy_loading=\"yes\"][/featured-posts]',1,NULL,'full-width',NULL,'published','2024-11-20 02:45:31','2024-11-20 02:45:31'),(4,'Cosmetics Home','[simple-slider key=\"slider-cosmetics\" style=\"cosmetics\"][/simple-slider][brands background_color=\"#F7EFEC\" quantity=\"6\" name_1=\"Bustle\" image_1=\"brands/pla-brand-01.png\" link_1=\"https://www.bustle.com\" name_2=\"Bazaar\" image_2=\"brands/pla-brand-02.png\" link_2=\"https://www.harpersbazaar.com\" name_3=\"Goop\" image_3=\"brands/pla-brand-03.png\" link_3=\"https://goop.com/\" name_4=\"Brit + Co\" image_4=\"brands/pla-brand-04.png\" link_4=\"https://www.brit.co\" name_5=\"The Couture Club\" image_5=\"brands/pla-brand-05.png\" link_5=\"https://www.thecoutureclub.com\" name_6=\"Allure\" image_6=\"brands/pla-brand-06.png\" link_6=\"https://www.allure.com\" enable_lazy_loading=\"yes\"][/brands][product-collections collection_ids=\"4,5,6,7\" enable_lazy_loading=\"yes\"][/product-collections][products style=&quot;wooden&quot; title=&quot;Popular &lt;span&gt;Products&lt;/span&gt;&quot; limit=&quot;4&quot; enable_lazy_loading=&quot;yes&quot;][/products][product-categories category_ids=\"10,11,12,13,14,15\" style=\"cosmetics\" enable_lazy_loading=\"yes\"][/product-categories][deal-product flash_sale_id=\"1\" style=\"cosmetics\" marque_text=\"Great Deal Of The Day Shop Now\" marque_highlight_text=\"Shop Now\" marque_highlight_url=\"/products\" highlight_background=\"blog/9.jpg\" enable_lazy_loading=\"yes\"][/deal-product][testimonials title=\"User Feedbacks\" limit=\"3\" enable_lazy_loading=\"yes\"][/testimonials][featured-posts title=\"Blog & Insights\" limit=\"4\" type=\"popular\" url=\"/blog\" enable_lazy_loading=\"yes\"][/featured-posts]',1,NULL,'full-width',NULL,'published','2024-11-20 02:45:31','2024-11-20 02:45:31'),(5,'Food Grocery Home','[simple-slider key=\"slider-grocery\" style=\"grocery\" ads_1=\"EMRCINED6AX9\" ads_2=\"JVMDAIB9HO2I\" background_image=\"banners/banner-bg-05.jpg\"][/simple-slider][services quantity=\"4\" title_1=\"Free shipping\" description_1=\"Free shipping on orders over.\" image_1=\"icons/box.png\" title_2=\"Free Returns\" description_2=\"30-days free return policy\" image_2=\"icons/car.png\" title_3=\"Secured Payments\" description_3=\"We accept all major credit cards\" image_3=\"icons/payment.png\" title_4=\"Customer Service\" description_4=\"Top notch customer service\" image_4=\"icons/hours.png\" enable_lazy_loading=\"yes\"][/services][products style=&quot;wooden&quot; title=&quot;Popular &lt;span&gt;Products&lt;/span&gt;&quot; limit=&quot;10&quot; enable_lazy_loading=&quot;yes&quot;][/products][deal-product flash_sale_id=\"1\" style=\"cosmetics\" enable_lazy_loading=\"yes\"][/deal-product][products-by-categories category_ids=\"2,3,6,11\" number_of_products=\"4\" enable_lazy_loading=\"yes\"][/products-by-categories][testimonials title=\"User Feedbacks\" limit=\"3\" background_color=\"#F7EFEC\" card_color=\"#FFFFFF\" enable_lazy_loading=\"yes\"][/testimonials][featured-posts title=\"Blog & Insights\" limit=\"4\" url=\"/blog\" enable_lazy_loading=\"yes\"][/featured-posts]',1,NULL,'full-width',NULL,'published','2024-11-20 02:45:31','2024-11-20 02:45:31'),(6,'Blog',NULL,1,NULL,NULL,NULL,'published','2024-11-20 02:45:31','2024-11-20 02:45:31'),(7,'About','[about image_1=\"banners/about-img-1.jpg\" image_2=\"banners/about-img-2.jpg\" logo=\"banners/about-img-3.png\" title=\"About Our Story\" subtitle=\"About Us\" story_text_1=\"Publish your eCommerce site quickly with our easy-to-use store builder— no coding required. Migrate your items from your point of sale system or turn your Instagram feed into a shopping site and start selling fast. Square Online works for all kinds of businesses—retail, restaurants, services without costly customization or add ons. Get orders to your customers in lots of ways by offering shipping, pickup, delivery, and even QR code ordering.\" story_text_2=\"Expand your reach and sell more using seamless integrations with Google, Instagram, Facebook, and more. Built- in SEO tools make it easy for shoppers to find your business on search engines. Get access to the entire suite of integrated Square solutions to help you run your business. Integration between Square Online and all Square point of sale systems makes inventory management easy. Subscribe to Square Marketing and easily send email promotions to your customers using the contact information.\" list_item_1=\"Orders go right to your restaurant point of sale, KDS, and kitchen\" list_item_url_1=\"#\" list_item_2=\"Provide in-person pickup, & delivery by professional couriers\" list_item_url_2=\"#\" list_item_3=\"Offer in-person diners self-serve, contactless ordering via QR codes.\" list_item_url_3=\"#\" enable_lazy_loading=\"yes\"][/about][team title=\"Meet With Team\" subtitle=\"Team\" team_ids=\"1,2,3,4\"][/team][features quantity=\"2\" title_1=\"Solutions that work together\" subtitle_1=\"Features #01\" description_1=\"Publish your eCommerce site quickly with our easy-to-use store builder— no coding required. Migrate your items from your point of sale system or turn your Instagram feed into a shopping site and start selling fast. Square Online works for all kinds of businesses—retail, restaurants, services.\" image_1=\"banners/about-banner-1.jpg\" button_label_1=\"Get In Touch\" button_url_1=\"#\" title_2=\"All kinds of payments securely\" subtitle_2=\"Features #02\" description_2=\"Publish your eCommerce site quickly with our easy-to-use store builder— no coding required. Migrate your items from your point of sale system or turn your Instagram feed into a shopping site and start selling fast. Square Online works for all kinds of businesses—retail, restaurants, services.\" image_2=\"banners/about-banner-2.jpg\" button_label_2=\"Contact With Us\" button_url_2=\"#\" enable_lazy_loading=\"yes\"][/features]',1,NULL,'default',NULL,'published','2024-11-20 02:45:31','2024-11-20 02:45:31'),(8,'Contact','[contact-box title=\"Get In Touch\" address=\"24/26 Strait Bargate, Boston, PE21, United Kingdom\" phone=\" +098 (905) 786 897 8\" email=\"ninico@example.com\" hours=\"10 am - 10 pm EST, 7 days a week\" show_contact_form=\"1\" button_label_1=\"Get Support On Call\" button_url_1=\"#\" button_icon_1=\"fa fa-headphones-alt\" button_label_2=\"Get Direction\" button_url_2=\"#\" button_icon_2=\"fa fa-map-marker-alt\"][/contact-box][google-map]24/26 Strait Bargate, Boston, PE21, United Kingdom[/google-map]',1,NULL,NULL,NULL,'published','2024-11-20 02:45:31','2024-11-20 02:45:31'),(9,'Coming soon','[coming-soon title=\"We are Coming Soon\" subtitle=\"Coming Soon!\" time=\"2025-10-24\" background_image=\"banners/coming-soon.jpg\" logo_style=\"general/logo-white.png\" show_subscribe_form=\"1\"][/coming-soon]',1,NULL,'blank',NULL,'published','2024-11-20 02:45:31','2024-11-20 02:45:31'),(10,'Store Locator','[shop-location quantity=\"4\" name_1=\"Baldwin Hills Crenshaw Plaza\" address_1=\"24/26 Strait Bargate, Boston, PE21, United Kingdom\" phone_1=\"+098 (905) 786 897 8\" hours_1=\"10 am - 10 pm EST, 7 days a week\" image_1=\"shop/location-1.png\" name_2=\"Ninico Hills Crenshaw Plaza\" address_2=\" 36/26 Strait Bargate, Boston, PE21, United Kingdom\" phone_2=\"+098 112 786 897 8\" hours_2=\"9 am - 10 pm EST, 5 days a week\" image_2=\"shop/location-2.png\" name_3=\"Vegas BGM Crenshaw Plaza\" address_3=\"40/26 Strait Bargate, Vegas, PE21, United Kingdom\" phone_3=\" +098 (905) 786 897 8\" hours_3=\"10 am - 10 pm EST, 7 days a week\" image_3=\"shop/location-3.png\" name_4=\"Bargate Cine Crenshaw Plaza\" address_4=\"38/26 Strait Bargate, Point, PE21, United Kingdom\" phone_4=\"6 - 146 - 389 - 5748\" hours_4=\"10 am - 10 pm EST, 7 days a week\" image_4=\"shop/location-4.png\" enable_lazy_loading=\"yes\"][/shop-location][google-map]New York, USA[/google-map]',1,NULL,NULL,NULL,'published','2024-11-20 02:45:31','2024-11-20 02:45:31'),(11,'FAQs','[faqs category_ids=\"1,2,3\"][/faqs]Get in touch<p>&nbsp;</p>\n                    <p>&nbsp;</p>\n                    <p><span style=\"font-size:24px;\"><strong>Get in touch</strong></span></p>[contact-form][/contact-form]',1,NULL,NULL,NULL,'published','2024-11-20 02:45:31','2024-11-20 02:45:31');
/*!40000 ALTER TABLE `pages` ENABLE KEYS */;
UNLOCK TABLES;

--
-- Table structure for table `pages_translations`
--

DROP TABLE IF EXISTS `pages_translations`;
/*!40101 SET @saved_cs_client     = @@character_set_client */;
/*!40101 SET character_set_client = utf8 */;
CREATE TABLE `pages_translations` (
  `lang_code` varchar(20) COLLATE utf8mb4_unicode_ci NOT NULL,
  `pages_id` bigint unsigned NOT NULL,
  `name` varchar(191) COLLATE utf8mb4_unicode_ci DEFAULT NULL,
  `description` varchar(400) COLLATE utf8mb4_unicode_ci DEFAULT NULL,
  `content` longtext COLLATE utf8mb4_unicode_ci,
  PRIMARY KEY (`lang_code`,`pages_id`)
) ENGINE=InnoDB DEFAULT CHARSET=utf8mb4 COLLATE=utf8mb4_unicode_ci;
/*!40101 SET character_set_client = @saved_cs_client */;

--
-- Dumping data for table `pages_translations`
--

LOCK TABLES `pages_translations` WRITE;
/*!40000 ALTER TABLE `pages_translations` DISABLE KEYS */;
/*!40000 ALTER TABLE `pages_translations` ENABLE KEYS */;
UNLOCK TABLES;

--
-- Table structure for table `password_reset_tokens`
--

DROP TABLE IF EXISTS `password_reset_tokens`;
/*!40101 SET @saved_cs_client     = @@character_set_client */;
/*!40101 SET character_set_client = utf8 */;
CREATE TABLE `password_reset_tokens` (
  `email` varchar(191) COLLATE utf8mb4_unicode_ci NOT NULL,
  `token` varchar(191) COLLATE utf8mb4_unicode_ci NOT NULL,
  `created_at` timestamp NULL DEFAULT NULL,
  PRIMARY KEY (`email`)
) ENGINE=InnoDB DEFAULT CHARSET=utf8mb4 COLLATE=utf8mb4_unicode_ci;
/*!40101 SET character_set_client = @saved_cs_client */;

--
-- Dumping data for table `password_reset_tokens`
--

LOCK TABLES `password_reset_tokens` WRITE;
/*!40000 ALTER TABLE `password_reset_tokens` DISABLE KEYS */;
/*!40000 ALTER TABLE `password_reset_tokens` ENABLE KEYS */;
UNLOCK TABLES;

--
-- Table structure for table `payment_logs`
--

DROP TABLE IF EXISTS `payment_logs`;
/*!40101 SET @saved_cs_client     = @@character_set_client */;
/*!40101 SET character_set_client = utf8 */;
CREATE TABLE `payment_logs` (
  `id` bigint unsigned NOT NULL AUTO_INCREMENT,
  `payment_method` varchar(191) COLLATE utf8mb4_unicode_ci NOT NULL,
  `request` longtext COLLATE utf8mb4_unicode_ci,
  `response` longtext COLLATE utf8mb4_unicode_ci,
  `ip_address` varchar(45) COLLATE utf8mb4_unicode_ci NOT NULL,
  `created_at` timestamp NULL DEFAULT NULL,
  `updated_at` timestamp NULL DEFAULT NULL,
  PRIMARY KEY (`id`)
) ENGINE=InnoDB DEFAULT CHARSET=utf8mb4 COLLATE=utf8mb4_unicode_ci;
/*!40101 SET character_set_client = @saved_cs_client */;

--
-- Dumping data for table `payment_logs`
--

LOCK TABLES `payment_logs` WRITE;
/*!40000 ALTER TABLE `payment_logs` DISABLE KEYS */;
/*!40000 ALTER TABLE `payment_logs` ENABLE KEYS */;
UNLOCK TABLES;

--
-- Table structure for table `payments`
--

DROP TABLE IF EXISTS `payments`;
/*!40101 SET @saved_cs_client     = @@character_set_client */;
/*!40101 SET character_set_client = utf8 */;
CREATE TABLE `payments` (
  `id` bigint unsigned NOT NULL AUTO_INCREMENT,
  `currency` varchar(120) COLLATE utf8mb4_unicode_ci DEFAULT NULL,
  `user_id` bigint unsigned NOT NULL DEFAULT '0',
  `charge_id` varchar(191) COLLATE utf8mb4_unicode_ci DEFAULT NULL,
  `payment_channel` varchar(60) COLLATE utf8mb4_unicode_ci DEFAULT NULL,
  `description` varchar(400) COLLATE utf8mb4_unicode_ci DEFAULT NULL,
  `amount` decimal(15,2) unsigned NOT NULL,
  `order_id` bigint unsigned DEFAULT NULL,
  `status` varchar(60) COLLATE utf8mb4_unicode_ci DEFAULT 'pending',
  `payment_type` varchar(191) COLLATE utf8mb4_unicode_ci DEFAULT 'confirm',
  `customer_id` bigint unsigned DEFAULT NULL,
  `refunded_amount` decimal(15,2) unsigned DEFAULT NULL,
  `refund_note` varchar(191) COLLATE utf8mb4_unicode_ci DEFAULT NULL,
  `created_at` timestamp NULL DEFAULT NULL,
  `updated_at` timestamp NULL DEFAULT NULL,
  `customer_type` varchar(191) COLLATE utf8mb4_unicode_ci DEFAULT NULL,
  `metadata` mediumtext COLLATE utf8mb4_unicode_ci,
  PRIMARY KEY (`id`)
) ENGINE=InnoDB DEFAULT CHARSET=utf8mb4 COLLATE=utf8mb4_unicode_ci;
/*!40101 SET character_set_client = @saved_cs_client */;

--
-- Dumping data for table `payments`
--

LOCK TABLES `payments` WRITE;
/*!40000 ALTER TABLE `payments` DISABLE KEYS */;
/*!40000 ALTER TABLE `payments` ENABLE KEYS */;
UNLOCK TABLES;

--
-- Table structure for table `personal_access_tokens`
--

DROP TABLE IF EXISTS `personal_access_tokens`;
/*!40101 SET @saved_cs_client     = @@character_set_client */;
/*!40101 SET character_set_client = utf8 */;
CREATE TABLE `personal_access_tokens` (
  `id` bigint unsigned NOT NULL AUTO_INCREMENT,
  `tokenable_type` varchar(191) COLLATE utf8mb4_unicode_ci NOT NULL,
  `tokenable_id` bigint unsigned NOT NULL,
  `name` varchar(191) COLLATE utf8mb4_unicode_ci NOT NULL,
  `token` varchar(64) COLLATE utf8mb4_unicode_ci NOT NULL,
  `abilities` text COLLATE utf8mb4_unicode_ci,
  `last_used_at` timestamp NULL DEFAULT NULL,
  `expires_at` timestamp NULL DEFAULT NULL,
  `created_at` timestamp NULL DEFAULT NULL,
  `updated_at` timestamp NULL DEFAULT NULL,
  PRIMARY KEY (`id`),
  UNIQUE KEY `personal_access_tokens_token_unique` (`token`),
  KEY `personal_access_tokens_tokenable_type_tokenable_id_index` (`tokenable_type`,`tokenable_id`)
) ENGINE=InnoDB DEFAULT CHARSET=utf8mb4 COLLATE=utf8mb4_unicode_ci;
/*!40101 SET character_set_client = @saved_cs_client */;

--
-- Dumping data for table `personal_access_tokens`
--

LOCK TABLES `personal_access_tokens` WRITE;
/*!40000 ALTER TABLE `personal_access_tokens` DISABLE KEYS */;
/*!40000 ALTER TABLE `personal_access_tokens` ENABLE KEYS */;
UNLOCK TABLES;

--
-- Table structure for table `post_categories`
--

DROP TABLE IF EXISTS `post_categories`;
/*!40101 SET @saved_cs_client     = @@character_set_client */;
/*!40101 SET character_set_client = utf8 */;
CREATE TABLE `post_categories` (
  `category_id` bigint unsigned NOT NULL,
  `post_id` bigint unsigned NOT NULL,
  KEY `post_categories_category_id_index` (`category_id`),
  KEY `post_categories_post_id_index` (`post_id`)
) ENGINE=InnoDB DEFAULT CHARSET=utf8mb4 COLLATE=utf8mb4_unicode_ci;
/*!40101 SET character_set_client = @saved_cs_client */;

--
-- Dumping data for table `post_categories`
--

LOCK TABLES `post_categories` WRITE;
/*!40000 ALTER TABLE `post_categories` DISABLE KEYS */;
INSERT INTO `post_categories` VALUES (3,1),(2,1),(1,2),(2,2),(1,3),(4,3),(2,4),(1,4),(1,5),(2,5),(4,6),(4,7),(1,8),(3,8),(4,9),(2,9),(4,10),(3,11),(4,11);
/*!40000 ALTER TABLE `post_categories` ENABLE KEYS */;
UNLOCK TABLES;

--
-- Table structure for table `post_tags`
--

DROP TABLE IF EXISTS `post_tags`;
/*!40101 SET @saved_cs_client     = @@character_set_client */;
/*!40101 SET character_set_client = utf8 */;
CREATE TABLE `post_tags` (
  `tag_id` bigint unsigned NOT NULL,
  `post_id` bigint unsigned NOT NULL,
  KEY `post_tags_tag_id_index` (`tag_id`),
  KEY `post_tags_post_id_index` (`post_id`)
) ENGINE=InnoDB DEFAULT CHARSET=utf8mb4 COLLATE=utf8mb4_unicode_ci;
/*!40101 SET character_set_client = @saved_cs_client */;

--
-- Dumping data for table `post_tags`
--

LOCK TABLES `post_tags` WRITE;
/*!40000 ALTER TABLE `post_tags` DISABLE KEYS */;
INSERT INTO `post_tags` VALUES (2,1),(3,1),(4,2),(5,2),(2,2),(2,3),(1,3),(4,4),(5,4),(5,5),(1,5),(3,5),(1,6),(2,7),(1,7),(5,8),(3,8),(2,8),(2,9),(1,9),(3,10),(2,10),(5,11),(3,11);
/*!40000 ALTER TABLE `post_tags` ENABLE KEYS */;
UNLOCK TABLES;

--
-- Table structure for table `posts`
--

DROP TABLE IF EXISTS `posts`;
/*!40101 SET @saved_cs_client     = @@character_set_client */;
/*!40101 SET character_set_client = utf8 */;
CREATE TABLE `posts` (
  `id` bigint unsigned NOT NULL AUTO_INCREMENT,
  `name` varchar(191) COLLATE utf8mb4_unicode_ci NOT NULL,
  `description` varchar(400) COLLATE utf8mb4_unicode_ci DEFAULT NULL,
  `content` longtext COLLATE utf8mb4_unicode_ci,
  `status` varchar(60) COLLATE utf8mb4_unicode_ci NOT NULL DEFAULT 'published',
  `author_id` bigint unsigned DEFAULT NULL,
  `author_type` varchar(191) COLLATE utf8mb4_unicode_ci NOT NULL DEFAULT 'Botble\\ACL\\Models\\User',
  `is_featured` tinyint unsigned NOT NULL DEFAULT '0',
  `image` varchar(191) COLLATE utf8mb4_unicode_ci DEFAULT NULL,
  `views` int unsigned NOT NULL DEFAULT '0',
  `format_type` varchar(30) COLLATE utf8mb4_unicode_ci DEFAULT NULL,
  `created_at` timestamp NULL DEFAULT NULL,
  `updated_at` timestamp NULL DEFAULT NULL,
  PRIMARY KEY (`id`),
  KEY `posts_status_index` (`status`),
  KEY `posts_author_id_index` (`author_id`),
  KEY `posts_author_type_index` (`author_type`),
  KEY `posts_created_at_index` (`created_at`)
) ENGINE=InnoDB AUTO_INCREMENT=12 DEFAULT CHARSET=utf8mb4 COLLATE=utf8mb4_unicode_ci;
/*!40101 SET character_set_client = @saved_cs_client */;

--
-- Dumping data for table `posts`
--

LOCK TABLES `posts` WRITE;
/*!40000 ALTER TABLE `posts` DISABLE KEYS */;
INSERT INTO `posts` VALUES (1,'4 Expert Tips On How To Choose The Right Men’s Wallet','I or she fell past it. \'Well!\' thought Alice to find that the Gryphon only answered \'Come on!\' and ran off, thinking while she was getting so used to it in less than no time to begin at HIS time of.','<p>I have seen many people underestimating the power of their wallets. To them, they are just a functional item they use to carry. As a result, they often end up with the wallets which are not really suitable for them.</p>\n\n<p>You should pay more attention when you choose your wallets. There are a lot of them on the market with the different designs and styles. When you choose carefully, you would be able to buy a wallet that is catered to your needs. Not to mention that it will help to enhance your style significantly.</p>\n\n<p style=\"text-align:center\"><img alt=\"f4\" src=\"/storage/blog/blog-in-01.jpg\" /></p>\n\n<p><br />\n    &nbsp;</p>\n\n<p><strong><em>For all of the reason above, here are 7 expert tips to help you pick up the right men&rsquo;s wallet for you:</em></strong></p>\n\n<h4><strong>Number 1: Choose A Neat Wallet</strong></h4>\n\n<p>The wallet is an essential accessory that you should go simple. Simplicity is the best in this case. A simple and neat wallet with the plain color and even&nbsp;<strong>minimalist style</strong>&nbsp;is versatile. It can be used for both formal and casual events. In addition, that wallet will go well with most of the clothes in your wardrobe.</p>\n\n<p>Keep in mind that a wallet will tell other people about your personality and your fashion sense as much as other clothes you put on. Hence, don&rsquo;t go cheesy on your wallet or else people will think that you have a funny and particular style.</p>\n\n<p style=\"text-align:center\"><img alt=\"f5\" src=\"/storage/blog/blog-in-02.jpg\" /></p>\n\n<p><br />\n    &nbsp;</p>\n<hr />\n<h4><strong>Number 2: Choose The Right Size For Your Wallet</strong></h4>\n\n<p>You should avoid having an over-sized wallet. Don&rsquo;t think that you need to buy a big wallet because you have a lot to carry with you. In addition, a fat wallet is very ugly. It will make it harder for you to slide the wallet into your trousers&rsquo; pocket. In addition, it will create a bulge and ruin your look.</p>\n\n<p>Before you go on to buy a new wallet, clean out your wallet and place all the items from your wallet on a table. Throw away things that you would never need any more such as the old bills or the expired gift cards. Remember to check your wallet on a frequent basis to get rid of all of the old stuff that you don&rsquo;t need anymore.</p>\n\n<p style=\"text-align:center\"><img alt=\"f1\" src=\"/storage/blog/blog-in-03.jpg\" /></p>\n\n<p><br />\n    &nbsp;</p>\n\n<hr />\n<h4><strong>Number 3: Don&rsquo;t Limit Your Options Of Materials</strong></h4>\n\n<p>The types and designs of wallets are not the only things that you should consider when you go out searching for your best wallet. You have more than 1 option of material rather than leather to choose from as well.</p>\n\n<p>You can experiment with other available options such as cotton, polyester and canvas. They all have their own pros and cons. As a result, they will be suitable for different needs and requirements. You should think about them all in order to choose the material which you would like the most.</p>\n\n<p style=\"text-align:center\"><img alt=\"f6\" src=\"/storage/blog/blog-in-04.jpg\" /></p>\n\n<p><br />\n    &nbsp;</p>\n\n<hr />\n<h4><strong>Number 4: Consider A Wallet As A Long Term Investment</strong></h4>\n\n<p>Your wallet is indeed an investment that you should consider spending a decent amount of time and effort on it. Another factor that you need to consider is how much you want to spend on your wallet. The price ranges of wallets on the market vary a great deal. You can find a wallet which is as cheap as about 5 to 7 dollars. On the other hand, you should expect to pay around 250 to 300 dollars for a high-quality wallet.</p>\n\n<p>In case you need a wallet to use for a long time, it is a good idea that you should invest a decent amount of money on a wallet. A high quality wallet from a reputational brand with the premium quality such as cowhide leather will last for a long time. In addition, it is an accessory to show off your fashion sense and your social status.</p>\n\n<p style=\"text-align:center\"><img alt=\"f2\" src=\"/storage/blog/blog-in-05.jpg\" /></p>\n\n<p>&nbsp;</p>\n','published',1,'Botble\\ACL\\Models\\User',1,'blog/1.jpg',2352,NULL,'2024-11-20 02:45:29','2024-11-20 02:45:29'),(2,'Sexy Clutches: How to Buy &amp; Wear a Designer Clutch Bag','Alice. \'Come on, then!\' roared the Queen, who was reading the list of the court,\" and I never was so small as this is May it won\'t be raving mad after all! I almost wish I\'d gone to see the earth.','<p>I have seen many people underestimating the power of their wallets. To them, they are just a functional item they use to carry. As a result, they often end up with the wallets which are not really suitable for them.</p>\n\n<p>You should pay more attention when you choose your wallets. There are a lot of them on the market with the different designs and styles. When you choose carefully, you would be able to buy a wallet that is catered to your needs. Not to mention that it will help to enhance your style significantly.</p>\n\n<p style=\"text-align:center\"><img alt=\"f4\" src=\"/storage/blog/blog-in-01.jpg\" /></p>\n\n<p><br />\n    &nbsp;</p>\n\n<p><strong><em>For all of the reason above, here are 7 expert tips to help you pick up the right men&rsquo;s wallet for you:</em></strong></p>\n\n<h4><strong>Number 1: Choose A Neat Wallet</strong></h4>\n\n<p>The wallet is an essential accessory that you should go simple. Simplicity is the best in this case. A simple and neat wallet with the plain color and even&nbsp;<strong>minimalist style</strong>&nbsp;is versatile. It can be used for both formal and casual events. In addition, that wallet will go well with most of the clothes in your wardrobe.</p>\n\n<p>Keep in mind that a wallet will tell other people about your personality and your fashion sense as much as other clothes you put on. Hence, don&rsquo;t go cheesy on your wallet or else people will think that you have a funny and particular style.</p>\n\n<p style=\"text-align:center\"><img alt=\"f5\" src=\"/storage/blog/blog-in-02.jpg\" /></p>\n\n<p><br />\n    &nbsp;</p>\n<hr />\n<h4><strong>Number 2: Choose The Right Size For Your Wallet</strong></h4>\n\n<p>You should avoid having an over-sized wallet. Don&rsquo;t think that you need to buy a big wallet because you have a lot to carry with you. In addition, a fat wallet is very ugly. It will make it harder for you to slide the wallet into your trousers&rsquo; pocket. In addition, it will create a bulge and ruin your look.</p>\n\n<p>Before you go on to buy a new wallet, clean out your wallet and place all the items from your wallet on a table. Throw away things that you would never need any more such as the old bills or the expired gift cards. Remember to check your wallet on a frequent basis to get rid of all of the old stuff that you don&rsquo;t need anymore.</p>\n\n<p style=\"text-align:center\"><img alt=\"f1\" src=\"/storage/blog/blog-in-03.jpg\" /></p>\n\n<p><br />\n    &nbsp;</p>\n\n<hr />\n<h4><strong>Number 3: Don&rsquo;t Limit Your Options Of Materials</strong></h4>\n\n<p>The types and designs of wallets are not the only things that you should consider when you go out searching for your best wallet. You have more than 1 option of material rather than leather to choose from as well.</p>\n\n<p>You can experiment with other available options such as cotton, polyester and canvas. They all have their own pros and cons. As a result, they will be suitable for different needs and requirements. You should think about them all in order to choose the material which you would like the most.</p>\n\n<p style=\"text-align:center\"><img alt=\"f6\" src=\"/storage/blog/blog-in-04.jpg\" /></p>\n\n<p><br />\n    &nbsp;</p>\n\n<hr />\n<h4><strong>Number 4: Consider A Wallet As A Long Term Investment</strong></h4>\n\n<p>Your wallet is indeed an investment that you should consider spending a decent amount of time and effort on it. Another factor that you need to consider is how much you want to spend on your wallet. The price ranges of wallets on the market vary a great deal. You can find a wallet which is as cheap as about 5 to 7 dollars. On the other hand, you should expect to pay around 250 to 300 dollars for a high-quality wallet.</p>\n\n<p>In case you need a wallet to use for a long time, it is a good idea that you should invest a decent amount of money on a wallet. A high quality wallet from a reputational brand with the premium quality such as cowhide leather will last for a long time. In addition, it is an accessory to show off your fashion sense and your social status.</p>\n\n<p style=\"text-align:center\"><img alt=\"f2\" src=\"/storage/blog/blog-in-05.jpg\" /></p>\n\n<p>&nbsp;</p>\n','published',1,'Botble\\ACL\\Models\\User',1,'blog/2.jpg',1665,NULL,'2024-11-20 02:45:29','2024-11-20 02:45:29'),(3,'The Top 2020 Handbag Trends to Know','The adventures first,\' said the Dormouse; \'VERY ill.\' Alice tried to fancy what the moral of THAT is--\"Take care of the birds hurried off at once: one old Magpie began wrapping itself up very.','<p>I have seen many people underestimating the power of their wallets. To them, they are just a functional item they use to carry. As a result, they often end up with the wallets which are not really suitable for them.</p>\n\n<p>You should pay more attention when you choose your wallets. There are a lot of them on the market with the different designs and styles. When you choose carefully, you would be able to buy a wallet that is catered to your needs. Not to mention that it will help to enhance your style significantly.</p>\n\n<p style=\"text-align:center\"><img alt=\"f4\" src=\"/storage/blog/blog-in-01.jpg\" /></p>\n\n<p><br />\n    &nbsp;</p>\n\n<p><strong><em>For all of the reason above, here are 7 expert tips to help you pick up the right men&rsquo;s wallet for you:</em></strong></p>\n\n<h4><strong>Number 1: Choose A Neat Wallet</strong></h4>\n\n<p>The wallet is an essential accessory that you should go simple. Simplicity is the best in this case. A simple and neat wallet with the plain color and even&nbsp;<strong>minimalist style</strong>&nbsp;is versatile. It can be used for both formal and casual events. In addition, that wallet will go well with most of the clothes in your wardrobe.</p>\n\n<p>Keep in mind that a wallet will tell other people about your personality and your fashion sense as much as other clothes you put on. Hence, don&rsquo;t go cheesy on your wallet or else people will think that you have a funny and particular style.</p>\n\n<p style=\"text-align:center\"><img alt=\"f5\" src=\"/storage/blog/blog-in-02.jpg\" /></p>\n\n<p><br />\n    &nbsp;</p>\n<hr />\n<h4><strong>Number 2: Choose The Right Size For Your Wallet</strong></h4>\n\n<p>You should avoid having an over-sized wallet. Don&rsquo;t think that you need to buy a big wallet because you have a lot to carry with you. In addition, a fat wallet is very ugly. It will make it harder for you to slide the wallet into your trousers&rsquo; pocket. In addition, it will create a bulge and ruin your look.</p>\n\n<p>Before you go on to buy a new wallet, clean out your wallet and place all the items from your wallet on a table. Throw away things that you would never need any more such as the old bills or the expired gift cards. Remember to check your wallet on a frequent basis to get rid of all of the old stuff that you don&rsquo;t need anymore.</p>\n\n<p style=\"text-align:center\"><img alt=\"f1\" src=\"/storage/blog/blog-in-03.jpg\" /></p>\n\n<p><br />\n    &nbsp;</p>\n\n<hr />\n<h4><strong>Number 3: Don&rsquo;t Limit Your Options Of Materials</strong></h4>\n\n<p>The types and designs of wallets are not the only things that you should consider when you go out searching for your best wallet. You have more than 1 option of material rather than leather to choose from as well.</p>\n\n<p>You can experiment with other available options such as cotton, polyester and canvas. They all have their own pros and cons. As a result, they will be suitable for different needs and requirements. You should think about them all in order to choose the material which you would like the most.</p>\n\n<p style=\"text-align:center\"><img alt=\"f6\" src=\"/storage/blog/blog-in-04.jpg\" /></p>\n\n<p><br />\n    &nbsp;</p>\n\n<hr />\n<h4><strong>Number 4: Consider A Wallet As A Long Term Investment</strong></h4>\n\n<p>Your wallet is indeed an investment that you should consider spending a decent amount of time and effort on it. Another factor that you need to consider is how much you want to spend on your wallet. The price ranges of wallets on the market vary a great deal. You can find a wallet which is as cheap as about 5 to 7 dollars. On the other hand, you should expect to pay around 250 to 300 dollars for a high-quality wallet.</p>\n\n<p>In case you need a wallet to use for a long time, it is a good idea that you should invest a decent amount of money on a wallet. A high quality wallet from a reputational brand with the premium quality such as cowhide leather will last for a long time. In addition, it is an accessory to show off your fashion sense and your social status.</p>\n\n<p style=\"text-align:center\"><img alt=\"f2\" src=\"/storage/blog/blog-in-05.jpg\" /></p>\n\n<p>&nbsp;</p>\n','published',1,'Botble\\ACL\\Models\\User',1,'blog/3.jpg',2399,NULL,'2024-11-20 02:45:29','2024-11-20 02:45:29'),(4,'How to Match the Color of Your Handbag With an Outfit','I do wonder what CAN have happened to you? Tell us all about it!\' Last came a little hot tea upon its nose. The Dormouse had closed its eyes were nearly out of sight. Alice remained looking.','<p>I have seen many people underestimating the power of their wallets. To them, they are just a functional item they use to carry. As a result, they often end up with the wallets which are not really suitable for them.</p>\n\n<p>You should pay more attention when you choose your wallets. There are a lot of them on the market with the different designs and styles. When you choose carefully, you would be able to buy a wallet that is catered to your needs. Not to mention that it will help to enhance your style significantly.</p>\n\n<p style=\"text-align:center\"><img alt=\"f4\" src=\"/storage/blog/blog-in-01.jpg\" /></p>\n\n<p><br />\n    &nbsp;</p>\n\n<p><strong><em>For all of the reason above, here are 7 expert tips to help you pick up the right men&rsquo;s wallet for you:</em></strong></p>\n\n<h4><strong>Number 1: Choose A Neat Wallet</strong></h4>\n\n<p>The wallet is an essential accessory that you should go simple. Simplicity is the best in this case. A simple and neat wallet with the plain color and even&nbsp;<strong>minimalist style</strong>&nbsp;is versatile. It can be used for both formal and casual events. In addition, that wallet will go well with most of the clothes in your wardrobe.</p>\n\n<p>Keep in mind that a wallet will tell other people about your personality and your fashion sense as much as other clothes you put on. Hence, don&rsquo;t go cheesy on your wallet or else people will think that you have a funny and particular style.</p>\n\n<p style=\"text-align:center\"><img alt=\"f5\" src=\"/storage/blog/blog-in-02.jpg\" /></p>\n\n<p><br />\n    &nbsp;</p>\n<hr />\n<h4><strong>Number 2: Choose The Right Size For Your Wallet</strong></h4>\n\n<p>You should avoid having an over-sized wallet. Don&rsquo;t think that you need to buy a big wallet because you have a lot to carry with you. In addition, a fat wallet is very ugly. It will make it harder for you to slide the wallet into your trousers&rsquo; pocket. In addition, it will create a bulge and ruin your look.</p>\n\n<p>Before you go on to buy a new wallet, clean out your wallet and place all the items from your wallet on a table. Throw away things that you would never need any more such as the old bills or the expired gift cards. Remember to check your wallet on a frequent basis to get rid of all of the old stuff that you don&rsquo;t need anymore.</p>\n\n<p style=\"text-align:center\"><img alt=\"f1\" src=\"/storage/blog/blog-in-03.jpg\" /></p>\n\n<p><br />\n    &nbsp;</p>\n\n<hr />\n<h4><strong>Number 3: Don&rsquo;t Limit Your Options Of Materials</strong></h4>\n\n<p>The types and designs of wallets are not the only things that you should consider when you go out searching for your best wallet. You have more than 1 option of material rather than leather to choose from as well.</p>\n\n<p>You can experiment with other available options such as cotton, polyester and canvas. They all have their own pros and cons. As a result, they will be suitable for different needs and requirements. You should think about them all in order to choose the material which you would like the most.</p>\n\n<p style=\"text-align:center\"><img alt=\"f6\" src=\"/storage/blog/blog-in-04.jpg\" /></p>\n\n<p><br />\n    &nbsp;</p>\n\n<hr />\n<h4><strong>Number 4: Consider A Wallet As A Long Term Investment</strong></h4>\n\n<p>Your wallet is indeed an investment that you should consider spending a decent amount of time and effort on it. Another factor that you need to consider is how much you want to spend on your wallet. The price ranges of wallets on the market vary a great deal. You can find a wallet which is as cheap as about 5 to 7 dollars. On the other hand, you should expect to pay around 250 to 300 dollars for a high-quality wallet.</p>\n\n<p>In case you need a wallet to use for a long time, it is a good idea that you should invest a decent amount of money on a wallet. A high quality wallet from a reputational brand with the premium quality such as cowhide leather will last for a long time. In addition, it is an accessory to show off your fashion sense and your social status.</p>\n\n<p style=\"text-align:center\"><img alt=\"f2\" src=\"/storage/blog/blog-in-05.jpg\" /></p>\n\n<p>&nbsp;</p>\n','published',1,'Botble\\ACL\\Models\\User',1,'blog/4.jpg',984,NULL,'2024-11-20 02:45:29','2024-11-20 02:45:29'),(5,'How to Care for Leather Bags','Rabbit was no more of the other side of WHAT? The other side of the month, and doesn\'t tell what o\'clock it is!\' \'Why should it?\' muttered the Hatter. \'I told you butter wouldn\'t suit the works!\' he.','<p>I have seen many people underestimating the power of their wallets. To them, they are just a functional item they use to carry. As a result, they often end up with the wallets which are not really suitable for them.</p>\n\n<p>You should pay more attention when you choose your wallets. There are a lot of them on the market with the different designs and styles. When you choose carefully, you would be able to buy a wallet that is catered to your needs. Not to mention that it will help to enhance your style significantly.</p>\n\n<p style=\"text-align:center\"><img alt=\"f4\" src=\"/storage/blog/blog-in-01.jpg\" /></p>\n\n<p><br />\n    &nbsp;</p>\n\n<p><strong><em>For all of the reason above, here are 7 expert tips to help you pick up the right men&rsquo;s wallet for you:</em></strong></p>\n\n<h4><strong>Number 1: Choose A Neat Wallet</strong></h4>\n\n<p>The wallet is an essential accessory that you should go simple. Simplicity is the best in this case. A simple and neat wallet with the plain color and even&nbsp;<strong>minimalist style</strong>&nbsp;is versatile. It can be used for both formal and casual events. In addition, that wallet will go well with most of the clothes in your wardrobe.</p>\n\n<p>Keep in mind that a wallet will tell other people about your personality and your fashion sense as much as other clothes you put on. Hence, don&rsquo;t go cheesy on your wallet or else people will think that you have a funny and particular style.</p>\n\n<p style=\"text-align:center\"><img alt=\"f5\" src=\"/storage/blog/blog-in-02.jpg\" /></p>\n\n<p><br />\n    &nbsp;</p>\n<hr />\n<h4><strong>Number 2: Choose The Right Size For Your Wallet</strong></h4>\n\n<p>You should avoid having an over-sized wallet. Don&rsquo;t think that you need to buy a big wallet because you have a lot to carry with you. In addition, a fat wallet is very ugly. It will make it harder for you to slide the wallet into your trousers&rsquo; pocket. In addition, it will create a bulge and ruin your look.</p>\n\n<p>Before you go on to buy a new wallet, clean out your wallet and place all the items from your wallet on a table. Throw away things that you would never need any more such as the old bills or the expired gift cards. Remember to check your wallet on a frequent basis to get rid of all of the old stuff that you don&rsquo;t need anymore.</p>\n\n<p style=\"text-align:center\"><img alt=\"f1\" src=\"/storage/blog/blog-in-03.jpg\" /></p>\n\n<p><br />\n    &nbsp;</p>\n\n<hr />\n<h4><strong>Number 3: Don&rsquo;t Limit Your Options Of Materials</strong></h4>\n\n<p>The types and designs of wallets are not the only things that you should consider when you go out searching for your best wallet. You have more than 1 option of material rather than leather to choose from as well.</p>\n\n<p>You can experiment with other available options such as cotton, polyester and canvas. They all have their own pros and cons. As a result, they will be suitable for different needs and requirements. You should think about them all in order to choose the material which you would like the most.</p>\n\n<p style=\"text-align:center\"><img alt=\"f6\" src=\"/storage/blog/blog-in-04.jpg\" /></p>\n\n<p><br />\n    &nbsp;</p>\n\n<hr />\n<h4><strong>Number 4: Consider A Wallet As A Long Term Investment</strong></h4>\n\n<p>Your wallet is indeed an investment that you should consider spending a decent amount of time and effort on it. Another factor that you need to consider is how much you want to spend on your wallet. The price ranges of wallets on the market vary a great deal. You can find a wallet which is as cheap as about 5 to 7 dollars. On the other hand, you should expect to pay around 250 to 300 dollars for a high-quality wallet.</p>\n\n<p>In case you need a wallet to use for a long time, it is a good idea that you should invest a decent amount of money on a wallet. A high quality wallet from a reputational brand with the premium quality such as cowhide leather will last for a long time. In addition, it is an accessory to show off your fashion sense and your social status.</p>\n\n<p style=\"text-align:center\"><img alt=\"f2\" src=\"/storage/blog/blog-in-05.jpg\" /></p>\n\n<p>&nbsp;</p>\n','published',1,'Botble\\ACL\\Models\\User',0,'blog/5.jpg',667,NULL,'2024-11-20 02:45:29','2024-11-20 02:45:29'),(6,'We\'re Crushing Hard on Summer\'s 10 Biggest Bag Trends','I then? Tell me that first, and then, if I shall ever see you any more!\' And here poor Alice in a twinkling! Half-past one, time for dinner!\' (\'I only wish people knew that: then they both bowed.','<p>I have seen many people underestimating the power of their wallets. To them, they are just a functional item they use to carry. As a result, they often end up with the wallets which are not really suitable for them.</p>\n\n<p>You should pay more attention when you choose your wallets. There are a lot of them on the market with the different designs and styles. When you choose carefully, you would be able to buy a wallet that is catered to your needs. Not to mention that it will help to enhance your style significantly.</p>\n\n<p style=\"text-align:center\"><img alt=\"f4\" src=\"/storage/blog/blog-in-01.jpg\" /></p>\n\n<p><br />\n    &nbsp;</p>\n\n<p><strong><em>For all of the reason above, here are 7 expert tips to help you pick up the right men&rsquo;s wallet for you:</em></strong></p>\n\n<h4><strong>Number 1: Choose A Neat Wallet</strong></h4>\n\n<p>The wallet is an essential accessory that you should go simple. Simplicity is the best in this case. A simple and neat wallet with the plain color and even&nbsp;<strong>minimalist style</strong>&nbsp;is versatile. It can be used for both formal and casual events. In addition, that wallet will go well with most of the clothes in your wardrobe.</p>\n\n<p>Keep in mind that a wallet will tell other people about your personality and your fashion sense as much as other clothes you put on. Hence, don&rsquo;t go cheesy on your wallet or else people will think that you have a funny and particular style.</p>\n\n<p style=\"text-align:center\"><img alt=\"f5\" src=\"/storage/blog/blog-in-02.jpg\" /></p>\n\n<p><br />\n    &nbsp;</p>\n<hr />\n<h4><strong>Number 2: Choose The Right Size For Your Wallet</strong></h4>\n\n<p>You should avoid having an over-sized wallet. Don&rsquo;t think that you need to buy a big wallet because you have a lot to carry with you. In addition, a fat wallet is very ugly. It will make it harder for you to slide the wallet into your trousers&rsquo; pocket. In addition, it will create a bulge and ruin your look.</p>\n\n<p>Before you go on to buy a new wallet, clean out your wallet and place all the items from your wallet on a table. Throw away things that you would never need any more such as the old bills or the expired gift cards. Remember to check your wallet on a frequent basis to get rid of all of the old stuff that you don&rsquo;t need anymore.</p>\n\n<p style=\"text-align:center\"><img alt=\"f1\" src=\"/storage/blog/blog-in-03.jpg\" /></p>\n\n<p><br />\n    &nbsp;</p>\n\n<hr />\n<h4><strong>Number 3: Don&rsquo;t Limit Your Options Of Materials</strong></h4>\n\n<p>The types and designs of wallets are not the only things that you should consider when you go out searching for your best wallet. You have more than 1 option of material rather than leather to choose from as well.</p>\n\n<p>You can experiment with other available options such as cotton, polyester and canvas. They all have their own pros and cons. As a result, they will be suitable for different needs and requirements. You should think about them all in order to choose the material which you would like the most.</p>\n\n<p style=\"text-align:center\"><img alt=\"f6\" src=\"/storage/blog/blog-in-04.jpg\" /></p>\n\n<p><br />\n    &nbsp;</p>\n\n<hr />\n<h4><strong>Number 4: Consider A Wallet As A Long Term Investment</strong></h4>\n\n<p>Your wallet is indeed an investment that you should consider spending a decent amount of time and effort on it. Another factor that you need to consider is how much you want to spend on your wallet. The price ranges of wallets on the market vary a great deal. You can find a wallet which is as cheap as about 5 to 7 dollars. On the other hand, you should expect to pay around 250 to 300 dollars for a high-quality wallet.</p>\n\n<p>In case you need a wallet to use for a long time, it is a good idea that you should invest a decent amount of money on a wallet. A high quality wallet from a reputational brand with the premium quality such as cowhide leather will last for a long time. In addition, it is an accessory to show off your fashion sense and your social status.</p>\n\n<p style=\"text-align:center\"><img alt=\"f2\" src=\"/storage/blog/blog-in-05.jpg\" /></p>\n\n<p>&nbsp;</p>\n','published',1,'Botble\\ACL\\Models\\User',0,'blog/6.jpg',1497,NULL,'2024-11-20 02:45:29','2024-11-20 02:45:29'),(7,'Essential Qualities of Highly Successful Music','Duchess; \'and the moral of that is--\"The more there is of finding morals in things!\' Alice began to get rather sleepy, and went on muttering over the edge of her age knew the right distance--but.','<p>I have seen many people underestimating the power of their wallets. To them, they are just a functional item they use to carry. As a result, they often end up with the wallets which are not really suitable for them.</p>\n\n<p>You should pay more attention when you choose your wallets. There are a lot of them on the market with the different designs and styles. When you choose carefully, you would be able to buy a wallet that is catered to your needs. Not to mention that it will help to enhance your style significantly.</p>\n\n<p style=\"text-align:center\"><img alt=\"f4\" src=\"/storage/blog/blog-in-01.jpg\" /></p>\n\n<p><br />\n    &nbsp;</p>\n\n<p><strong><em>For all of the reason above, here are 7 expert tips to help you pick up the right men&rsquo;s wallet for you:</em></strong></p>\n\n<h4><strong>Number 1: Choose A Neat Wallet</strong></h4>\n\n<p>The wallet is an essential accessory that you should go simple. Simplicity is the best in this case. A simple and neat wallet with the plain color and even&nbsp;<strong>minimalist style</strong>&nbsp;is versatile. It can be used for both formal and casual events. In addition, that wallet will go well with most of the clothes in your wardrobe.</p>\n\n<p>Keep in mind that a wallet will tell other people about your personality and your fashion sense as much as other clothes you put on. Hence, don&rsquo;t go cheesy on your wallet or else people will think that you have a funny and particular style.</p>\n\n<p style=\"text-align:center\"><img alt=\"f5\" src=\"/storage/blog/blog-in-02.jpg\" /></p>\n\n<p><br />\n    &nbsp;</p>\n<hr />\n<h4><strong>Number 2: Choose The Right Size For Your Wallet</strong></h4>\n\n<p>You should avoid having an over-sized wallet. Don&rsquo;t think that you need to buy a big wallet because you have a lot to carry with you. In addition, a fat wallet is very ugly. It will make it harder for you to slide the wallet into your trousers&rsquo; pocket. In addition, it will create a bulge and ruin your look.</p>\n\n<p>Before you go on to buy a new wallet, clean out your wallet and place all the items from your wallet on a table. Throw away things that you would never need any more such as the old bills or the expired gift cards. Remember to check your wallet on a frequent basis to get rid of all of the old stuff that you don&rsquo;t need anymore.</p>\n\n<p style=\"text-align:center\"><img alt=\"f1\" src=\"/storage/blog/blog-in-03.jpg\" /></p>\n\n<p><br />\n    &nbsp;</p>\n\n<hr />\n<h4><strong>Number 3: Don&rsquo;t Limit Your Options Of Materials</strong></h4>\n\n<p>The types and designs of wallets are not the only things that you should consider when you go out searching for your best wallet. You have more than 1 option of material rather than leather to choose from as well.</p>\n\n<p>You can experiment with other available options such as cotton, polyester and canvas. They all have their own pros and cons. As a result, they will be suitable for different needs and requirements. You should think about them all in order to choose the material which you would like the most.</p>\n\n<p style=\"text-align:center\"><img alt=\"f6\" src=\"/storage/blog/blog-in-04.jpg\" /></p>\n\n<p><br />\n    &nbsp;</p>\n\n<hr />\n<h4><strong>Number 4: Consider A Wallet As A Long Term Investment</strong></h4>\n\n<p>Your wallet is indeed an investment that you should consider spending a decent amount of time and effort on it. Another factor that you need to consider is how much you want to spend on your wallet. The price ranges of wallets on the market vary a great deal. You can find a wallet which is as cheap as about 5 to 7 dollars. On the other hand, you should expect to pay around 250 to 300 dollars for a high-quality wallet.</p>\n\n<p>In case you need a wallet to use for a long time, it is a good idea that you should invest a decent amount of money on a wallet. A high quality wallet from a reputational brand with the premium quality such as cowhide leather will last for a long time. In addition, it is an accessory to show off your fashion sense and your social status.</p>\n\n<p style=\"text-align:center\"><img alt=\"f2\" src=\"/storage/blog/blog-in-05.jpg\" /></p>\n\n<p>&nbsp;</p>\n','published',1,'Botble\\ACL\\Models\\User',1,'blog/7.jpg',1130,NULL,'2024-11-20 02:45:29','2024-11-20 02:45:29'),(8,'9 Things I Love About Shaving My Head','March Hare. \'Then it wasn\'t very civil of you to leave off this minute!\' She generally gave herself very good height indeed!\' said Alice, always ready to make ONE respectable person!\' Soon her eye.','<p>I have seen many people underestimating the power of their wallets. To them, they are just a functional item they use to carry. As a result, they often end up with the wallets which are not really suitable for them.</p>\n\n<p>You should pay more attention when you choose your wallets. There are a lot of them on the market with the different designs and styles. When you choose carefully, you would be able to buy a wallet that is catered to your needs. Not to mention that it will help to enhance your style significantly.</p>\n\n<p style=\"text-align:center\"><img alt=\"f4\" src=\"/storage/blog/blog-in-01.jpg\" /></p>\n\n<p><br />\n    &nbsp;</p>\n\n<p><strong><em>For all of the reason above, here are 7 expert tips to help you pick up the right men&rsquo;s wallet for you:</em></strong></p>\n\n<h4><strong>Number 1: Choose A Neat Wallet</strong></h4>\n\n<p>The wallet is an essential accessory that you should go simple. Simplicity is the best in this case. A simple and neat wallet with the plain color and even&nbsp;<strong>minimalist style</strong>&nbsp;is versatile. It can be used for both formal and casual events. In addition, that wallet will go well with most of the clothes in your wardrobe.</p>\n\n<p>Keep in mind that a wallet will tell other people about your personality and your fashion sense as much as other clothes you put on. Hence, don&rsquo;t go cheesy on your wallet or else people will think that you have a funny and particular style.</p>\n\n<p style=\"text-align:center\"><img alt=\"f5\" src=\"/storage/blog/blog-in-02.jpg\" /></p>\n\n<p><br />\n    &nbsp;</p>\n<hr />\n<h4><strong>Number 2: Choose The Right Size For Your Wallet</strong></h4>\n\n<p>You should avoid having an over-sized wallet. Don&rsquo;t think that you need to buy a big wallet because you have a lot to carry with you. In addition, a fat wallet is very ugly. It will make it harder for you to slide the wallet into your trousers&rsquo; pocket. In addition, it will create a bulge and ruin your look.</p>\n\n<p>Before you go on to buy a new wallet, clean out your wallet and place all the items from your wallet on a table. Throw away things that you would never need any more such as the old bills or the expired gift cards. Remember to check your wallet on a frequent basis to get rid of all of the old stuff that you don&rsquo;t need anymore.</p>\n\n<p style=\"text-align:center\"><img alt=\"f1\" src=\"/storage/blog/blog-in-03.jpg\" /></p>\n\n<p><br />\n    &nbsp;</p>\n\n<hr />\n<h4><strong>Number 3: Don&rsquo;t Limit Your Options Of Materials</strong></h4>\n\n<p>The types and designs of wallets are not the only things that you should consider when you go out searching for your best wallet. You have more than 1 option of material rather than leather to choose from as well.</p>\n\n<p>You can experiment with other available options such as cotton, polyester and canvas. They all have their own pros and cons. As a result, they will be suitable for different needs and requirements. You should think about them all in order to choose the material which you would like the most.</p>\n\n<p style=\"text-align:center\"><img alt=\"f6\" src=\"/storage/blog/blog-in-04.jpg\" /></p>\n\n<p><br />\n    &nbsp;</p>\n\n<hr />\n<h4><strong>Number 4: Consider A Wallet As A Long Term Investment</strong></h4>\n\n<p>Your wallet is indeed an investment that you should consider spending a decent amount of time and effort on it. Another factor that you need to consider is how much you want to spend on your wallet. The price ranges of wallets on the market vary a great deal. You can find a wallet which is as cheap as about 5 to 7 dollars. On the other hand, you should expect to pay around 250 to 300 dollars for a high-quality wallet.</p>\n\n<p>In case you need a wallet to use for a long time, it is a good idea that you should invest a decent amount of money on a wallet. A high quality wallet from a reputational brand with the premium quality such as cowhide leather will last for a long time. In addition, it is an accessory to show off your fashion sense and your social status.</p>\n\n<p style=\"text-align:center\"><img alt=\"f2\" src=\"/storage/blog/blog-in-05.jpg\" /></p>\n\n<p>&nbsp;</p>\n','published',1,'Botble\\ACL\\Models\\User',1,'blog/8.jpg',1552,NULL,'2024-11-20 02:45:29','2024-11-20 02:45:29'),(9,'Why Teamwork Really Makes The Dream Work','Alice: \'besides, that\'s not a moment to be otherwise than what you had been found and handed back to the Knave of Hearts, he stole those tarts, And took them quite away!\' \'Consider your verdict,\'.','<p>I have seen many people underestimating the power of their wallets. To them, they are just a functional item they use to carry. As a result, they often end up with the wallets which are not really suitable for them.</p>\n\n<p>You should pay more attention when you choose your wallets. There are a lot of them on the market with the different designs and styles. When you choose carefully, you would be able to buy a wallet that is catered to your needs. Not to mention that it will help to enhance your style significantly.</p>\n\n<p style=\"text-align:center\"><img alt=\"f4\" src=\"/storage/blog/blog-in-01.jpg\" /></p>\n\n<p><br />\n    &nbsp;</p>\n\n<p><strong><em>For all of the reason above, here are 7 expert tips to help you pick up the right men&rsquo;s wallet for you:</em></strong></p>\n\n<h4><strong>Number 1: Choose A Neat Wallet</strong></h4>\n\n<p>The wallet is an essential accessory that you should go simple. Simplicity is the best in this case. A simple and neat wallet with the plain color and even&nbsp;<strong>minimalist style</strong>&nbsp;is versatile. It can be used for both formal and casual events. In addition, that wallet will go well with most of the clothes in your wardrobe.</p>\n\n<p>Keep in mind that a wallet will tell other people about your personality and your fashion sense as much as other clothes you put on. Hence, don&rsquo;t go cheesy on your wallet or else people will think that you have a funny and particular style.</p>\n\n<p style=\"text-align:center\"><img alt=\"f5\" src=\"/storage/blog/blog-in-02.jpg\" /></p>\n\n<p><br />\n    &nbsp;</p>\n<hr />\n<h4><strong>Number 2: Choose The Right Size For Your Wallet</strong></h4>\n\n<p>You should avoid having an over-sized wallet. Don&rsquo;t think that you need to buy a big wallet because you have a lot to carry with you. In addition, a fat wallet is very ugly. It will make it harder for you to slide the wallet into your trousers&rsquo; pocket. In addition, it will create a bulge and ruin your look.</p>\n\n<p>Before you go on to buy a new wallet, clean out your wallet and place all the items from your wallet on a table. Throw away things that you would never need any more such as the old bills or the expired gift cards. Remember to check your wallet on a frequent basis to get rid of all of the old stuff that you don&rsquo;t need anymore.</p>\n\n<p style=\"text-align:center\"><img alt=\"f1\" src=\"/storage/blog/blog-in-03.jpg\" /></p>\n\n<p><br />\n    &nbsp;</p>\n\n<hr />\n<h4><strong>Number 3: Don&rsquo;t Limit Your Options Of Materials</strong></h4>\n\n<p>The types and designs of wallets are not the only things that you should consider when you go out searching for your best wallet. You have more than 1 option of material rather than leather to choose from as well.</p>\n\n<p>You can experiment with other available options such as cotton, polyester and canvas. They all have their own pros and cons. As a result, they will be suitable for different needs and requirements. You should think about them all in order to choose the material which you would like the most.</p>\n\n<p style=\"text-align:center\"><img alt=\"f6\" src=\"/storage/blog/blog-in-04.jpg\" /></p>\n\n<p><br />\n    &nbsp;</p>\n\n<hr />\n<h4><strong>Number 4: Consider A Wallet As A Long Term Investment</strong></h4>\n\n<p>Your wallet is indeed an investment that you should consider spending a decent amount of time and effort on it. Another factor that you need to consider is how much you want to spend on your wallet. The price ranges of wallets on the market vary a great deal. You can find a wallet which is as cheap as about 5 to 7 dollars. On the other hand, you should expect to pay around 250 to 300 dollars for a high-quality wallet.</p>\n\n<p>In case you need a wallet to use for a long time, it is a good idea that you should invest a decent amount of money on a wallet. A high quality wallet from a reputational brand with the premium quality such as cowhide leather will last for a long time. In addition, it is an accessory to show off your fashion sense and your social status.</p>\n\n<p style=\"text-align:center\"><img alt=\"f2\" src=\"/storage/blog/blog-in-05.jpg\" /></p>\n\n<p>&nbsp;</p>\n','published',1,'Botble\\ACL\\Models\\User',1,'blog/9.jpg',814,NULL,'2024-11-20 02:45:29','2024-11-20 02:45:29'),(10,'The World Caters to Average People','King. \'I can\'t help it,\' said Alice. \'Well, I never knew whether it would be four thousand miles down, I think--\' (she was obliged to write this down on one of the garden: the roses growing on it.','<p>I have seen many people underestimating the power of their wallets. To them, they are just a functional item they use to carry. As a result, they often end up with the wallets which are not really suitable for them.</p>\n\n<p>You should pay more attention when you choose your wallets. There are a lot of them on the market with the different designs and styles. When you choose carefully, you would be able to buy a wallet that is catered to your needs. Not to mention that it will help to enhance your style significantly.</p>\n\n<p style=\"text-align:center\"><img alt=\"f4\" src=\"/storage/blog/blog-in-01.jpg\" /></p>\n\n<p><br />\n    &nbsp;</p>\n\n<p><strong><em>For all of the reason above, here are 7 expert tips to help you pick up the right men&rsquo;s wallet for you:</em></strong></p>\n\n<h4><strong>Number 1: Choose A Neat Wallet</strong></h4>\n\n<p>The wallet is an essential accessory that you should go simple. Simplicity is the best in this case. A simple and neat wallet with the plain color and even&nbsp;<strong>minimalist style</strong>&nbsp;is versatile. It can be used for both formal and casual events. In addition, that wallet will go well with most of the clothes in your wardrobe.</p>\n\n<p>Keep in mind that a wallet will tell other people about your personality and your fashion sense as much as other clothes you put on. Hence, don&rsquo;t go cheesy on your wallet or else people will think that you have a funny and particular style.</p>\n\n<p style=\"text-align:center\"><img alt=\"f5\" src=\"/storage/blog/blog-in-02.jpg\" /></p>\n\n<p><br />\n    &nbsp;</p>\n<hr />\n<h4><strong>Number 2: Choose The Right Size For Your Wallet</strong></h4>\n\n<p>You should avoid having an over-sized wallet. Don&rsquo;t think that you need to buy a big wallet because you have a lot to carry with you. In addition, a fat wallet is very ugly. It will make it harder for you to slide the wallet into your trousers&rsquo; pocket. In addition, it will create a bulge and ruin your look.</p>\n\n<p>Before you go on to buy a new wallet, clean out your wallet and place all the items from your wallet on a table. Throw away things that you would never need any more such as the old bills or the expired gift cards. Remember to check your wallet on a frequent basis to get rid of all of the old stuff that you don&rsquo;t need anymore.</p>\n\n<p style=\"text-align:center\"><img alt=\"f1\" src=\"/storage/blog/blog-in-03.jpg\" /></p>\n\n<p><br />\n    &nbsp;</p>\n\n<hr />\n<h4><strong>Number 3: Don&rsquo;t Limit Your Options Of Materials</strong></h4>\n\n<p>The types and designs of wallets are not the only things that you should consider when you go out searching for your best wallet. You have more than 1 option of material rather than leather to choose from as well.</p>\n\n<p>You can experiment with other available options such as cotton, polyester and canvas. They all have their own pros and cons. As a result, they will be suitable for different needs and requirements. You should think about them all in order to choose the material which you would like the most.</p>\n\n<p style=\"text-align:center\"><img alt=\"f6\" src=\"/storage/blog/blog-in-04.jpg\" /></p>\n\n<p><br />\n    &nbsp;</p>\n\n<hr />\n<h4><strong>Number 4: Consider A Wallet As A Long Term Investment</strong></h4>\n\n<p>Your wallet is indeed an investment that you should consider spending a decent amount of time and effort on it. Another factor that you need to consider is how much you want to spend on your wallet. The price ranges of wallets on the market vary a great deal. You can find a wallet which is as cheap as about 5 to 7 dollars. On the other hand, you should expect to pay around 250 to 300 dollars for a high-quality wallet.</p>\n\n<p>In case you need a wallet to use for a long time, it is a good idea that you should invest a decent amount of money on a wallet. A high quality wallet from a reputational brand with the premium quality such as cowhide leather will last for a long time. In addition, it is an accessory to show off your fashion sense and your social status.</p>\n\n<p style=\"text-align:center\"><img alt=\"f2\" src=\"/storage/blog/blog-in-05.jpg\" /></p>\n\n<p>&nbsp;</p>\n','published',1,'Botble\\ACL\\Models\\User',1,'blog/10.jpg',557,NULL,'2024-11-20 02:45:29','2024-11-20 02:45:29'),(11,'The litigants on the screen are not actors','Queen. \'I never thought about it,\' added the Gryphon; and then nodded. \'It\'s no business of MINE.\' The Queen smiled and passed on. \'Who ARE you talking to?\' said one of the sea.\' \'I couldn\'t help.','<p>I have seen many people underestimating the power of their wallets. To them, they are just a functional item they use to carry. As a result, they often end up with the wallets which are not really suitable for them.</p>\n\n<p>You should pay more attention when you choose your wallets. There are a lot of them on the market with the different designs and styles. When you choose carefully, you would be able to buy a wallet that is catered to your needs. Not to mention that it will help to enhance your style significantly.</p>\n\n<p style=\"text-align:center\"><img alt=\"f4\" src=\"/storage/blog/blog-in-01.jpg\" /></p>\n\n<p><br />\n    &nbsp;</p>\n\n<p><strong><em>For all of the reason above, here are 7 expert tips to help you pick up the right men&rsquo;s wallet for you:</em></strong></p>\n\n<h4><strong>Number 1: Choose A Neat Wallet</strong></h4>\n\n<p>The wallet is an essential accessory that you should go simple. Simplicity is the best in this case. A simple and neat wallet with the plain color and even&nbsp;<strong>minimalist style</strong>&nbsp;is versatile. It can be used for both formal and casual events. In addition, that wallet will go well with most of the clothes in your wardrobe.</p>\n\n<p>Keep in mind that a wallet will tell other people about your personality and your fashion sense as much as other clothes you put on. Hence, don&rsquo;t go cheesy on your wallet or else people will think that you have a funny and particular style.</p>\n\n<p style=\"text-align:center\"><img alt=\"f5\" src=\"/storage/blog/blog-in-02.jpg\" /></p>\n\n<p><br />\n    &nbsp;</p>\n<hr />\n<h4><strong>Number 2: Choose The Right Size For Your Wallet</strong></h4>\n\n<p>You should avoid having an over-sized wallet. Don&rsquo;t think that you need to buy a big wallet because you have a lot to carry with you. In addition, a fat wallet is very ugly. It will make it harder for you to slide the wallet into your trousers&rsquo; pocket. In addition, it will create a bulge and ruin your look.</p>\n\n<p>Before you go on to buy a new wallet, clean out your wallet and place all the items from your wallet on a table. Throw away things that you would never need any more such as the old bills or the expired gift cards. Remember to check your wallet on a frequent basis to get rid of all of the old stuff that you don&rsquo;t need anymore.</p>\n\n<p style=\"text-align:center\"><img alt=\"f1\" src=\"/storage/blog/blog-in-03.jpg\" /></p>\n\n<p><br />\n    &nbsp;</p>\n\n<hr />\n<h4><strong>Number 3: Don&rsquo;t Limit Your Options Of Materials</strong></h4>\n\n<p>The types and designs of wallets are not the only things that you should consider when you go out searching for your best wallet. You have more than 1 option of material rather than leather to choose from as well.</p>\n\n<p>You can experiment with other available options such as cotton, polyester and canvas. They all have their own pros and cons. As a result, they will be suitable for different needs and requirements. You should think about them all in order to choose the material which you would like the most.</p>\n\n<p style=\"text-align:center\"><img alt=\"f6\" src=\"/storage/blog/blog-in-04.jpg\" /></p>\n\n<p><br />\n    &nbsp;</p>\n\n<hr />\n<h4><strong>Number 4: Consider A Wallet As A Long Term Investment</strong></h4>\n\n<p>Your wallet is indeed an investment that you should consider spending a decent amount of time and effort on it. Another factor that you need to consider is how much you want to spend on your wallet. The price ranges of wallets on the market vary a great deal. You can find a wallet which is as cheap as about 5 to 7 dollars. On the other hand, you should expect to pay around 250 to 300 dollars for a high-quality wallet.</p>\n\n<p>In case you need a wallet to use for a long time, it is a good idea that you should invest a decent amount of money on a wallet. A high quality wallet from a reputational brand with the premium quality such as cowhide leather will last for a long time. In addition, it is an accessory to show off your fashion sense and your social status.</p>\n\n<p style=\"text-align:center\"><img alt=\"f2\" src=\"/storage/blog/blog-in-05.jpg\" /></p>\n\n<p>&nbsp;</p>\n','published',1,'Botble\\ACL\\Models\\User',1,'blog/11.jpg',344,NULL,'2024-11-20 02:45:29','2024-11-20 02:45:29');
/*!40000 ALTER TABLE `posts` ENABLE KEYS */;
UNLOCK TABLES;

--
-- Table structure for table `posts_translations`
--

DROP TABLE IF EXISTS `posts_translations`;
/*!40101 SET @saved_cs_client     = @@character_set_client */;
/*!40101 SET character_set_client = utf8 */;
CREATE TABLE `posts_translations` (
  `lang_code` varchar(20) COLLATE utf8mb4_unicode_ci NOT NULL,
  `posts_id` bigint unsigned NOT NULL,
  `name` varchar(191) COLLATE utf8mb4_unicode_ci DEFAULT NULL,
  `description` varchar(400) COLLATE utf8mb4_unicode_ci DEFAULT NULL,
  `content` longtext COLLATE utf8mb4_unicode_ci,
  PRIMARY KEY (`lang_code`,`posts_id`)
) ENGINE=InnoDB DEFAULT CHARSET=utf8mb4 COLLATE=utf8mb4_unicode_ci;
/*!40101 SET character_set_client = @saved_cs_client */;

--
-- Dumping data for table `posts_translations`
--

LOCK TABLES `posts_translations` WRITE;
/*!40000 ALTER TABLE `posts_translations` DISABLE KEYS */;
/*!40000 ALTER TABLE `posts_translations` ENABLE KEYS */;
UNLOCK TABLES;

--
-- Table structure for table `revisions`
--

DROP TABLE IF EXISTS `revisions`;
/*!40101 SET @saved_cs_client     = @@character_set_client */;
/*!40101 SET character_set_client = utf8 */;
CREATE TABLE `revisions` (
  `id` bigint unsigned NOT NULL AUTO_INCREMENT,
  `revisionable_type` varchar(191) COLLATE utf8mb4_unicode_ci NOT NULL,
  `revisionable_id` bigint unsigned NOT NULL,
  `user_id` bigint unsigned DEFAULT NULL,
  `key` varchar(120) COLLATE utf8mb4_unicode_ci NOT NULL,
  `old_value` text COLLATE utf8mb4_unicode_ci,
  `new_value` text COLLATE utf8mb4_unicode_ci,
  `created_at` timestamp NULL DEFAULT NULL,
  `updated_at` timestamp NULL DEFAULT NULL,
  PRIMARY KEY (`id`),
  KEY `revisions_revisionable_id_revisionable_type_index` (`revisionable_id`,`revisionable_type`)
) ENGINE=InnoDB DEFAULT CHARSET=utf8mb4 COLLATE=utf8mb4_unicode_ci;
/*!40101 SET character_set_client = @saved_cs_client */;

--
-- Dumping data for table `revisions`
--

LOCK TABLES `revisions` WRITE;
/*!40000 ALTER TABLE `revisions` DISABLE KEYS */;
/*!40000 ALTER TABLE `revisions` ENABLE KEYS */;
UNLOCK TABLES;

--
-- Table structure for table `role_users`
--

DROP TABLE IF EXISTS `role_users`;
/*!40101 SET @saved_cs_client     = @@character_set_client */;
/*!40101 SET character_set_client = utf8 */;
CREATE TABLE `role_users` (
  `user_id` bigint unsigned NOT NULL,
  `role_id` bigint unsigned NOT NULL,
  `created_at` timestamp NULL DEFAULT NULL,
  `updated_at` timestamp NULL DEFAULT NULL,
  PRIMARY KEY (`user_id`,`role_id`),
  KEY `role_users_user_id_index` (`user_id`),
  KEY `role_users_role_id_index` (`role_id`)
) ENGINE=InnoDB DEFAULT CHARSET=utf8mb4 COLLATE=utf8mb4_unicode_ci;
/*!40101 SET character_set_client = @saved_cs_client */;

--
-- Dumping data for table `role_users`
--

LOCK TABLES `role_users` WRITE;
/*!40000 ALTER TABLE `role_users` DISABLE KEYS */;
/*!40000 ALTER TABLE `role_users` ENABLE KEYS */;
UNLOCK TABLES;

--
-- Table structure for table `roles`
--

DROP TABLE IF EXISTS `roles`;
/*!40101 SET @saved_cs_client     = @@character_set_client */;
/*!40101 SET character_set_client = utf8 */;
CREATE TABLE `roles` (
  `id` bigint unsigned NOT NULL AUTO_INCREMENT,
  `slug` varchar(120) COLLATE utf8mb4_unicode_ci NOT NULL,
  `name` varchar(120) COLLATE utf8mb4_unicode_ci NOT NULL,
  `permissions` text COLLATE utf8mb4_unicode_ci,
  `description` varchar(400) COLLATE utf8mb4_unicode_ci DEFAULT NULL,
  `is_default` tinyint unsigned NOT NULL DEFAULT '0',
  `created_by` bigint unsigned NOT NULL,
  `updated_by` bigint unsigned NOT NULL,
  `created_at` timestamp NULL DEFAULT NULL,
  `updated_at` timestamp NULL DEFAULT NULL,
  PRIMARY KEY (`id`),
  UNIQUE KEY `roles_slug_unique` (`slug`),
  KEY `roles_created_by_index` (`created_by`),
  KEY `roles_updated_by_index` (`updated_by`)
) ENGINE=InnoDB AUTO_INCREMENT=2 DEFAULT CHARSET=utf8mb4 COLLATE=utf8mb4_unicode_ci;
/*!40101 SET character_set_client = @saved_cs_client */;

--
-- Dumping data for table `roles`
--

LOCK TABLES `roles` WRITE;
/*!40000 ALTER TABLE `roles` DISABLE KEYS */;
INSERT INTO `roles` VALUES (1,'admin','Admin','{\"users.index\":true,\"users.create\":true,\"users.edit\":true,\"users.destroy\":true,\"roles.index\":true,\"roles.create\":true,\"roles.edit\":true,\"roles.destroy\":true,\"core.system\":true,\"core.cms\":true,\"core.manage.license\":true,\"systems.cronjob\":true,\"core.tools\":true,\"tools.data-synchronize\":true,\"media.index\":true,\"files.index\":true,\"files.create\":true,\"files.edit\":true,\"files.trash\":true,\"files.destroy\":true,\"folders.index\":true,\"folders.create\":true,\"folders.edit\":true,\"folders.trash\":true,\"folders.destroy\":true,\"settings.index\":true,\"settings.common\":true,\"settings.options\":true,\"settings.email\":true,\"settings.media\":true,\"settings.admin-appearance\":true,\"settings.cache\":true,\"settings.datatables\":true,\"settings.email.rules\":true,\"settings.others\":true,\"menus.index\":true,\"menus.create\":true,\"menus.edit\":true,\"menus.destroy\":true,\"optimize.settings\":true,\"pages.index\":true,\"pages.create\":true,\"pages.edit\":true,\"pages.destroy\":true,\"plugins.index\":true,\"plugins.edit\":true,\"plugins.remove\":true,\"plugins.marketplace\":true,\"core.appearance\":true,\"theme.index\":true,\"theme.activate\":true,\"theme.remove\":true,\"theme.options\":true,\"theme.custom-css\":true,\"theme.custom-js\":true,\"theme.custom-html\":true,\"theme.robots-txt\":true,\"settings.website-tracking\":true,\"widgets.index\":true,\"ads.index\":true,\"ads.create\":true,\"ads.edit\":true,\"ads.destroy\":true,\"ads.settings\":true,\"analytics.general\":true,\"analytics.page\":true,\"analytics.browser\":true,\"analytics.referrer\":true,\"analytics.settings\":true,\"announcements.index\":true,\"announcements.create\":true,\"announcements.edit\":true,\"announcements.destroy\":true,\"announcements.settings\":true,\"audit-log.index\":true,\"audit-log.destroy\":true,\"backups.index\":true,\"backups.create\":true,\"backups.restore\":true,\"backups.destroy\":true,\"plugins.blog\":true,\"posts.index\":true,\"posts.create\":true,\"posts.edit\":true,\"posts.destroy\":true,\"categories.index\":true,\"categories.create\":true,\"categories.edit\":true,\"categories.destroy\":true,\"tags.index\":true,\"tags.create\":true,\"tags.edit\":true,\"tags.destroy\":true,\"blog.settings\":true,\"posts.export\":true,\"posts.import\":true,\"captcha.settings\":true,\"contacts.index\":true,\"contacts.edit\":true,\"contacts.destroy\":true,\"contact.settings\":true,\"plugins.ecommerce\":true,\"ecommerce.report.index\":true,\"products.index\":true,\"products.create\":true,\"products.edit\":true,\"products.destroy\":true,\"products.duplicate\":true,\"ecommerce.product-prices.index\":true,\"ecommerce.product-prices.edit\":true,\"ecommerce.product-inventory.index\":true,\"ecommerce.product-inventory.edit\":true,\"product-categories.index\":true,\"product-categories.create\":true,\"product-categories.edit\":true,\"product-categories.destroy\":true,\"product-tag.index\":true,\"product-tag.create\":true,\"product-tag.edit\":true,\"product-tag.destroy\":true,\"brands.index\":true,\"brands.create\":true,\"brands.edit\":true,\"brands.destroy\":true,\"product-collections.index\":true,\"product-collections.create\":true,\"product-collections.edit\":true,\"product-collections.destroy\":true,\"product-attribute-sets.index\":true,\"product-attribute-sets.create\":true,\"product-attribute-sets.edit\":true,\"product-attribute-sets.destroy\":true,\"product-attributes.index\":true,\"product-attributes.create\":true,\"product-attributes.edit\":true,\"product-attributes.destroy\":true,\"tax.index\":true,\"tax.create\":true,\"tax.edit\":true,\"tax.destroy\":true,\"reviews.index\":true,\"reviews.create\":true,\"reviews.destroy\":true,\"reviews.publish\":true,\"reviews.reply\":true,\"ecommerce.shipments.index\":true,\"ecommerce.shipments.create\":true,\"ecommerce.shipments.edit\":true,\"ecommerce.shipments.destroy\":true,\"orders.index\":true,\"orders.create\":true,\"orders.edit\":true,\"orders.destroy\":true,\"discounts.index\":true,\"discounts.create\":true,\"discounts.edit\":true,\"discounts.destroy\":true,\"customers.index\":true,\"customers.create\":true,\"customers.edit\":true,\"customers.destroy\":true,\"flash-sale.index\":true,\"flash-sale.create\":true,\"flash-sale.edit\":true,\"flash-sale.destroy\":true,\"product-label.index\":true,\"product-label.create\":true,\"product-label.edit\":true,\"product-label.destroy\":true,\"ecommerce.import.products.index\":true,\"ecommerce.export.products.index\":true,\"order_returns.index\":true,\"order_returns.edit\":true,\"order_returns.destroy\":true,\"global-option.index\":true,\"global-option.create\":true,\"global-option.edit\":true,\"global-option.destroy\":true,\"ecommerce.invoice.index\":true,\"ecommerce.invoice.edit\":true,\"ecommerce.invoice.destroy\":true,\"ecommerce.settings\":true,\"ecommerce.settings.general\":true,\"ecommerce.invoice-template.index\":true,\"ecommerce.settings.currencies\":true,\"ecommerce.settings.products\":true,\"ecommerce.settings.product-search\":true,\"ecommerce.settings.digital-products\":true,\"ecommerce.settings.store-locators\":true,\"ecommerce.settings.invoices\":true,\"ecommerce.settings.product-reviews\":true,\"ecommerce.settings.customers\":true,\"ecommerce.settings.shopping\":true,\"ecommerce.settings.taxes\":true,\"ecommerce.settings.shipping\":true,\"ecommerce.settings.tracking\":true,\"ecommerce.settings.standard-and-format\":true,\"ecommerce.settings.checkout\":true,\"ecommerce.settings.return\":true,\"ecommerce.settings.flash-sale\":true,\"ecommerce.settings.product-specification\":true,\"product-categories.export\":true,\"product-categories.import\":true,\"orders.export\":true,\"ecommerce.product-specification.index\":true,\"ecommerce.specification-groups.index\":true,\"ecommerce.specification-groups.create\":true,\"ecommerce.specification-groups.edit\":true,\"ecommerce.specification-groups.destroy\":true,\"ecommerce.specification-attributes.index\":true,\"ecommerce.specification-attributes.create\":true,\"ecommerce.specification-attributes.edit\":true,\"ecommerce.specification-attributes.destroy\":true,\"ecommerce.specification-tables.index\":true,\"ecommerce.specification-tables.create\":true,\"ecommerce.specification-tables.edit\":true,\"ecommerce.specification-tables.destroy\":true,\"plugin.faq\":true,\"faq.index\":true,\"faq.create\":true,\"faq.edit\":true,\"faq.destroy\":true,\"faq_category.index\":true,\"faq_category.create\":true,\"faq_category.edit\":true,\"faq_category.destroy\":true,\"faqs.settings\":true,\"galleries.index\":true,\"galleries.create\":true,\"galleries.edit\":true,\"galleries.destroy\":true,\"languages.index\":true,\"languages.create\":true,\"languages.edit\":true,\"languages.destroy\":true,\"plugin.location\":true,\"country.index\":true,\"country.create\":true,\"country.edit\":true,\"country.destroy\":true,\"state.index\":true,\"state.create\":true,\"state.edit\":true,\"state.destroy\":true,\"city.index\":true,\"city.create\":true,\"city.edit\":true,\"city.destroy\":true,\"newsletter.index\":true,\"newsletter.destroy\":true,\"newsletter.settings\":true,\"payment.index\":true,\"payments.settings\":true,\"payment.destroy\":true,\"payments.logs\":true,\"payments.logs.show\":true,\"payments.logs.destroy\":true,\"sale-popup.settings\":true,\"simple-slider.index\":true,\"simple-slider.create\":true,\"simple-slider.edit\":true,\"simple-slider.destroy\":true,\"simple-slider-item.index\":true,\"simple-slider-item.create\":true,\"simple-slider-item.edit\":true,\"simple-slider-item.destroy\":true,\"simple-slider.settings\":true,\"social-login.settings\":true,\"team.index\":true,\"team.create\":true,\"team.edit\":true,\"team.destroy\":true,\"testimonial.index\":true,\"testimonial.create\":true,\"testimonial.edit\":true,\"testimonial.destroy\":true,\"plugins.translation\":true,\"translations.locales\":true,\"translations.theme-translations\":true,\"translations.index\":true,\"theme-translations.export\":true,\"other-translations.export\":true,\"theme-translations.import\":true,\"other-translations.import\":true}','Admin users role',1,1,1,'2024-11-20 02:45:27','2024-11-20 02:45:27');
/*!40000 ALTER TABLE `roles` ENABLE KEYS */;
UNLOCK TABLES;

--
-- Table structure for table `sessions`
--

DROP TABLE IF EXISTS `sessions`;
/*!40101 SET @saved_cs_client     = @@character_set_client */;
/*!40101 SET character_set_client = utf8 */;
CREATE TABLE `sessions` (
  `id` varchar(191) COLLATE utf8mb4_unicode_ci NOT NULL,
  `user_id` bigint unsigned DEFAULT NULL,
  `ip_address` varchar(45) COLLATE utf8mb4_unicode_ci DEFAULT NULL,
  `user_agent` text COLLATE utf8mb4_unicode_ci,
  `payload` longtext COLLATE utf8mb4_unicode_ci NOT NULL,
  `last_activity` int NOT NULL,
  PRIMARY KEY (`id`),
  KEY `sessions_user_id_index` (`user_id`),
  KEY `sessions_last_activity_index` (`last_activity`)
) ENGINE=InnoDB DEFAULT CHARSET=utf8mb4 COLLATE=utf8mb4_unicode_ci;
/*!40101 SET character_set_client = @saved_cs_client */;

--
-- Dumping data for table `sessions`
--

LOCK TABLES `sessions` WRITE;
/*!40000 ALTER TABLE `sessions` DISABLE KEYS */;
/*!40000 ALTER TABLE `sessions` ENABLE KEYS */;
UNLOCK TABLES;

--
-- Table structure for table `settings`
--

DROP TABLE IF EXISTS `settings`;
/*!40101 SET @saved_cs_client     = @@character_set_client */;
/*!40101 SET character_set_client = utf8 */;
CREATE TABLE `settings` (
  `id` bigint unsigned NOT NULL AUTO_INCREMENT,
  `key` varchar(191) COLLATE utf8mb4_unicode_ci NOT NULL,
  `value` text COLLATE utf8mb4_unicode_ci,
  `created_at` timestamp NULL DEFAULT NULL,
  `updated_at` timestamp NULL DEFAULT NULL,
  PRIMARY KEY (`id`),
  UNIQUE KEY `settings_key_unique` (`key`)
) ENGINE=InnoDB AUTO_INCREMENT=68 DEFAULT CHARSET=utf8mb4 COLLATE=utf8mb4_unicode_ci;
/*!40101 SET character_set_client = @saved_cs_client */;

--
-- Dumping data for table `settings`
--

LOCK TABLES `settings` WRITE;
/*!40000 ALTER TABLE `settings` DISABLE KEYS */;
INSERT INTO `settings` VALUES (1,'media_random_hash','46264caaa26d7a664c86199ab47d772e',NULL,'2024-11-20 02:45:52'),(2,'api_enabled','0',NULL,'2024-11-20 02:45:52'),(3,'activated_plugins','[\"language\",\"language-advanced\",\"ads\",\"analytics\",\"announcement\",\"audit-log\",\"backup\",\"blog\",\"captcha\",\"contact\",\"cookie-consent\",\"ecommerce\",\"faq\",\"gallery\",\"location\",\"mollie\",\"newsletter\",\"payment\",\"paypal\",\"paystack\",\"razorpay\",\"sale-popup\",\"shippo\",\"simple-slider\",\"social-login\",\"sslcommerz\",\"stripe\",\"team\",\"testimonial\",\"translation\"]',NULL,'2024-11-20 02:45:52'),(4,'analytics_dashboard_widgets','0','2024-11-20 02:45:25','2024-11-20 02:45:25'),(5,'enable_recaptcha_botble_contact_forms_fronts_contact_form','1','2024-11-20 02:45:26','2024-11-20 02:45:26'),(6,'api_layer_api_key','',NULL,'2024-11-20 02:45:52'),(9,'enable_recaptcha_botble_newsletter_forms_fronts_newsletter_form','1','2024-11-20 02:45:27','2024-11-20 02:45:27'),(10,'theme','ninico',NULL,'2024-11-20 02:45:52'),(11,'show_admin_bar','1',NULL,'2024-11-20 02:45:52'),(12,'language_hide_default','1',NULL,'2024-11-20 02:45:52'),(13,'language_switcher_display','dropdown',NULL,'2024-11-20 02:45:52'),(14,'language_display','all',NULL,'2024-11-20 02:45:52'),(15,'language_hide_languages','[]',NULL,'2024-11-20 02:45:52'),(16,'payment_cod_status','1',NULL,'2024-11-20 02:45:52'),(17,'payment_bank_transfer_status','1',NULL,'2024-11-20 02:45:52'),(18,'admin_favicon','general/favicon.png',NULL,'2024-11-20 02:45:52'),(19,'admin_logo','general/logo-white.png',NULL,'2024-11-20 02:45:52'),(20,'permalink-botble-blog-models-post','blog',NULL,'2024-11-20 02:45:52'),(21,'permalink-botble-blog-models-category','blog',NULL,'2024-11-20 02:45:52'),(22,'payment_cod_description','Please pay money directly to the postman, if you choose cash on delivery method (COD).',NULL,'2024-11-20 02:45:52'),(23,'payment_bank_transfer_description','Please send money to our bank account: ACB - 69270 213 19.',NULL,'2024-11-20 02:45:52'),(24,'payment_stripe_payment_type','stripe_checkout',NULL,'2024-11-20 02:45:52'),(25,'plugins_ecommerce_customer_new_order_status','0',NULL,'2024-11-20 02:45:52'),(26,'plugins_ecommerce_admin_new_order_status','0',NULL,'2024-11-20 02:45:52'),(27,'ecommerce_is_enabled_support_digital_products','1',NULL,'2024-11-20 02:45:52'),(28,'ecommerce_load_countries_states_cities_from_location_plugin','0',NULL,'2024-11-20 02:45:52'),(29,'ecommerce_product_sku_format','NN-2443-[%S]',NULL,'2024-11-20 02:45:52'),(30,'theme-ninico-site_title','Ninico - Minimal eCommerce',NULL,'2024-11-20 02:45:52'),(31,'theme-ninico-seo_description','Ninico is a modern and flexible Minimal eCommerce Laravel script. This script is suited for electronic, organic and grocery store, furniture store, clothing store, hitech store and accessories store...',NULL,'2024-11-20 02:45:52'),(32,'theme-ninico-favicon','general/favicon.png',NULL,'2024-11-20 02:45:52'),(33,'theme-ninico-logo_light','general/logo-white.png',NULL,'2024-11-20 02:45:52'),(34,'theme-ninico-logo','general/logo.png',NULL,'2024-11-20 02:45:52'),(35,'theme-ninico-primary_font','Jost',NULL,'2024-11-20 02:45:52'),(36,'theme-ninico-primary_color','#d51243',NULL,'2024-11-20 02:45:52'),(37,'theme-ninico-hotline','908. 408. 501. 89',NULL,'2024-11-20 02:45:52'),(38,'theme-ninico-homepage_id','1',NULL,'2024-11-20 02:45:52'),(39,'theme-ninico-blog_page_id','6',NULL,'2024-11-20 02:45:52'),(40,'theme-ninico-cart_footer_description','Free shipping for orders <b>under 10km</b>',NULL,'2024-11-20 02:45:52'),(41,'theme-ninico-breadcrumb_background','banners/breadcrumb-01.jpg',NULL,'2024-11-20 02:45:52'),(42,'theme-ninico-login_background','banners/login-bg.jpg',NULL,'2024-11-20 02:45:52'),(43,'theme-ninico-register_background','banners/sign-bg.jpg',NULL,'2024-11-20 02:45:52'),(44,'theme-ninico-404_not_found_icon','icons/error.png',NULL,'2024-11-20 02:45:52'),(45,'theme-ninico-order_tracking_background','banners/track-bg.jpg',NULL,'2024-11-20 02:45:52'),(46,'theme-ninico-default_product_list_layout','grid',NULL,'2024-11-20 02:45:52'),(47,'theme-ninico-number_of_products_per_page','30',NULL,'2024-11-20 02:45:52'),(48,'theme-ninico-footer_background_color','#F8F8F8',NULL,'2024-11-20 02:45:52'),(49,'theme-ninico-footer_text_color','#000000',NULL,'2024-11-20 02:45:52'),(50,'theme-ninico-footer_text_muted_color','#686666',NULL,'2024-11-20 02:45:52'),(51,'theme-ninico-footer_border_color','#E0E0E0',NULL,'2024-11-20 02:45:52'),(52,'theme-ninico-footer_bottom_background_color','#ededed',NULL,'2024-11-20 02:45:52'),(53,'theme-ninico-preloader_version','v2',NULL,'2024-11-20 02:45:52'),(54,'theme-ninico-newsletter_popup_enable','1',NULL,'2024-11-20 02:45:52'),(55,'theme-ninico-newsletter_popup_image','general/newsletter-popup.png',NULL,'2024-11-20 02:45:52'),(56,'theme-ninico-newsletter_popup_title','Subscribe Now',NULL,'2024-11-20 02:45:52'),(57,'theme-ninico-newsletter_popup_subtitle','Newsletter',NULL,'2024-11-20 02:45:52'),(58,'theme-ninico-newsletter_popup_description','Subscribe to our newsletter and get 10% off your first purchase',NULL,'2024-11-20 02:45:52'),(59,'theme-ninico-social_links','[[{\"key\":\"name\",\"value\":\"Facebook\"},{\"key\":\"icon\",\"value\":\"fab fa-facebook\"},{\"key\":\"url\",\"value\":\"https:\\/\\/www.facebook.com\"}],[{\"key\":\"name\",\"value\":\"Twitter\"},{\"key\":\"icon\",\"value\":\"fab fa-twitter\"},{\"key\":\"url\",\"value\":\"https:\\/\\/twitter.com\"}],[{\"key\":\"name\",\"value\":\"Behance\"},{\"key\":\"icon\",\"value\":\"fab fa-behance\"},{\"key\":\"url\",\"value\":\"https:\\/\\/www.behance.net\"}],[{\"key\":\"name\",\"value\":\"Youtube\"},{\"key\":\"icon\",\"value\":\"fab fa-youtube\"},{\"key\":\"url\",\"value\":\"https:\\/\\/www.youtube.com\"}],[{\"key\":\"name\",\"value\":\"LinkedIn\"},{\"key\":\"icon\",\"value\":\"fab fa-linkedin\"},{\"key\":\"url\",\"value\":\"https:\\/\\/www.linkedin.com\"}]]',NULL,'2024-11-20 02:45:52'),(60,'ecommerce_enable_product_specification','1',NULL,'2024-11-20 02:45:52'),(61,'announcement_text_alignment','start',NULL,NULL),(62,'announcement_background_color','#f3eee7',NULL,NULL),(63,'announcement_text_color','#000000',NULL,NULL),(64,'announcement_font_size','13',NULL,NULL),(65,'announcement_font_size_unit','px',NULL,NULL),(66,'announcement_autoplay','1',NULL,NULL),(67,'announcement_autoplay_delay','5000',NULL,NULL);
/*!40000 ALTER TABLE `settings` ENABLE KEYS */;
UNLOCK TABLES;

--
-- Table structure for table `simple_slider_items`
--

DROP TABLE IF EXISTS `simple_slider_items`;
/*!40101 SET @saved_cs_client     = @@character_set_client */;
/*!40101 SET character_set_client = utf8 */;
CREATE TABLE `simple_slider_items` (
  `id` bigint unsigned NOT NULL AUTO_INCREMENT,
  `simple_slider_id` bigint unsigned NOT NULL,
  `title` varchar(191) COLLATE utf8mb4_unicode_ci DEFAULT NULL,
  `image` varchar(191) COLLATE utf8mb4_unicode_ci NOT NULL,
  `link` varchar(191) COLLATE utf8mb4_unicode_ci DEFAULT NULL,
  `description` text COLLATE utf8mb4_unicode_ci,
  `order` int unsigned NOT NULL DEFAULT '0',
  `created_at` timestamp NULL DEFAULT NULL,
  `updated_at` timestamp NULL DEFAULT NULL,
  PRIMARY KEY (`id`)
) ENGINE=InnoDB AUTO_INCREMENT=16 DEFAULT CHARSET=utf8mb4 COLLATE=utf8mb4_unicode_ci;
/*!40101 SET character_set_client = @saved_cs_client */;

--
-- Dumping data for table `simple_slider_items`
--

LOCK TABLES `simple_slider_items` WRITE;
/*!40000 ALTER TABLE `simple_slider_items` DISABLE KEYS */;
INSERT INTO `simple_slider_items` VALUES (1,1,'Up To <i>40% Off</i> latest Creations','sliders/banner-1.jpg','/products','Accessories',1,'2024-11-20 02:45:35','2024-11-20 02:45:35'),(2,1,'Up To <i>40% Off</i> latest Creations','sliders/banner-2.jpg','/products','Accessories',2,'2024-11-20 02:45:35','2024-11-20 02:45:35'),(3,1,'Up To <i>40% Off</i> latest Creations','sliders/banner-3.jpg','/products','Accessories',3,'2024-11-20 02:45:35','2024-11-20 02:45:35'),(4,2,'Exclusive <br> Winter Collection','sliders/slider-01.png','/products','New Modern Stylist Fashionable Women\'s Wear holder',1,'2024-11-20 02:45:35','2024-11-20 02:45:35'),(5,2,'Exclusive <br> Women\'s Fashion','sliders/slider-02.png','/products','New Modern Stylist Fashionable Women\'s Wear holder',2,'2024-11-20 02:45:35','2024-11-20 02:45:35'),(6,2,'Exclusive <br> Summer Collection','sliders/slider-03.png','/products','New Modern Stylist Fashionable Women\'s Wear holder',3,'2024-11-20 02:45:35','2024-11-20 02:45:35'),(7,3,'Wooden <br> Lounge Furniture','sliders/slider-04.png','/products','New Modern Stylist Fashionable Women\'s Wear holder',1,'2024-11-20 02:45:35','2024-11-20 02:45:35'),(8,3,'Wooden <br> Lounge Chair','sliders/slider-05.png','/products',NULL,2,'2024-11-20 02:45:35','2024-11-20 02:45:35'),(9,3,'Wooden <br> Houston Furniture','sliders/slider-06.png','/products',NULL,3,'2024-11-20 02:45:35','2024-11-20 02:45:35'),(10,4,'Will Never <br> Compromise Beauty','sliders/slider-bg-04.png','/products','New Modern Stylist Fashionable Women\'s Wear holder',1,'2024-11-20 02:45:35','2024-11-20 02:45:35'),(11,4,'Will Never <br> Compromise Glow','sliders/slider-bg-05.png','/products','New Modern Stylist Fashionable Women\'s Wear holder',2,'2024-11-20 02:45:35','2024-11-20 02:45:35'),(12,4,'Will Never <br> Compromise Health','sliders/slider-bg-06.png','/products','New Modern Stylist Fashionable Women\'s Wear holder',3,'2024-11-20 02:45:35','2024-11-20 02:45:35'),(13,5,'Fresh Grocery <br> Products.','sliders/slider-05-bg-1.jpg','/products','Quality &amp; Fresh Products',1,'2024-11-20 02:45:35','2024-11-20 02:45:35'),(14,5,'Fresh Grocery <br> Products.','sliders/slider-05-bg-2.jpg','/products','Quality &amp; Fresh Products',2,'2024-11-20 02:45:35','2024-11-20 02:45:35'),(15,5,'Fresh Grocery <br> Products.','sliders/slider-05-bg-3.jpg','/products','Quality &amp; Fresh Products',3,'2024-11-20 02:45:35','2024-11-20 02:45:35');
/*!40000 ALTER TABLE `simple_slider_items` ENABLE KEYS */;
UNLOCK TABLES;

--
-- Table structure for table `simple_sliders`
--

DROP TABLE IF EXISTS `simple_sliders`;
/*!40101 SET @saved_cs_client     = @@character_set_client */;
/*!40101 SET character_set_client = utf8 */;
CREATE TABLE `simple_sliders` (
  `id` bigint unsigned NOT NULL AUTO_INCREMENT,
  `name` varchar(120) COLLATE utf8mb4_unicode_ci NOT NULL,
  `key` varchar(120) COLLATE utf8mb4_unicode_ci NOT NULL,
  `description` varchar(400) COLLATE utf8mb4_unicode_ci DEFAULT NULL,
  `status` varchar(60) COLLATE utf8mb4_unicode_ci NOT NULL DEFAULT 'published',
  `created_at` timestamp NULL DEFAULT NULL,
  `updated_at` timestamp NULL DEFAULT NULL,
  PRIMARY KEY (`id`)
) ENGINE=InnoDB AUTO_INCREMENT=6 DEFAULT CHARSET=utf8mb4 COLLATE=utf8mb4_unicode_ci;
/*!40101 SET character_set_client = @saved_cs_client */;

--
-- Dumping data for table `simple_sliders`
--

LOCK TABLES `simple_sliders` WRITE;
/*!40000 ALTER TABLE `simple_sliders` DISABLE KEYS */;
INSERT INTO `simple_sliders` VALUES (1,'Slider home 1','slider-home-1','The slider on home page 1','published','2024-11-20 02:45:35','2024-11-20 02:45:35'),(2,'Slider home 2','slider-home-2','The slider on home page 2','published','2024-11-20 02:45:35','2024-11-20 02:45:35'),(3,'Slider Furniture','slider-furniture','The slider for furniture style','published','2024-11-20 02:45:35','2024-11-20 02:45:35'),(4,'Slider Cosmetics','slider-cosmetics','The slider for cosmetics style','published','2024-11-20 02:45:35','2024-11-20 02:45:35'),(5,'Slider Grocery','slider-grocery','The slider for grocery style','published','2024-11-20 02:45:35','2024-11-20 02:45:35');
/*!40000 ALTER TABLE `simple_sliders` ENABLE KEYS */;
UNLOCK TABLES;

--
-- Table structure for table `slugs`
--

DROP TABLE IF EXISTS `slugs`;
/*!40101 SET @saved_cs_client     = @@character_set_client */;
/*!40101 SET character_set_client = utf8 */;
CREATE TABLE `slugs` (
  `id` bigint unsigned NOT NULL AUTO_INCREMENT,
  `key` varchar(191) COLLATE utf8mb4_unicode_ci NOT NULL,
  `reference_id` bigint unsigned NOT NULL,
  `reference_type` varchar(191) COLLATE utf8mb4_unicode_ci NOT NULL,
  `prefix` varchar(120) COLLATE utf8mb4_unicode_ci DEFAULT '',
  `created_at` timestamp NULL DEFAULT NULL,
  `updated_at` timestamp NULL DEFAULT NULL,
  PRIMARY KEY (`id`),
  KEY `slugs_reference_id_index` (`reference_id`),
  KEY `slugs_key_index` (`key`),
  KEY `slugs_prefix_index` (`prefix`),
  KEY `slugs_reference_index` (`reference_id`,`reference_type`)
) ENGINE=InnoDB AUTO_INCREMENT=336 DEFAULT CHARSET=utf8mb4 COLLATE=utf8mb4_unicode_ci;
/*!40101 SET character_set_client = @saved_cs_client */;

--
-- Dumping data for table `slugs`
--

LOCK TABLES `slugs` WRITE;
/*!40000 ALTER TABLE `slugs` DISABLE KEYS */;
INSERT INTO `slugs` VALUES (1,'ecommerce',1,'Botble\\Blog\\Models\\Category','blog','2024-11-20 02:45:29','2024-11-20 02:45:29'),(2,'fashion',2,'Botble\\Blog\\Models\\Category','blog','2024-11-20 02:45:29','2024-11-20 02:45:29'),(3,'electronic',3,'Botble\\Blog\\Models\\Category','blog','2024-11-20 02:45:29','2024-11-20 02:45:29'),(4,'commercial',4,'Botble\\Blog\\Models\\Category','blog','2024-11-20 02:45:29','2024-11-20 02:45:29'),(5,'general',1,'Botble\\Blog\\Models\\Tag','tag','2024-11-20 02:45:29','2024-11-20 02:45:29'),(6,'design',2,'Botble\\Blog\\Models\\Tag','tag','2024-11-20 02:45:29','2024-11-20 02:45:29'),(7,'fashion',3,'Botble\\Blog\\Models\\Tag','tag','2024-11-20 02:45:29','2024-11-20 02:45:29'),(8,'branding',4,'Botble\\Blog\\Models\\Tag','tag','2024-11-20 02:45:29','2024-11-20 02:45:29'),(9,'modern',5,'Botble\\Blog\\Models\\Tag','tag','2024-11-20 02:45:29','2024-11-20 02:45:29'),(10,'4-expert-tips-on-how-to-choose-the-right-mens-wallet',1,'Botble\\Blog\\Models\\Post','blog','2024-11-20 02:45:29','2024-11-20 02:45:29'),(11,'sexy-clutches-how-to-buy-wear-a-designer-clutch-bag',2,'Botble\\Blog\\Models\\Post','blog','2024-11-20 02:45:29','2024-11-20 02:45:29'),(12,'the-top-2020-handbag-trends-to-know',3,'Botble\\Blog\\Models\\Post','blog','2024-11-20 02:45:29','2024-11-20 02:45:29'),(13,'how-to-match-the-color-of-your-handbag-with-an-outfit',4,'Botble\\Blog\\Models\\Post','blog','2024-11-20 02:45:29','2024-11-20 02:45:29'),(14,'how-to-care-for-leather-bags',5,'Botble\\Blog\\Models\\Post','blog','2024-11-20 02:45:29','2024-11-20 02:45:29'),(15,'were-crushing-hard-on-summers-10-biggest-bag-trends',6,'Botble\\Blog\\Models\\Post','blog','2024-11-20 02:45:29','2024-11-20 02:45:29'),(16,'essential-qualities-of-highly-successful-music',7,'Botble\\Blog\\Models\\Post','blog','2024-11-20 02:45:29','2024-11-20 02:45:29'),(17,'9-things-i-love-about-shaving-my-head',8,'Botble\\Blog\\Models\\Post','blog','2024-11-20 02:45:29','2024-11-20 02:45:29'),(18,'why-teamwork-really-makes-the-dream-work',9,'Botble\\Blog\\Models\\Post','blog','2024-11-20 02:45:29','2024-11-20 02:45:29'),(19,'the-world-caters-to-average-people',10,'Botble\\Blog\\Models\\Post','blog','2024-11-20 02:45:29','2024-11-20 02:45:29'),(20,'the-litigants-on-the-screen-are-not-actors',11,'Botble\\Blog\\Models\\Post','blog','2024-11-20 02:45:29','2024-11-20 02:45:29'),(21,'wooden-home',1,'Botble\\Page\\Models\\Page','','2024-11-20 02:45:31','2024-11-20 02:45:31'),(22,'fashion-home',2,'Botble\\Page\\Models\\Page','','2024-11-20 02:45:31','2024-11-20 02:45:31'),(23,'furniture-home',3,'Botble\\Page\\Models\\Page','','2024-11-20 02:45:31','2024-11-20 02:45:31'),(24,'cosmetics-home',4,'Botble\\Page\\Models\\Page','','2024-11-20 02:45:31','2024-11-20 02:45:31'),(25,'food-grocery-home',5,'Botble\\Page\\Models\\Page','','2024-11-20 02:45:31','2024-11-20 02:45:31'),(26,'blog',6,'Botble\\Page\\Models\\Page','','2024-11-20 02:45:31','2024-11-20 02:45:31'),(27,'about',7,'Botble\\Page\\Models\\Page','','2024-11-20 02:45:31','2024-11-20 02:45:31'),(28,'contact',8,'Botble\\Page\\Models\\Page','','2024-11-20 02:45:31','2024-11-20 02:45:31'),(29,'coming-soon',9,'Botble\\Page\\Models\\Page','','2024-11-20 02:45:31','2024-11-20 02:45:31'),(30,'store-locator',10,'Botble\\Page\\Models\\Page','','2024-11-20 02:45:31','2024-11-20 02:45:31'),(31,'faqs',11,'Botble\\Page\\Models\\Page','','2024-11-20 02:45:31','2024-11-20 02:45:31'),(32,'fashion-live',1,'Botble\\Ecommerce\\Models\\Brand','brands','2024-11-20 02:45:36','2024-11-20 02:45:36'),(33,'hand-crafted',2,'Botble\\Ecommerce\\Models\\Brand','brands','2024-11-20 02:45:36','2024-11-20 02:45:36'),(34,'mestonix',3,'Botble\\Ecommerce\\Models\\Brand','brands','2024-11-20 02:45:36','2024-11-20 02:45:36'),(35,'sunshine',4,'Botble\\Ecommerce\\Models\\Brand','brands','2024-11-20 02:45:36','2024-11-20 02:45:36'),(36,'pure',5,'Botble\\Ecommerce\\Models\\Brand','brands','2024-11-20 02:45:36','2024-11-20 02:45:36'),(37,'anfold',6,'Botble\\Ecommerce\\Models\\Brand','brands','2024-11-20 02:45:36','2024-11-20 02:45:36'),(38,'pro-glasses',1,'Botble\\Ecommerce\\Models\\ProductCategory','product-categories','2024-11-20 02:45:36','2024-11-20 02:45:36'),(39,'casual-shoes',2,'Botble\\Ecommerce\\Models\\ProductCategory','product-categories','2024-11-20 02:45:36','2024-11-20 02:45:36'),(40,'winter-jacket',3,'Botble\\Ecommerce\\Models\\ProductCategory','product-categories','2024-11-20 02:45:36','2024-11-20 02:45:36'),(41,'new-added',4,'Botble\\Ecommerce\\Models\\ProductCategory','product-categories','2024-11-20 02:45:36','2024-11-20 02:45:36'),(42,'wooden',5,'Botble\\Ecommerce\\Models\\ProductCategory','product-categories','2024-11-20 02:45:36','2024-11-20 02:45:36'),(43,'furniture',6,'Botble\\Ecommerce\\Models\\ProductCategory','product-categories','2024-11-20 02:45:36','2024-11-20 02:45:36'),(44,'clock',7,'Botble\\Ecommerce\\Models\\ProductCategory','product-categories','2024-11-20 02:45:36','2024-11-20 02:45:36'),(45,'gifts',8,'Botble\\Ecommerce\\Models\\ProductCategory','product-categories','2024-11-20 02:45:36','2024-11-20 02:45:36'),(46,'crafts',9,'Botble\\Ecommerce\\Models\\ProductCategory','product-categories','2024-11-20 02:45:36','2024-11-20 02:45:36'),(47,'gift-sets',10,'Botble\\Ecommerce\\Models\\ProductCategory','product-categories','2024-11-20 02:45:36','2024-11-20 02:45:36'),(48,'plastic-gifts',11,'Botble\\Ecommerce\\Models\\ProductCategory','product-categories','2024-11-20 02:45:36','2024-11-20 02:45:36'),(49,'handy-cream',12,'Botble\\Ecommerce\\Models\\ProductCategory','product-categories','2024-11-20 02:45:36','2024-11-20 02:45:36'),(50,'cosmetics',13,'Botble\\Ecommerce\\Models\\ProductCategory','product-categories','2024-11-20 02:45:36','2024-11-20 02:45:36'),(51,'silk-accessories',14,'Botble\\Ecommerce\\Models\\ProductCategory','product-categories','2024-11-20 02:45:36','2024-11-20 02:45:36'),(52,'finest-skincare-lotions',15,'Botble\\Ecommerce\\Models\\ProductCategory','product-categories','2024-11-20 02:45:36','2024-11-20 02:45:36'),(53,'bags-purses',16,'Botble\\Ecommerce\\Models\\ProductCategory','product-categories','2024-11-20 02:45:36','2024-11-20 02:45:36'),(54,'sunglasses',17,'Botble\\Ecommerce\\Models\\ProductCategory','product-categories','2024-11-20 02:45:36','2024-11-20 02:45:36'),(55,'electronic',1,'Botble\\Ecommerce\\Models\\ProductTag','product-tags','2024-11-20 02:45:37','2024-11-20 02:45:37'),(56,'mobile',2,'Botble\\Ecommerce\\Models\\ProductTag','product-tags','2024-11-20 02:45:37','2024-11-20 02:45:37'),(57,'iphone',3,'Botble\\Ecommerce\\Models\\ProductTag','product-tags','2024-11-20 02:45:37','2024-11-20 02:45:37'),(58,'printer',4,'Botble\\Ecommerce\\Models\\ProductTag','product-tags','2024-11-20 02:45:37','2024-11-20 02:45:37'),(59,'office',5,'Botble\\Ecommerce\\Models\\ProductTag','product-tags','2024-11-20 02:45:37','2024-11-20 02:45:37'),(60,'it',6,'Botble\\Ecommerce\\Models\\ProductTag','product-tags','2024-11-20 02:45:37','2024-11-20 02:45:37'),(61,'miko-wooden-bluetooth-speaker',1,'Botble\\Ecommerce\\Models\\Product','products','2024-11-20 02:45:44','2024-11-20 02:45:44'),(62,'gorgeous-wooden-gloves',2,'Botble\\Ecommerce\\Models\\Product','products','2024-11-20 02:45:44','2024-11-20 02:45:44'),(63,'pinkol-enormous-granite-bottle',3,'Botble\\Ecommerce\\Models\\Product','products','2024-11-20 02:45:44','2024-11-20 02:45:44'),(64,'gorgeous-aluminum-table',4,'Botble\\Ecommerce\\Models\\Product','products','2024-11-20 02:45:44','2024-11-20 02:45:44'),(65,'evo-lightweight-granite-shirt',5,'Botble\\Ecommerce\\Models\\Product','products','2024-11-20 02:45:44','2024-11-20 02:45:44'),(66,'clco-incredible-paper-car',6,'Botble\\Ecommerce\\Models\\Product','products','2024-11-20 02:45:44','2024-11-20 02:45:44'),(67,'progash-durable-granite-hat',7,'Botble\\Ecommerce\\Models\\Product','products','2024-11-20 02:45:44','2024-11-20 02:45:44'),(68,'purab-enormous-miranda-bottle',8,'Botble\\Ecommerce\\Models\\Product','products','2024-11-20 02:45:44','2024-11-20 02:45:44'),(69,'miklonda-co-crafted-candles',9,'Botble\\Ecommerce\\Models\\Product','products','2024-11-20 02:45:44','2024-11-20 02:45:44'),(70,'pinkol-enormous-granite-bottle',10,'Botble\\Ecommerce\\Models\\Product','products','2024-11-20 02:45:44','2024-11-20 02:45:44'),(71,'dual-camera-20mp',11,'Botble\\Ecommerce\\Models\\Product','products','2024-11-20 02:45:44','2024-11-20 02:45:44'),(72,'smart-watches',12,'Botble\\Ecommerce\\Models\\Product','products','2024-11-20 02:45:44','2024-11-20 02:45:44'),(73,'beat-headphone',13,'Botble\\Ecommerce\\Models\\Product','products','2024-11-20 02:45:44','2024-11-20 02:45:44'),(74,'red-black-headphone',14,'Botble\\Ecommerce\\Models\\Product','products','2024-11-20 02:45:44','2024-11-20 02:45:44'),(75,'smart-watch-external',15,'Botble\\Ecommerce\\Models\\Product','products','2024-11-20 02:45:44','2024-11-20 02:45:44'),(76,'nikon-hd-camera',16,'Botble\\Ecommerce\\Models\\Product','products','2024-11-20 02:45:44','2024-11-20 02:45:44'),(77,'audio-equipment',17,'Botble\\Ecommerce\\Models\\Product','products','2024-11-20 02:45:44','2024-11-20 02:45:44'),(78,'smart-televisions',18,'Botble\\Ecommerce\\Models\\Product','products','2024-11-20 02:45:44','2024-11-20 02:45:44'),(79,'samsung-smart-phone',19,'Botble\\Ecommerce\\Models\\Product','products','2024-11-20 02:45:44','2024-11-20 02:45:44'),(80,'herschel-leather-duffle-bag-in-brown-color',20,'Botble\\Ecommerce\\Models\\Product','products','2024-11-20 02:45:44','2024-11-20 02:45:44'),(81,'xbox-one-wireless-controller-black-color',21,'Botble\\Ecommerce\\Models\\Product','products','2024-11-20 02:45:44','2024-11-20 02:45:44'),(82,'epsion-plaster-printer',22,'Botble\\Ecommerce\\Models\\Product','products','2024-11-20 02:45:44','2024-11-20 02:45:44'),(83,'sound-intone-i65-earphone-white-version',23,'Botble\\Ecommerce\\Models\\Product','products','2024-11-20 02:45:44','2024-11-20 02:45:44'),(84,'bo-play-mini-bluetooth-speaker',24,'Botble\\Ecommerce\\Models\\Product','products','2024-11-20 02:45:45','2024-11-20 02:45:45'),(85,'apple-macbook-air-retina-133-inch-laptop',25,'Botble\\Ecommerce\\Models\\Product','products','2024-11-20 02:45:45','2024-11-20 02:45:45'),(86,'apple-macbook-air-retina-12-inch-laptop',26,'Botble\\Ecommerce\\Models\\Product','products','2024-11-20 02:45:45','2024-11-20 02:45:45'),(87,'samsung-gear-vr-virtual-reality-headset',27,'Botble\\Ecommerce\\Models\\Product','products','2024-11-20 02:45:45','2024-11-20 02:45:45'),(88,'aveeno-moisturizing-body-shower-450ml',28,'Botble\\Ecommerce\\Models\\Product','products','2024-11-20 02:45:45','2024-11-20 02:45:45'),(89,'nyx-beauty-couton-pallete-makeup-12',29,'Botble\\Ecommerce\\Models\\Product','products','2024-11-20 02:45:45','2024-11-20 02:45:45'),(90,'nyx-beauty-couton-pallete-makeup-12',30,'Botble\\Ecommerce\\Models\\Product','products','2024-11-20 02:45:45','2024-11-20 02:45:45'),(91,'mvmth-classical-leather-watch-in-black',31,'Botble\\Ecommerce\\Models\\Product','products','2024-11-20 02:45:45','2024-11-20 02:45:45'),(92,'baxter-care-hair-kit-for-bearded-mens',32,'Botble\\Ecommerce\\Models\\Product','products','2024-11-20 02:45:45','2024-11-20 02:45:45'),(93,'ciate-palemore-lipstick-bold-red-color',33,'Botble\\Ecommerce\\Models\\Product','products','2024-11-20 02:45:45','2024-11-20 02:45:45'),(94,'vimto-squash-remix-apple-15-litres',34,'Botble\\Ecommerce\\Models\\Product','products','2024-11-20 02:45:45','2024-11-20 02:45:45'),(95,'crock-pot-slow-cooker',35,'Botble\\Ecommerce\\Models\\Product','products','2024-11-20 02:45:45','2024-11-20 02:45:45'),(96,'taylors-of-harrogate-yorkshire-coffee',36,'Botble\\Ecommerce\\Models\\Product','products','2024-11-20 02:45:45','2024-11-20 02:45:45'),(97,'soft-mochi-galeto-ice-cream',37,'Botble\\Ecommerce\\Models\\Product','products','2024-11-20 02:45:45','2024-11-20 02:45:45'),(98,'naked-noodle-egg-noodles-singapore',38,'Botble\\Ecommerce\\Models\\Product','products','2024-11-20 02:45:45','2024-11-20 02:45:45'),(99,'saute-pan-silver',39,'Botble\\Ecommerce\\Models\\Product','products','2024-11-20 02:45:45','2024-11-20 02:45:45'),(100,'bar-s-classic-bun-length-franks',40,'Botble\\Ecommerce\\Models\\Product','products','2024-11-20 02:45:45','2024-11-20 02:45:45'),(101,'broccoli-crowns',41,'Botble\\Ecommerce\\Models\\Product','products','2024-11-20 02:45:45','2024-11-20 02:45:45'),(102,'slimming-world-vegan-mac-greens',42,'Botble\\Ecommerce\\Models\\Product','products','2024-11-20 02:45:45','2024-11-20 02:45:45'),(103,'haagen-dazs-salted-caramel',43,'Botble\\Ecommerce\\Models\\Product','products','2024-11-20 02:45:45','2024-11-20 02:45:45'),(104,'iceland-3-solo-exotic-burst',44,'Botble\\Ecommerce\\Models\\Product','products','2024-11-20 02:45:45','2024-11-20 02:45:45'),(105,'extreme-budweiser-light-can',45,'Botble\\Ecommerce\\Models\\Product','products','2024-11-20 02:45:45','2024-11-20 02:45:45'),(106,'iceland-macaroni-cheese-traybake',46,'Botble\\Ecommerce\\Models\\Product','products','2024-11-20 02:45:45','2024-11-20 02:45:45'),(107,'dolmio-bolognese-pasta-sauce',47,'Botble\\Ecommerce\\Models\\Product','products','2024-11-20 02:45:45','2024-11-20 02:45:45'),(108,'sitema-bakeit-plastic-box',48,'Botble\\Ecommerce\\Models\\Product','products','2024-11-20 02:45:45','2024-11-20 02:45:45'),(109,'wayfair-basics-dinner-plate-storage',49,'Botble\\Ecommerce\\Models\\Product','products','2024-11-20 02:45:45','2024-11-20 02:45:45'),(110,'miko-the-panda-water-bottle',50,'Botble\\Ecommerce\\Models\\Product','products','2024-11-20 02:45:45','2024-11-20 02:45:45'),(111,'sesame-seed-bread',51,'Botble\\Ecommerce\\Models\\Product','products','2024-11-20 02:45:45','2024-11-20 02:45:45'),(112,'morrisons-the-best-beef',52,'Botble\\Ecommerce\\Models\\Product','products','2024-11-20 02:45:45','2024-11-20 02:45:45'),(113,'avocado-hass-large',53,'Botble\\Ecommerce\\Models\\Product','products','2024-11-20 02:45:45','2024-11-20 02:45:45'),(114,'italia-beef-lasagne',54,'Botble\\Ecommerce\\Models\\Product','products','2024-11-20 02:45:45','2024-11-20 02:45:45'),(115,'maxwell-house-classic-roast-mocha',55,'Botble\\Ecommerce\\Models\\Product','products','2024-11-20 02:45:45','2024-11-20 02:45:45'),(116,'bottled-pure-water-500ml',56,'Botble\\Ecommerce\\Models\\Product','products','2024-11-20 02:45:45','2024-11-20 02:45:45'),(117,'famart-farmhouse-soft-white',57,'Botble\\Ecommerce\\Models\\Product','products','2024-11-20 02:45:45','2024-11-20 02:45:45'),(118,'coca-cola-original-taste',58,'Botble\\Ecommerce\\Models\\Product','products','2024-11-20 02:45:45','2024-11-20 02:45:45'),(119,'casillero-diablo-cabernet-sauvignon',59,'Botble\\Ecommerce\\Models\\Product','products','2024-11-20 02:45:45','2024-11-20 02:45:45'),(120,'arla-organic-free-range-milk',60,'Botble\\Ecommerce\\Models\\Product','products','2024-11-20 02:45:45','2024-11-20 02:45:45'),(121,'aptamil-follow-on-baby-milk',61,'Botble\\Ecommerce\\Models\\Product','products','2024-11-20 02:45:45','2024-11-20 02:45:45'),(122,'cuisinart-chefs-classic-hard-anodized',62,'Botble\\Ecommerce\\Models\\Product','products','2024-11-20 02:45:45','2024-11-20 02:45:45'),(123,'corn-yellow-sweet',63,'Botble\\Ecommerce\\Models\\Product','products','2024-11-20 02:45:45','2024-11-20 02:45:45'),(124,'hobnobs-the-nobbly-biscuit',64,'Botble\\Ecommerce\\Models\\Product','products','2024-11-20 02:45:45','2024-11-20 02:45:45'),(125,'honest-organic-still-lemonade',65,'Botble\\Ecommerce\\Models\\Product','products','2024-11-20 02:45:45','2024-11-20 02:45:45'),(126,'ice-becks-beer-350ml-x-24-pieces',66,'Botble\\Ecommerce\\Models\\Product','products','2024-11-20 02:45:45','2024-11-20 02:45:45'),(127,'iceland-6-hot-cross-buns',67,'Botble\\Ecommerce\\Models\\Product','products','2024-11-20 02:45:45','2024-11-20 02:45:45'),(128,'iceland-luxury-4-panini-rolls',68,'Botble\\Ecommerce\\Models\\Product','products','2024-11-20 02:45:45','2024-11-20 02:45:45'),(129,'iceland-soft-scoop-vanilla',69,'Botble\\Ecommerce\\Models\\Product','products','2024-11-20 02:45:45','2024-11-20 02:45:45'),(130,'iceland-spaghetti-bolognese',70,'Botble\\Ecommerce\\Models\\Product','products','2024-11-20 02:45:45','2024-11-20 02:45:45'),(131,'kelloggs-coco-pops-cereal',71,'Botble\\Ecommerce\\Models\\Product','products','2024-11-20 02:45:45','2024-11-20 02:45:45'),(132,'kit-kat-chunky-milk-chocolate',72,'Botble\\Ecommerce\\Models\\Product','products','2024-11-20 02:45:45','2024-11-20 02:45:45'),(133,'large-green-bell-pepper',73,'Botble\\Ecommerce\\Models\\Product','products','2024-11-20 02:45:45','2024-11-20 02:45:45'),(134,'pice-94w-beasley-journal',74,'Botble\\Ecommerce\\Models\\Product','products','2024-11-20 02:45:45','2024-11-20 02:45:45'),(135,'province-piece-glass-drinking-glass',75,'Botble\\Ecommerce\\Models\\Product','products','2024-11-20 02:45:45','2024-11-20 02:45:45'),(136,'perfect',1,'Botble\\Gallery\\Models\\Gallery','galleries','2024-11-20 02:45:52','2024-11-20 02:45:52'),(137,'new-day',2,'Botble\\Gallery\\Models\\Gallery','galleries','2024-11-20 02:45:52','2024-11-20 02:45:52'),(138,'happy-day',3,'Botble\\Gallery\\Models\\Gallery','galleries','2024-11-20 02:45:52','2024-11-20 02:45:52'),(139,'nature',4,'Botble\\Gallery\\Models\\Gallery','galleries','2024-11-20 02:45:52','2024-11-20 02:45:52'),(140,'morning',5,'Botble\\Gallery\\Models\\Gallery','galleries','2024-11-20 02:45:52','2024-11-20 02:45:52'),(141,'photography',6,'Botble\\Gallery\\Models\\Gallery','galleries','2024-11-20 02:45:52','2024-11-20 02:45:52'),(142,'miko-wooden-bluetooth-speaker',76,'Botble\\Ecommerce\\Models\\Product','products','2024-11-20 02:45:53','2024-11-20 02:45:53'),(143,'miko-wooden-bluetooth-speaker',77,'Botble\\Ecommerce\\Models\\Product','products','2024-11-20 02:45:53','2024-11-20 02:45:53'),(144,'miko-wooden-bluetooth-speaker',78,'Botble\\Ecommerce\\Models\\Product','products','2024-11-20 02:45:53','2024-11-20 02:45:53'),(145,'gorgeous-wooden-gloves',79,'Botble\\Ecommerce\\Models\\Product','products','2024-11-20 02:45:53','2024-11-20 02:45:53'),(146,'gorgeous-wooden-gloves',80,'Botble\\Ecommerce\\Models\\Product','products','2024-11-20 02:45:53','2024-11-20 02:45:53'),(147,'gorgeous-wooden-gloves',81,'Botble\\Ecommerce\\Models\\Product','products','2024-11-20 02:45:53','2024-11-20 02:45:53'),(148,'pinkol-enormous-granite-bottle',82,'Botble\\Ecommerce\\Models\\Product','products','2024-11-20 02:45:53','2024-11-20 02:45:53'),(149,'pinkol-enormous-granite-bottle',83,'Botble\\Ecommerce\\Models\\Product','products','2024-11-20 02:45:53','2024-11-20 02:45:53'),(150,'pinkol-enormous-granite-bottle',84,'Botble\\Ecommerce\\Models\\Product','products','2024-11-20 02:45:53','2024-11-20 02:45:53'),(151,'pinkol-enormous-granite-bottle',85,'Botble\\Ecommerce\\Models\\Product','products','2024-11-20 02:45:53','2024-11-20 02:45:53'),(152,'gorgeous-aluminum-table',86,'Botble\\Ecommerce\\Models\\Product','products','2024-11-20 02:45:53','2024-11-20 02:45:53'),(153,'gorgeous-aluminum-table',87,'Botble\\Ecommerce\\Models\\Product','products','2024-11-20 02:45:53','2024-11-20 02:45:53'),(154,'evo-lightweight-granite-shirt',88,'Botble\\Ecommerce\\Models\\Product','products','2024-11-20 02:45:53','2024-11-20 02:45:53'),(155,'evo-lightweight-granite-shirt',89,'Botble\\Ecommerce\\Models\\Product','products','2024-11-20 02:45:53','2024-11-20 02:45:53'),(156,'evo-lightweight-granite-shirt',90,'Botble\\Ecommerce\\Models\\Product','products','2024-11-20 02:45:53','2024-11-20 02:45:53'),(157,'clco-incredible-paper-car',91,'Botble\\Ecommerce\\Models\\Product','products','2024-11-20 02:45:53','2024-11-20 02:45:53'),(158,'clco-incredible-paper-car',92,'Botble\\Ecommerce\\Models\\Product','products','2024-11-20 02:45:53','2024-11-20 02:45:53'),(159,'clco-incredible-paper-car',93,'Botble\\Ecommerce\\Models\\Product','products','2024-11-20 02:45:53','2024-11-20 02:45:53'),(160,'progash-durable-granite-hat',94,'Botble\\Ecommerce\\Models\\Product','products','2024-11-20 02:45:53','2024-11-20 02:45:53'),(161,'progash-durable-granite-hat',95,'Botble\\Ecommerce\\Models\\Product','products','2024-11-20 02:45:53','2024-11-20 02:45:53'),(162,'progash-durable-granite-hat',96,'Botble\\Ecommerce\\Models\\Product','products','2024-11-20 02:45:53','2024-11-20 02:45:53'),(163,'progash-durable-granite-hat',97,'Botble\\Ecommerce\\Models\\Product','products','2024-11-20 02:45:53','2024-11-20 02:45:53'),(164,'purab-enormous-miranda-bottle',98,'Botble\\Ecommerce\\Models\\Product','products','2024-11-20 02:45:53','2024-11-20 02:45:53'),(165,'purab-enormous-miranda-bottle',99,'Botble\\Ecommerce\\Models\\Product','products','2024-11-20 02:45:53','2024-11-20 02:45:53'),(166,'purab-enormous-miranda-bottle',100,'Botble\\Ecommerce\\Models\\Product','products','2024-11-20 02:45:53','2024-11-20 02:45:53'),(167,'purab-enormous-miranda-bottle',101,'Botble\\Ecommerce\\Models\\Product','products','2024-11-20 02:45:53','2024-11-20 02:45:53'),(168,'miklonda-co-crafted-candles',102,'Botble\\Ecommerce\\Models\\Product','products','2024-11-20 02:45:53','2024-11-20 02:45:53'),(169,'miklonda-co-crafted-candles',103,'Botble\\Ecommerce\\Models\\Product','products','2024-11-20 02:45:53','2024-11-20 02:45:53'),(170,'miklonda-co-crafted-candles',104,'Botble\\Ecommerce\\Models\\Product','products','2024-11-20 02:45:53','2024-11-20 02:45:53'),(171,'pinkol-enormous-granite-bottle',105,'Botble\\Ecommerce\\Models\\Product','products','2024-11-20 02:45:53','2024-11-20 02:45:53'),(172,'dual-camera-20mp',106,'Botble\\Ecommerce\\Models\\Product','products','2024-11-20 02:45:53','2024-11-20 02:45:53'),(173,'dual-camera-20mp',107,'Botble\\Ecommerce\\Models\\Product','products','2024-11-20 02:45:53','2024-11-20 02:45:53'),(174,'dual-camera-20mp',108,'Botble\\Ecommerce\\Models\\Product','products','2024-11-20 02:45:53','2024-11-20 02:45:53'),(175,'smart-watches',109,'Botble\\Ecommerce\\Models\\Product','products','2024-11-20 02:45:53','2024-11-20 02:45:53'),(176,'smart-watches',110,'Botble\\Ecommerce\\Models\\Product','products','2024-11-20 02:45:53','2024-11-20 02:45:53'),(177,'smart-watches',111,'Botble\\Ecommerce\\Models\\Product','products','2024-11-20 02:45:53','2024-11-20 02:45:53'),(178,'beat-headphone',112,'Botble\\Ecommerce\\Models\\Product','products','2024-11-20 02:45:53','2024-11-20 02:45:53'),(179,'red-black-headphone',113,'Botble\\Ecommerce\\Models\\Product','products','2024-11-20 02:45:53','2024-11-20 02:45:53'),(180,'red-black-headphone',114,'Botble\\Ecommerce\\Models\\Product','products','2024-11-20 02:45:53','2024-11-20 02:45:53'),(181,'red-black-headphone',115,'Botble\\Ecommerce\\Models\\Product','products','2024-11-20 02:45:53','2024-11-20 02:45:53'),(182,'smart-watch-external',116,'Botble\\Ecommerce\\Models\\Product','products','2024-11-20 02:45:53','2024-11-20 02:45:53'),(183,'smart-watch-external',117,'Botble\\Ecommerce\\Models\\Product','products','2024-11-20 02:45:53','2024-11-20 02:45:53'),(184,'smart-watch-external',118,'Botble\\Ecommerce\\Models\\Product','products','2024-11-20 02:45:53','2024-11-20 02:45:53'),(185,'nikon-hd-camera',119,'Botble\\Ecommerce\\Models\\Product','products','2024-11-20 02:45:53','2024-11-20 02:45:53'),(186,'audio-equipment',120,'Botble\\Ecommerce\\Models\\Product','products','2024-11-20 02:45:53','2024-11-20 02:45:53'),(187,'audio-equipment',121,'Botble\\Ecommerce\\Models\\Product','products','2024-11-20 02:45:53','2024-11-20 02:45:53'),(188,'audio-equipment',122,'Botble\\Ecommerce\\Models\\Product','products','2024-11-20 02:45:53','2024-11-20 02:45:53'),(189,'smart-televisions',123,'Botble\\Ecommerce\\Models\\Product','products','2024-11-20 02:45:53','2024-11-20 02:45:53'),(190,'smart-televisions',124,'Botble\\Ecommerce\\Models\\Product','products','2024-11-20 02:45:53','2024-11-20 02:45:53'),(191,'samsung-smart-phone',125,'Botble\\Ecommerce\\Models\\Product','products','2024-11-20 02:45:53','2024-11-20 02:45:53'),(192,'samsung-smart-phone',126,'Botble\\Ecommerce\\Models\\Product','products','2024-11-20 02:45:53','2024-11-20 02:45:53'),(193,'samsung-smart-phone',127,'Botble\\Ecommerce\\Models\\Product','products','2024-11-20 02:45:53','2024-11-20 02:45:53'),(194,'samsung-smart-phone',128,'Botble\\Ecommerce\\Models\\Product','products','2024-11-20 02:45:53','2024-11-20 02:45:53'),(195,'herschel-leather-duffle-bag-in-brown-color',129,'Botble\\Ecommerce\\Models\\Product','products','2024-11-20 02:45:53','2024-11-20 02:45:53'),(196,'xbox-one-wireless-controller-black-color',130,'Botble\\Ecommerce\\Models\\Product','products','2024-11-20 02:45:53','2024-11-20 02:45:53'),(197,'xbox-one-wireless-controller-black-color',131,'Botble\\Ecommerce\\Models\\Product','products','2024-11-20 02:45:53','2024-11-20 02:45:53'),(198,'xbox-one-wireless-controller-black-color',132,'Botble\\Ecommerce\\Models\\Product','products','2024-11-20 02:45:53','2024-11-20 02:45:53'),(199,'xbox-one-wireless-controller-black-color',133,'Botble\\Ecommerce\\Models\\Product','products','2024-11-20 02:45:53','2024-11-20 02:45:53'),(200,'epsion-plaster-printer',134,'Botble\\Ecommerce\\Models\\Product','products','2024-11-20 02:45:53','2024-11-20 02:45:53'),(201,'epsion-plaster-printer',135,'Botble\\Ecommerce\\Models\\Product','products','2024-11-20 02:45:53','2024-11-20 02:45:53'),(202,'epsion-plaster-printer',136,'Botble\\Ecommerce\\Models\\Product','products','2024-11-20 02:45:53','2024-11-20 02:45:53'),(203,'sound-intone-i65-earphone-white-version',137,'Botble\\Ecommerce\\Models\\Product','products','2024-11-20 02:45:53','2024-11-20 02:45:53'),(204,'sound-intone-i65-earphone-white-version',138,'Botble\\Ecommerce\\Models\\Product','products','2024-11-20 02:45:53','2024-11-20 02:45:53'),(205,'sound-intone-i65-earphone-white-version',139,'Botble\\Ecommerce\\Models\\Product','products','2024-11-20 02:45:53','2024-11-20 02:45:53'),(206,'bo-play-mini-bluetooth-speaker',140,'Botble\\Ecommerce\\Models\\Product','products','2024-11-20 02:45:53','2024-11-20 02:45:53'),(207,'apple-macbook-air-retina-133-inch-laptop',141,'Botble\\Ecommerce\\Models\\Product','products','2024-11-20 02:45:53','2024-11-20 02:45:53'),(208,'apple-macbook-air-retina-133-inch-laptop',142,'Botble\\Ecommerce\\Models\\Product','products','2024-11-20 02:45:53','2024-11-20 02:45:53'),(209,'apple-macbook-air-retina-133-inch-laptop',143,'Botble\\Ecommerce\\Models\\Product','products','2024-11-20 02:45:53','2024-11-20 02:45:53'),(210,'apple-macbook-air-retina-12-inch-laptop',144,'Botble\\Ecommerce\\Models\\Product','products','2024-11-20 02:45:53','2024-11-20 02:45:53'),(211,'apple-macbook-air-retina-12-inch-laptop',145,'Botble\\Ecommerce\\Models\\Product','products','2024-11-20 02:45:53','2024-11-20 02:45:53'),(212,'apple-macbook-air-retina-12-inch-laptop',146,'Botble\\Ecommerce\\Models\\Product','products','2024-11-20 02:45:53','2024-11-20 02:45:53'),(213,'samsung-gear-vr-virtual-reality-headset',147,'Botble\\Ecommerce\\Models\\Product','products','2024-11-20 02:45:53','2024-11-20 02:45:53'),(214,'samsung-gear-vr-virtual-reality-headset',148,'Botble\\Ecommerce\\Models\\Product','products','2024-11-20 02:45:53','2024-11-20 02:45:53'),(215,'samsung-gear-vr-virtual-reality-headset',149,'Botble\\Ecommerce\\Models\\Product','products','2024-11-20 02:45:53','2024-11-20 02:45:53'),(216,'aveeno-moisturizing-body-shower-450ml',150,'Botble\\Ecommerce\\Models\\Product','products','2024-11-20 02:45:53','2024-11-20 02:45:53'),(217,'aveeno-moisturizing-body-shower-450ml',151,'Botble\\Ecommerce\\Models\\Product','products','2024-11-20 02:45:53','2024-11-20 02:45:53'),(218,'aveeno-moisturizing-body-shower-450ml',152,'Botble\\Ecommerce\\Models\\Product','products','2024-11-20 02:45:53','2024-11-20 02:45:53'),(219,'aveeno-moisturizing-body-shower-450ml',153,'Botble\\Ecommerce\\Models\\Product','products','2024-11-20 02:45:53','2024-11-20 02:45:53'),(220,'nyx-beauty-couton-pallete-makeup-12',154,'Botble\\Ecommerce\\Models\\Product','products','2024-11-20 02:45:53','2024-11-20 02:45:53'),(221,'nyx-beauty-couton-pallete-makeup-12',155,'Botble\\Ecommerce\\Models\\Product','products','2024-11-20 02:45:53','2024-11-20 02:45:53'),(222,'nyx-beauty-couton-pallete-makeup-12',156,'Botble\\Ecommerce\\Models\\Product','products','2024-11-20 02:45:53','2024-11-20 02:45:53'),(223,'nyx-beauty-couton-pallete-makeup-12',157,'Botble\\Ecommerce\\Models\\Product','products','2024-11-20 02:45:53','2024-11-20 02:45:53'),(224,'nyx-beauty-couton-pallete-makeup-12',158,'Botble\\Ecommerce\\Models\\Product','products','2024-11-20 02:45:53','2024-11-20 02:45:53'),(225,'mvmth-classical-leather-watch-in-black',159,'Botble\\Ecommerce\\Models\\Product','products','2024-11-20 02:45:53','2024-11-20 02:45:53'),(226,'mvmth-classical-leather-watch-in-black',160,'Botble\\Ecommerce\\Models\\Product','products','2024-11-20 02:45:53','2024-11-20 02:45:53'),(227,'baxter-care-hair-kit-for-bearded-mens',161,'Botble\\Ecommerce\\Models\\Product','products','2024-11-20 02:45:53','2024-11-20 02:45:53'),(228,'baxter-care-hair-kit-for-bearded-mens',162,'Botble\\Ecommerce\\Models\\Product','products','2024-11-20 02:45:53','2024-11-20 02:45:53'),(229,'ciate-palemore-lipstick-bold-red-color',163,'Botble\\Ecommerce\\Models\\Product','products','2024-11-20 02:45:53','2024-11-20 02:45:53'),(230,'ciate-palemore-lipstick-bold-red-color',164,'Botble\\Ecommerce\\Models\\Product','products','2024-11-20 02:45:53','2024-11-20 02:45:53'),(231,'ciate-palemore-lipstick-bold-red-color',165,'Botble\\Ecommerce\\Models\\Product','products','2024-11-20 02:45:53','2024-11-20 02:45:53'),(232,'vimto-squash-remix-apple-15-litres',166,'Botble\\Ecommerce\\Models\\Product','products','2024-11-20 02:45:53','2024-11-20 02:45:53'),(233,'vimto-squash-remix-apple-15-litres',167,'Botble\\Ecommerce\\Models\\Product','products','2024-11-20 02:45:53','2024-11-20 02:45:53'),(234,'crock-pot-slow-cooker',168,'Botble\\Ecommerce\\Models\\Product','products','2024-11-20 02:45:53','2024-11-20 02:45:53'),(235,'taylors-of-harrogate-yorkshire-coffee',169,'Botble\\Ecommerce\\Models\\Product','products','2024-11-20 02:45:53','2024-11-20 02:45:53'),(236,'taylors-of-harrogate-yorkshire-coffee',170,'Botble\\Ecommerce\\Models\\Product','products','2024-11-20 02:45:53','2024-11-20 02:45:53'),(237,'soft-mochi-galeto-ice-cream',171,'Botble\\Ecommerce\\Models\\Product','products','2024-11-20 02:45:53','2024-11-20 02:45:53'),(238,'soft-mochi-galeto-ice-cream',172,'Botble\\Ecommerce\\Models\\Product','products','2024-11-20 02:45:53','2024-11-20 02:45:53'),(239,'soft-mochi-galeto-ice-cream',173,'Botble\\Ecommerce\\Models\\Product','products','2024-11-20 02:45:53','2024-11-20 02:45:53'),(240,'soft-mochi-galeto-ice-cream',174,'Botble\\Ecommerce\\Models\\Product','products','2024-11-20 02:45:53','2024-11-20 02:45:53'),(241,'naked-noodle-egg-noodles-singapore',175,'Botble\\Ecommerce\\Models\\Product','products','2024-11-20 02:45:53','2024-11-20 02:45:53'),(242,'naked-noodle-egg-noodles-singapore',176,'Botble\\Ecommerce\\Models\\Product','products','2024-11-20 02:45:53','2024-11-20 02:45:53'),(243,'saute-pan-silver',177,'Botble\\Ecommerce\\Models\\Product','products','2024-11-20 02:45:53','2024-11-20 02:45:53'),(244,'saute-pan-silver',178,'Botble\\Ecommerce\\Models\\Product','products','2024-11-20 02:45:53','2024-11-20 02:45:53'),(245,'saute-pan-silver',179,'Botble\\Ecommerce\\Models\\Product','products','2024-11-20 02:45:53','2024-11-20 02:45:53'),(246,'saute-pan-silver',180,'Botble\\Ecommerce\\Models\\Product','products','2024-11-20 02:45:53','2024-11-20 02:45:53'),(247,'bar-s-classic-bun-length-franks',181,'Botble\\Ecommerce\\Models\\Product','products','2024-11-20 02:45:53','2024-11-20 02:45:53'),(248,'bar-s-classic-bun-length-franks',182,'Botble\\Ecommerce\\Models\\Product','products','2024-11-20 02:45:53','2024-11-20 02:45:53'),(249,'bar-s-classic-bun-length-franks',183,'Botble\\Ecommerce\\Models\\Product','products','2024-11-20 02:45:53','2024-11-20 02:45:53'),(250,'bar-s-classic-bun-length-franks',184,'Botble\\Ecommerce\\Models\\Product','products','2024-11-20 02:45:53','2024-11-20 02:45:53'),(251,'bar-s-classic-bun-length-franks',185,'Botble\\Ecommerce\\Models\\Product','products','2024-11-20 02:45:53','2024-11-20 02:45:53'),(252,'broccoli-crowns',186,'Botble\\Ecommerce\\Models\\Product','products','2024-11-20 02:45:53','2024-11-20 02:45:53'),(253,'broccoli-crowns',187,'Botble\\Ecommerce\\Models\\Product','products','2024-11-20 02:45:53','2024-11-20 02:45:53'),(254,'slimming-world-vegan-mac-greens',188,'Botble\\Ecommerce\\Models\\Product','products','2024-11-20 02:45:53','2024-11-20 02:45:53'),(255,'slimming-world-vegan-mac-greens',189,'Botble\\Ecommerce\\Models\\Product','products','2024-11-20 02:45:53','2024-11-20 02:45:53'),(256,'haagen-dazs-salted-caramel',190,'Botble\\Ecommerce\\Models\\Product','products','2024-11-20 02:45:53','2024-11-20 02:45:53'),(257,'haagen-dazs-salted-caramel',191,'Botble\\Ecommerce\\Models\\Product','products','2024-11-20 02:45:53','2024-11-20 02:45:53'),(258,'iceland-3-solo-exotic-burst',192,'Botble\\Ecommerce\\Models\\Product','products','2024-11-20 02:45:53','2024-11-20 02:45:53'),(259,'extreme-budweiser-light-can',193,'Botble\\Ecommerce\\Models\\Product','products','2024-11-20 02:45:53','2024-11-20 02:45:53'),(260,'extreme-budweiser-light-can',194,'Botble\\Ecommerce\\Models\\Product','products','2024-11-20 02:45:53','2024-11-20 02:45:53'),(261,'extreme-budweiser-light-can',195,'Botble\\Ecommerce\\Models\\Product','products','2024-11-20 02:45:53','2024-11-20 02:45:53'),(262,'extreme-budweiser-light-can',196,'Botble\\Ecommerce\\Models\\Product','products','2024-11-20 02:45:53','2024-11-20 02:45:53'),(263,'iceland-macaroni-cheese-traybake',197,'Botble\\Ecommerce\\Models\\Product','products','2024-11-20 02:45:53','2024-11-20 02:45:53'),(264,'iceland-macaroni-cheese-traybake',198,'Botble\\Ecommerce\\Models\\Product','products','2024-11-20 02:45:53','2024-11-20 02:45:53'),(265,'dolmio-bolognese-pasta-sauce',199,'Botble\\Ecommerce\\Models\\Product','products','2024-11-20 02:45:53','2024-11-20 02:45:53'),(266,'sitema-bakeit-plastic-box',200,'Botble\\Ecommerce\\Models\\Product','products','2024-11-20 02:45:53','2024-11-20 02:45:53'),(267,'wayfair-basics-dinner-plate-storage',201,'Botble\\Ecommerce\\Models\\Product','products','2024-11-20 02:45:53','2024-11-20 02:45:53'),(268,'miko-the-panda-water-bottle',202,'Botble\\Ecommerce\\Models\\Product','products','2024-11-20 02:45:53','2024-11-20 02:45:53'),(269,'miko-the-panda-water-bottle',203,'Botble\\Ecommerce\\Models\\Product','products','2024-11-20 02:45:53','2024-11-20 02:45:53'),(270,'miko-the-panda-water-bottle',204,'Botble\\Ecommerce\\Models\\Product','products','2024-11-20 02:45:53','2024-11-20 02:45:53'),(271,'miko-the-panda-water-bottle',205,'Botble\\Ecommerce\\Models\\Product','products','2024-11-20 02:45:53','2024-11-20 02:45:53'),(272,'sesame-seed-bread',206,'Botble\\Ecommerce\\Models\\Product','products','2024-11-20 02:45:53','2024-11-20 02:45:53'),(273,'morrisons-the-best-beef',207,'Botble\\Ecommerce\\Models\\Product','products','2024-11-20 02:45:53','2024-11-20 02:45:53'),(274,'morrisons-the-best-beef',208,'Botble\\Ecommerce\\Models\\Product','products','2024-11-20 02:45:53','2024-11-20 02:45:53'),(275,'avocado-hass-large',209,'Botble\\Ecommerce\\Models\\Product','products','2024-11-20 02:45:53','2024-11-20 02:45:53'),(276,'avocado-hass-large',210,'Botble\\Ecommerce\\Models\\Product','products','2024-11-20 02:45:53','2024-11-20 02:45:53'),(277,'avocado-hass-large',211,'Botble\\Ecommerce\\Models\\Product','products','2024-11-20 02:45:53','2024-11-20 02:45:53'),(278,'avocado-hass-large',212,'Botble\\Ecommerce\\Models\\Product','products','2024-11-20 02:45:53','2024-11-20 02:45:53'),(279,'avocado-hass-large',213,'Botble\\Ecommerce\\Models\\Product','products','2024-11-20 02:45:53','2024-11-20 02:45:53'),(280,'italia-beef-lasagne',214,'Botble\\Ecommerce\\Models\\Product','products','2024-11-20 02:45:53','2024-11-20 02:45:53'),(281,'italia-beef-lasagne',215,'Botble\\Ecommerce\\Models\\Product','products','2024-11-20 02:45:53','2024-11-20 02:45:53'),(282,'italia-beef-lasagne',216,'Botble\\Ecommerce\\Models\\Product','products','2024-11-20 02:45:53','2024-11-20 02:45:53'),(283,'italia-beef-lasagne',217,'Botble\\Ecommerce\\Models\\Product','products','2024-11-20 02:45:53','2024-11-20 02:45:53'),(284,'maxwell-house-classic-roast-mocha',218,'Botble\\Ecommerce\\Models\\Product','products','2024-11-20 02:45:53','2024-11-20 02:45:53'),(285,'bottled-pure-water-500ml',219,'Botble\\Ecommerce\\Models\\Product','products','2024-11-20 02:45:53','2024-11-20 02:45:53'),(286,'bottled-pure-water-500ml',220,'Botble\\Ecommerce\\Models\\Product','products','2024-11-20 02:45:53','2024-11-20 02:45:53'),(287,'bottled-pure-water-500ml',221,'Botble\\Ecommerce\\Models\\Product','products','2024-11-20 02:45:53','2024-11-20 02:45:53'),(288,'famart-farmhouse-soft-white',222,'Botble\\Ecommerce\\Models\\Product','products','2024-11-20 02:45:53','2024-11-20 02:45:53'),(289,'famart-farmhouse-soft-white',223,'Botble\\Ecommerce\\Models\\Product','products','2024-11-20 02:45:53','2024-11-20 02:45:53'),(290,'coca-cola-original-taste',224,'Botble\\Ecommerce\\Models\\Product','products','2024-11-20 02:45:53','2024-11-20 02:45:53'),(291,'coca-cola-original-taste',225,'Botble\\Ecommerce\\Models\\Product','products','2024-11-20 02:45:53','2024-11-20 02:45:53'),(292,'coca-cola-original-taste',226,'Botble\\Ecommerce\\Models\\Product','products','2024-11-20 02:45:53','2024-11-20 02:45:53'),(293,'casillero-diablo-cabernet-sauvignon',227,'Botble\\Ecommerce\\Models\\Product','products','2024-11-20 02:45:53','2024-11-20 02:45:53'),(294,'casillero-diablo-cabernet-sauvignon',228,'Botble\\Ecommerce\\Models\\Product','products','2024-11-20 02:45:53','2024-11-20 02:45:53'),(295,'casillero-diablo-cabernet-sauvignon',229,'Botble\\Ecommerce\\Models\\Product','products','2024-11-20 02:45:53','2024-11-20 02:45:53'),(296,'arla-organic-free-range-milk',230,'Botble\\Ecommerce\\Models\\Product','products','2024-11-20 02:45:53','2024-11-20 02:45:53'),(297,'aptamil-follow-on-baby-milk',231,'Botble\\Ecommerce\\Models\\Product','products','2024-11-20 02:45:53','2024-11-20 02:45:53'),(298,'aptamil-follow-on-baby-milk',232,'Botble\\Ecommerce\\Models\\Product','products','2024-11-20 02:45:53','2024-11-20 02:45:53'),(299,'aptamil-follow-on-baby-milk',233,'Botble\\Ecommerce\\Models\\Product','products','2024-11-20 02:45:53','2024-11-20 02:45:53'),(300,'aptamil-follow-on-baby-milk',234,'Botble\\Ecommerce\\Models\\Product','products','2024-11-20 02:45:53','2024-11-20 02:45:53'),(301,'aptamil-follow-on-baby-milk',235,'Botble\\Ecommerce\\Models\\Product','products','2024-11-20 02:45:53','2024-11-20 02:45:53'),(302,'cuisinart-chefs-classic-hard-anodized',236,'Botble\\Ecommerce\\Models\\Product','products','2024-11-20 02:45:53','2024-11-20 02:45:53'),(303,'cuisinart-chefs-classic-hard-anodized',237,'Botble\\Ecommerce\\Models\\Product','products','2024-11-20 02:45:53','2024-11-20 02:45:53'),(304,'cuisinart-chefs-classic-hard-anodized',238,'Botble\\Ecommerce\\Models\\Product','products','2024-11-20 02:45:53','2024-11-20 02:45:53'),(305,'corn-yellow-sweet',239,'Botble\\Ecommerce\\Models\\Product','products','2024-11-20 02:45:53','2024-11-20 02:45:53'),(306,'corn-yellow-sweet',240,'Botble\\Ecommerce\\Models\\Product','products','2024-11-20 02:45:53','2024-11-20 02:45:53'),(307,'corn-yellow-sweet',241,'Botble\\Ecommerce\\Models\\Product','products','2024-11-20 02:45:53','2024-11-20 02:45:53'),(308,'hobnobs-the-nobbly-biscuit',242,'Botble\\Ecommerce\\Models\\Product','products','2024-11-20 02:45:53','2024-11-20 02:45:53'),(309,'hobnobs-the-nobbly-biscuit',243,'Botble\\Ecommerce\\Models\\Product','products','2024-11-20 02:45:53','2024-11-20 02:45:53'),(310,'honest-organic-still-lemonade',244,'Botble\\Ecommerce\\Models\\Product','products','2024-11-20 02:45:53','2024-11-20 02:45:53'),(311,'honest-organic-still-lemonade',245,'Botble\\Ecommerce\\Models\\Product','products','2024-11-20 02:45:53','2024-11-20 02:45:53'),(312,'ice-becks-beer-350ml-x-24-pieces',246,'Botble\\Ecommerce\\Models\\Product','products','2024-11-20 02:45:53','2024-11-20 02:45:53'),(313,'iceland-6-hot-cross-buns',247,'Botble\\Ecommerce\\Models\\Product','products','2024-11-20 02:45:53','2024-11-20 02:45:53'),(314,'iceland-6-hot-cross-buns',248,'Botble\\Ecommerce\\Models\\Product','products','2024-11-20 02:45:53','2024-11-20 02:45:53'),(315,'iceland-6-hot-cross-buns',249,'Botble\\Ecommerce\\Models\\Product','products','2024-11-20 02:45:53','2024-11-20 02:45:53'),(316,'iceland-luxury-4-panini-rolls',250,'Botble\\Ecommerce\\Models\\Product','products','2024-11-20 02:45:53','2024-11-20 02:45:53'),(317,'iceland-luxury-4-panini-rolls',251,'Botble\\Ecommerce\\Models\\Product','products','2024-11-20 02:45:53','2024-11-20 02:45:53'),(318,'iceland-luxury-4-panini-rolls',252,'Botble\\Ecommerce\\Models\\Product','products','2024-11-20 02:45:53','2024-11-20 02:45:53'),(319,'iceland-soft-scoop-vanilla',253,'Botble\\Ecommerce\\Models\\Product','products','2024-11-20 02:45:53','2024-11-20 02:45:53'),(320,'iceland-soft-scoop-vanilla',254,'Botble\\Ecommerce\\Models\\Product','products','2024-11-20 02:45:53','2024-11-20 02:45:53'),(321,'iceland-spaghetti-bolognese',255,'Botble\\Ecommerce\\Models\\Product','products','2024-11-20 02:45:53','2024-11-20 02:45:53'),(322,'kelloggs-coco-pops-cereal',256,'Botble\\Ecommerce\\Models\\Product','products','2024-11-20 02:45:53','2024-11-20 02:45:53'),(323,'kelloggs-coco-pops-cereal',257,'Botble\\Ecommerce\\Models\\Product','products','2024-11-20 02:45:53','2024-11-20 02:45:53'),(324,'kit-kat-chunky-milk-chocolate',258,'Botble\\Ecommerce\\Models\\Product','products','2024-11-20 02:45:53','2024-11-20 02:45:53'),(325,'large-green-bell-pepper',259,'Botble\\Ecommerce\\Models\\Product','products','2024-11-20 02:45:53','2024-11-20 02:45:53'),(326,'large-green-bell-pepper',260,'Botble\\Ecommerce\\Models\\Product','products','2024-11-20 02:45:53','2024-11-20 02:45:53'),(327,'pice-94w-beasley-journal',261,'Botble\\Ecommerce\\Models\\Product','products','2024-11-20 02:45:53','2024-11-20 02:45:53'),(328,'pice-94w-beasley-journal',262,'Botble\\Ecommerce\\Models\\Product','products','2024-11-20 02:45:53','2024-11-20 02:45:53'),(329,'pice-94w-beasley-journal',263,'Botble\\Ecommerce\\Models\\Product','products','2024-11-20 02:45:53','2024-11-20 02:45:53'),(330,'province-piece-glass-drinking-glass',264,'Botble\\Ecommerce\\Models\\Product','products','2024-11-20 02:45:53','2024-11-20 02:45:53'),(331,'province-piece-glass-drinking-glass',265,'Botble\\Ecommerce\\Models\\Product','products','2024-11-20 02:45:53','2024-11-20 02:45:53'),(332,'rosalina-d-willson',1,'Botble\\Team\\Models\\Team','teams','2024-11-20 02:45:53','2024-11-20 02:45:53'),(333,'ukolilix-x-xilanorix',2,'Botble\\Team\\Models\\Team','teams','2024-11-20 02:45:53','2024-11-20 02:45:53'),(334,'alonso-m-miklonax',3,'Botble\\Team\\Models\\Team','teams','2024-11-20 02:45:53','2024-11-20 02:45:53'),(335,'miranda-h-halim',4,'Botble\\Team\\Models\\Team','teams','2024-11-20 02:45:53','2024-11-20 02:45:53');
/*!40000 ALTER TABLE `slugs` ENABLE KEYS */;
UNLOCK TABLES;

--
-- Table structure for table `slugs_translations`
--

DROP TABLE IF EXISTS `slugs_translations`;
/*!40101 SET @saved_cs_client     = @@character_set_client */;
/*!40101 SET character_set_client = utf8 */;
CREATE TABLE `slugs_translations` (
  `lang_code` varchar(20) COLLATE utf8mb4_unicode_ci NOT NULL,
  `slugs_id` bigint unsigned NOT NULL,
  `key` varchar(191) COLLATE utf8mb4_unicode_ci DEFAULT NULL,
  `prefix` varchar(120) COLLATE utf8mb4_unicode_ci DEFAULT '',
  PRIMARY KEY (`lang_code`,`slugs_id`)
) ENGINE=InnoDB DEFAULT CHARSET=utf8mb4 COLLATE=utf8mb4_unicode_ci;
/*!40101 SET character_set_client = @saved_cs_client */;

--
-- Dumping data for table `slugs_translations`
--

LOCK TABLES `slugs_translations` WRITE;
/*!40000 ALTER TABLE `slugs_translations` DISABLE KEYS */;
/*!40000 ALTER TABLE `slugs_translations` ENABLE KEYS */;
UNLOCK TABLES;

--
-- Table structure for table `states`
--

DROP TABLE IF EXISTS `states`;
/*!40101 SET @saved_cs_client     = @@character_set_client */;
/*!40101 SET character_set_client = utf8 */;
CREATE TABLE `states` (
  `id` bigint unsigned NOT NULL AUTO_INCREMENT,
  `name` varchar(120) COLLATE utf8mb4_unicode_ci NOT NULL,
  `slug` varchar(120) COLLATE utf8mb4_unicode_ci DEFAULT NULL,
  `abbreviation` varchar(10) COLLATE utf8mb4_unicode_ci DEFAULT NULL,
  `country_id` bigint unsigned DEFAULT NULL,
  `order` tinyint NOT NULL DEFAULT '0',
  `image` varchar(191) COLLATE utf8mb4_unicode_ci DEFAULT NULL,
  `is_default` tinyint unsigned NOT NULL DEFAULT '0',
  `status` varchar(60) COLLATE utf8mb4_unicode_ci NOT NULL DEFAULT 'published',
  `created_at` timestamp NULL DEFAULT NULL,
  `updated_at` timestamp NULL DEFAULT NULL,
  PRIMARY KEY (`id`),
  UNIQUE KEY `states_slug_unique` (`slug`)
) ENGINE=InnoDB DEFAULT CHARSET=utf8mb4 COLLATE=utf8mb4_unicode_ci;
/*!40101 SET character_set_client = @saved_cs_client */;

--
-- Dumping data for table `states`
--

LOCK TABLES `states` WRITE;
/*!40000 ALTER TABLE `states` DISABLE KEYS */;
/*!40000 ALTER TABLE `states` ENABLE KEYS */;
UNLOCK TABLES;

--
-- Table structure for table `states_translations`
--

DROP TABLE IF EXISTS `states_translations`;
/*!40101 SET @saved_cs_client     = @@character_set_client */;
/*!40101 SET character_set_client = utf8 */;
CREATE TABLE `states_translations` (
  `lang_code` varchar(20) COLLATE utf8mb4_unicode_ci NOT NULL,
  `states_id` bigint unsigned NOT NULL,
  `name` varchar(120) COLLATE utf8mb4_unicode_ci DEFAULT NULL,
  `slug` varchar(120) COLLATE utf8mb4_unicode_ci DEFAULT NULL,
  `abbreviation` varchar(10) COLLATE utf8mb4_unicode_ci DEFAULT NULL,
  PRIMARY KEY (`lang_code`,`states_id`)
) ENGINE=InnoDB DEFAULT CHARSET=utf8mb4 COLLATE=utf8mb4_unicode_ci;
/*!40101 SET character_set_client = @saved_cs_client */;

--
-- Dumping data for table `states_translations`
--

LOCK TABLES `states_translations` WRITE;
/*!40000 ALTER TABLE `states_translations` DISABLE KEYS */;
/*!40000 ALTER TABLE `states_translations` ENABLE KEYS */;
UNLOCK TABLES;

--
-- Table structure for table `tags`
--

DROP TABLE IF EXISTS `tags`;
/*!40101 SET @saved_cs_client     = @@character_set_client */;
/*!40101 SET character_set_client = utf8 */;
CREATE TABLE `tags` (
  `id` bigint unsigned NOT NULL AUTO_INCREMENT,
  `name` varchar(120) COLLATE utf8mb4_unicode_ci NOT NULL,
  `author_id` bigint unsigned DEFAULT NULL,
  `author_type` varchar(191) COLLATE utf8mb4_unicode_ci NOT NULL DEFAULT 'Botble\\ACL\\Models\\User',
  `description` varchar(400) COLLATE utf8mb4_unicode_ci DEFAULT NULL,
  `status` varchar(60) COLLATE utf8mb4_unicode_ci NOT NULL DEFAULT 'published',
  `created_at` timestamp NULL DEFAULT NULL,
  `updated_at` timestamp NULL DEFAULT NULL,
  PRIMARY KEY (`id`)
) ENGINE=InnoDB AUTO_INCREMENT=6 DEFAULT CHARSET=utf8mb4 COLLATE=utf8mb4_unicode_ci;
/*!40101 SET character_set_client = @saved_cs_client */;

--
-- Dumping data for table `tags`
--

LOCK TABLES `tags` WRITE;
/*!40000 ALTER TABLE `tags` DISABLE KEYS */;
INSERT INTO `tags` VALUES (1,'General',NULL,'Botble\\ACL\\Models\\User',NULL,'published','2024-11-20 02:45:29','2024-11-20 02:45:29'),(2,'Design',NULL,'Botble\\ACL\\Models\\User',NULL,'published','2024-11-20 02:45:29','2024-11-20 02:45:29'),(3,'Fashion',NULL,'Botble\\ACL\\Models\\User',NULL,'published','2024-11-20 02:45:29','2024-11-20 02:45:29'),(4,'Branding',NULL,'Botble\\ACL\\Models\\User',NULL,'published','2024-11-20 02:45:29','2024-11-20 02:45:29'),(5,'Modern',NULL,'Botble\\ACL\\Models\\User',NULL,'published','2024-11-20 02:45:29','2024-11-20 02:45:29');
/*!40000 ALTER TABLE `tags` ENABLE KEYS */;
UNLOCK TABLES;

--
-- Table structure for table `tags_translations`
--

DROP TABLE IF EXISTS `tags_translations`;
/*!40101 SET @saved_cs_client     = @@character_set_client */;
/*!40101 SET character_set_client = utf8 */;
CREATE TABLE `tags_translations` (
  `lang_code` varchar(20) COLLATE utf8mb4_unicode_ci NOT NULL,
  `tags_id` bigint unsigned NOT NULL,
  `name` varchar(191) COLLATE utf8mb4_unicode_ci DEFAULT NULL,
  `description` varchar(400) COLLATE utf8mb4_unicode_ci DEFAULT NULL,
  PRIMARY KEY (`lang_code`,`tags_id`)
) ENGINE=InnoDB DEFAULT CHARSET=utf8mb4 COLLATE=utf8mb4_unicode_ci;
/*!40101 SET character_set_client = @saved_cs_client */;

--
-- Dumping data for table `tags_translations`
--

LOCK TABLES `tags_translations` WRITE;
/*!40000 ALTER TABLE `tags_translations` DISABLE KEYS */;
/*!40000 ALTER TABLE `tags_translations` ENABLE KEYS */;
UNLOCK TABLES;

--
-- Table structure for table `teams`
--

DROP TABLE IF EXISTS `teams`;
/*!40101 SET @saved_cs_client     = @@character_set_client */;
/*!40101 SET character_set_client = utf8 */;
CREATE TABLE `teams` (
  `id` bigint unsigned NOT NULL AUTO_INCREMENT,
  `name` varchar(191) COLLATE utf8mb4_unicode_ci NOT NULL,
  `photo` varchar(191) COLLATE utf8mb4_unicode_ci DEFAULT NULL,
  `title` varchar(191) COLLATE utf8mb4_unicode_ci DEFAULT NULL,
  `location` varchar(191) COLLATE utf8mb4_unicode_ci DEFAULT NULL,
  `socials` varchar(191) COLLATE utf8mb4_unicode_ci DEFAULT NULL,
  `status` varchar(60) COLLATE utf8mb4_unicode_ci NOT NULL DEFAULT 'published',
  `created_at` timestamp NULL DEFAULT NULL,
  `updated_at` timestamp NULL DEFAULT NULL,
  `content` longtext COLLATE utf8mb4_unicode_ci,
  `phone` varchar(15) COLLATE utf8mb4_unicode_ci DEFAULT NULL,
  `email` varchar(191) COLLATE utf8mb4_unicode_ci DEFAULT NULL,
  `address` varchar(191) COLLATE utf8mb4_unicode_ci DEFAULT NULL,
  `website` varchar(191) COLLATE utf8mb4_unicode_ci DEFAULT NULL,
  `description` varchar(400) COLLATE utf8mb4_unicode_ci DEFAULT NULL,
  PRIMARY KEY (`id`)
) ENGINE=InnoDB AUTO_INCREMENT=5 DEFAULT CHARSET=utf8mb4 COLLATE=utf8mb4_unicode_ci;
/*!40101 SET character_set_client = @saved_cs_client */;

--
-- Dumping data for table `teams`
--

LOCK TABLES `teams` WRITE;
/*!40000 ALTER TABLE `teams` DISABLE KEYS */;
INSERT INTO `teams` VALUES (1,'Rosalina D. Willson','testimonials/team-1.jpg','Founder','USA',NULL,'published','2024-11-20 02:45:52','2024-11-20 02:45:52',NULL,NULL,NULL,NULL,NULL,NULL),(2,'Ukolilix X. Xilanorix','testimonials/team-2.jpg','CEO','Qatar',NULL,'published','2024-11-20 02:45:52','2024-11-20 02:45:52',NULL,NULL,NULL,NULL,NULL,NULL),(3,'Alonso M. Miklonax','testimonials/team-3.jpg','Designer','India',NULL,'published','2024-11-20 02:45:52','2024-11-20 02:45:52',NULL,NULL,NULL,NULL,NULL,NULL),(4,'Miranda H. Halim','testimonials/team-4.jpg','Developer','China',NULL,'published','2024-11-20 02:45:52','2024-11-20 02:45:52',NULL,NULL,NULL,NULL,NULL,NULL);
/*!40000 ALTER TABLE `teams` ENABLE KEYS */;
UNLOCK TABLES;

--
-- Table structure for table `teams_translations`
--

DROP TABLE IF EXISTS `teams_translations`;
/*!40101 SET @saved_cs_client     = @@character_set_client */;
/*!40101 SET character_set_client = utf8 */;
CREATE TABLE `teams_translations` (
  `lang_code` varchar(191) COLLATE utf8mb4_unicode_ci NOT NULL,
  `teams_id` int NOT NULL,
  `name` varchar(191) COLLATE utf8mb4_unicode_ci NOT NULL,
  `title` varchar(191) COLLATE utf8mb4_unicode_ci DEFAULT NULL,
  `location` varchar(191) COLLATE utf8mb4_unicode_ci DEFAULT NULL,
  `content` longtext COLLATE utf8mb4_unicode_ci,
  `address` varchar(191) COLLATE utf8mb4_unicode_ci DEFAULT NULL,
  PRIMARY KEY (`lang_code`,`teams_id`)
) ENGINE=InnoDB DEFAULT CHARSET=utf8mb4 COLLATE=utf8mb4_unicode_ci;
/*!40101 SET character_set_client = @saved_cs_client */;

--
-- Dumping data for table `teams_translations`
--

LOCK TABLES `teams_translations` WRITE;
/*!40000 ALTER TABLE `teams_translations` DISABLE KEYS */;
/*!40000 ALTER TABLE `teams_translations` ENABLE KEYS */;
UNLOCK TABLES;

--
-- Table structure for table `testimonials`
--

DROP TABLE IF EXISTS `testimonials`;
/*!40101 SET @saved_cs_client     = @@character_set_client */;
/*!40101 SET character_set_client = utf8 */;
CREATE TABLE `testimonials` (
  `id` bigint unsigned NOT NULL AUTO_INCREMENT,
  `name` varchar(120) COLLATE utf8mb4_unicode_ci NOT NULL,
  `content` text COLLATE utf8mb4_unicode_ci NOT NULL,
  `image` varchar(255) COLLATE utf8mb4_unicode_ci DEFAULT NULL,
  `company` varchar(120) COLLATE utf8mb4_unicode_ci DEFAULT NULL,
  `status` varchar(60) COLLATE utf8mb4_unicode_ci NOT NULL DEFAULT 'published',
  `created_at` timestamp NULL DEFAULT NULL,
  `updated_at` timestamp NULL DEFAULT NULL,
  PRIMARY KEY (`id`)
) ENGINE=InnoDB AUTO_INCREMENT=5 DEFAULT CHARSET=utf8mb4 COLLATE=utf8mb4_unicode_ci;
/*!40101 SET character_set_client = @saved_cs_client */;

--
-- Dumping data for table `testimonials`
--

LOCK TABLES `testimonials` WRITE;
/*!40000 ALTER TABLE `testimonials` DISABLE KEYS */;
INSERT INTO `testimonials` VALUES (1,'Guy Hawkins','Five stars! Their cosmetics are magic. Transformed my skin, enhanced my beauty. A go-to for quality and results ⭐⭐⭐⭐⭐','testimonials/avatar-1.png','Bank of America','published','2024-11-20 02:45:52','2024-11-20 02:45:52'),(2,'Eleanor Pena','Top-notch! 5 stars. Makeup, skincare, all exceptional. Delighted with my purchases. A must-visit for every beauty enthusiast! ⭐⭐⭐⭐⭐','testimonials/avatar-2.png','Nintendo','published','2024-11-20 02:45:52','2024-11-20 02:45:52'),(3,'Cody Fisher','Thrilled with results! 5 stars. Solved my sensitive skin issues. The cosmetics shop is a gem. Highly recommended. ⭐⭐⭐⭐⭐','testimonials/avatar-3.png','Starbucks','published','2024-11-20 02:45:52','2024-11-20 02:45:52'),(4,'Albert Flores','Wedding day savior! 5 stars. Their bridal collection is a game-changer. Made me feel like a star. Impressed beyond words. ⭐⭐⭐⭐⭐','testimonials/avatar-4.png','Bank of America','published','2024-11-20 02:45:52','2024-11-20 02:45:52');
/*!40000 ALTER TABLE `testimonials` ENABLE KEYS */;
UNLOCK TABLES;

--
-- Table structure for table `testimonials_translations`
--

DROP TABLE IF EXISTS `testimonials_translations`;
/*!40101 SET @saved_cs_client     = @@character_set_client */;
/*!40101 SET character_set_client = utf8 */;
CREATE TABLE `testimonials_translations` (
  `lang_code` varchar(191) COLLATE utf8mb4_unicode_ci NOT NULL,
  `testimonials_id` bigint unsigned NOT NULL,
  `name` varchar(255) COLLATE utf8mb4_unicode_ci DEFAULT NULL,
  `content` text COLLATE utf8mb4_unicode_ci,
  `company` varchar(120) COLLATE utf8mb4_unicode_ci DEFAULT NULL,
  PRIMARY KEY (`lang_code`,`testimonials_id`)
) ENGINE=InnoDB DEFAULT CHARSET=utf8mb4 COLLATE=utf8mb4_unicode_ci;
/*!40101 SET character_set_client = @saved_cs_client */;

--
-- Dumping data for table `testimonials_translations`
--

LOCK TABLES `testimonials_translations` WRITE;
/*!40000 ALTER TABLE `testimonials_translations` DISABLE KEYS */;
/*!40000 ALTER TABLE `testimonials_translations` ENABLE KEYS */;
UNLOCK TABLES;

--
-- Table structure for table `user_meta`
--

DROP TABLE IF EXISTS `user_meta`;
/*!40101 SET @saved_cs_client     = @@character_set_client */;
/*!40101 SET character_set_client = utf8 */;
CREATE TABLE `user_meta` (
  `id` bigint unsigned NOT NULL AUTO_INCREMENT,
  `key` varchar(120) COLLATE utf8mb4_unicode_ci DEFAULT NULL,
  `value` text COLLATE utf8mb4_unicode_ci,
  `user_id` bigint unsigned NOT NULL,
  `created_at` timestamp NULL DEFAULT NULL,
  `updated_at` timestamp NULL DEFAULT NULL,
  PRIMARY KEY (`id`),
  KEY `user_meta_user_id_index` (`user_id`)
) ENGINE=InnoDB DEFAULT CHARSET=utf8mb4 COLLATE=utf8mb4_unicode_ci;
/*!40101 SET character_set_client = @saved_cs_client */;

--
-- Dumping data for table `user_meta`
--

LOCK TABLES `user_meta` WRITE;
/*!40000 ALTER TABLE `user_meta` DISABLE KEYS */;
/*!40000 ALTER TABLE `user_meta` ENABLE KEYS */;
UNLOCK TABLES;

--
-- Table structure for table `users`
--

DROP TABLE IF EXISTS `users`;
/*!40101 SET @saved_cs_client     = @@character_set_client */;
/*!40101 SET character_set_client = utf8 */;
CREATE TABLE `users` (
  `id` bigint unsigned NOT NULL AUTO_INCREMENT,
  `email` varchar(191) COLLATE utf8mb4_unicode_ci NOT NULL,
  `email_verified_at` timestamp NULL DEFAULT NULL,
  `password` varchar(120) COLLATE utf8mb4_unicode_ci DEFAULT NULL,
  `remember_token` varchar(100) COLLATE utf8mb4_unicode_ci DEFAULT NULL,
  `created_at` timestamp NULL DEFAULT NULL,
  `updated_at` timestamp NULL DEFAULT NULL,
  `first_name` varchar(120) COLLATE utf8mb4_unicode_ci DEFAULT NULL,
  `last_name` varchar(120) COLLATE utf8mb4_unicode_ci DEFAULT NULL,
  `username` varchar(60) COLLATE utf8mb4_unicode_ci DEFAULT NULL,
  `avatar_id` bigint unsigned DEFAULT NULL,
  `super_user` tinyint(1) NOT NULL DEFAULT '0',
  `manage_supers` tinyint(1) NOT NULL DEFAULT '0',
  `permissions` text COLLATE utf8mb4_unicode_ci,
  `last_login` timestamp NULL DEFAULT NULL,
  PRIMARY KEY (`id`),
  UNIQUE KEY `users_email_unique` (`email`),
  UNIQUE KEY `users_username_unique` (`username`)
) ENGINE=InnoDB AUTO_INCREMENT=2 DEFAULT CHARSET=utf8mb4 COLLATE=utf8mb4_unicode_ci;
/*!40101 SET character_set_client = @saved_cs_client */;

--
-- Dumping data for table `users`
--

LOCK TABLES `users` WRITE;
/*!40000 ALTER TABLE `users` DISABLE KEYS */;
INSERT INTO `users` VALUES (1,'jacobi.suzanne@considine.org',NULL,'$2y$12$0ZsFpRK6X2q.7vNG5qddre/TC6.fqI0CJ/dFqEPOyCSvBwo5QYUXq',NULL,'2024-11-20 02:45:27','2024-11-20 02:45:27','Burdette','Braun','admin',NULL,1,1,NULL,NULL);
/*!40000 ALTER TABLE `users` ENABLE KEYS */;
UNLOCK TABLES;

--
-- Table structure for table `widgets`
--

DROP TABLE IF EXISTS `widgets`;
/*!40101 SET @saved_cs_client     = @@character_set_client */;
/*!40101 SET character_set_client = utf8 */;
CREATE TABLE `widgets` (
  `id` bigint unsigned NOT NULL AUTO_INCREMENT,
  `widget_id` varchar(120) COLLATE utf8mb4_unicode_ci NOT NULL,
  `sidebar_id` varchar(120) COLLATE utf8mb4_unicode_ci NOT NULL,
  `theme` varchar(120) COLLATE utf8mb4_unicode_ci NOT NULL,
  `position` tinyint unsigned NOT NULL DEFAULT '0',
  `data` text COLLATE utf8mb4_unicode_ci,
  `created_at` timestamp NULL DEFAULT NULL,
  `updated_at` timestamp NULL DEFAULT NULL,
  PRIMARY KEY (`id`)
) ENGINE=InnoDB AUTO_INCREMENT=15 DEFAULT CHARSET=utf8mb4 COLLATE=utf8mb4_unicode_ci;
/*!40101 SET character_set_client = @saved_cs_client */;

--
-- Dumping data for table `widgets`
--

LOCK TABLES `widgets` WRITE;
/*!40000 ALTER TABLE `widgets` DISABLE KEYS */;
INSERT INTO `widgets` VALUES (1,'SiteInfoWidget','footer_sidebar','ninico',0,'{\"description\":\"Elegant pink origami design three dimensional view and decoration co-exist. Great for adding a decorative touch to any room\\u2019s decor.\",\"logo\":null}','2024-11-20 02:45:35','2024-11-20 02:45:35'),(2,'CustomMenuWidget','footer_sidebar','ninico',1,'{\"name\":\"Information\",\"menu_id\":\"information\"}','2024-11-20 02:45:35','2024-11-20 02:45:35'),(3,'CustomMenuWidget','footer_sidebar','ninico',2,'{\"name\":\"My Account\",\"menu_id\":\"my-account\"}','2024-11-20 02:45:35','2024-11-20 02:45:35'),(4,'CustomMenuWidget','footer_sidebar','ninico',3,'{\"name\":\"Social Network\",\"menu_id\":\"social-network\"}','2024-11-20 02:45:35','2024-11-20 02:45:35'),(5,'NewsletterWidget','footer_sidebar','ninico',4,'[]','2024-11-20 02:45:35','2024-11-20 02:45:35'),(6,'CtaContactWidget','footer_middle_sidebar','ninico',1,'[]','2024-11-20 02:45:35','2024-11-20 02:45:35'),(7,'DownloadAppsWidget','footer_middle_sidebar','ninico',2,'{\"ios_image\":\"general\\/f-app.jpg\",\"android_image\":\"general\\/f-google.jpg\"}','2024-11-20 02:45:35','2024-11-20 02:45:35'),(8,'SiteCopyrightWidget','footer_bottom_sidebar','ninico',0,'{\"description\":\"Copyright 2024 \\u00a9 Ninico. All rights reserved. Powered by Botble.\"}','2024-11-20 02:45:35','2024-11-20 02:45:35'),(9,'SiteAcceptedPaymentsWidget','footer_bottom_sidebar','ninico',1,'{\"image\":\"general\\/f-brand-icon-01.png\",\"url\":\"\\/\"}','2024-11-20 02:45:35','2024-11-20 02:45:35'),(10,'BlogSearchWidget','blog_sidebar','ninico',1,'{\"name\":\"Search\"}','2024-11-20 02:45:35','2024-11-20 02:45:35'),(11,'BlogCategoriesWidget','blog_sidebar','ninico',2,'{\"name\":\"Categories\"}','2024-11-20 02:45:35','2024-11-20 02:45:35'),(12,'BlogPostsWidget','blog_sidebar','ninico',3,'{\"name\":\"Recent Posts\",\"type\":\"recent\"}','2024-11-20 02:45:35','2024-11-20 02:45:35'),(13,'BlogTagsWidget','blog_sidebar','ninico',4,'{\"name\":\"Popular Tag\"}','2024-11-20 02:45:35','2024-11-20 02:45:35'),(14,'SiteFeaturesWidget','product_detail_sidebar','ninico',1,'{\"id\":\"SiteFeaturesWidget\",\"title\":\"Site Features\",\"data\":{\"1\":{\"icon\":\"icons\\/product-det-1.png\",\"text\":\"Free Shipping apply to all orders over $100\"},\"2\":{\"icon\":\"icons\\/product-det-2.png\",\"text\":\"Guaranteed 100% Organic from natural farms\"},\"3\":{\"icon\":\"icons\\/product-det-3.png\",\"text\":\"1 Day Returns if you change your mind\"},\"4\":{\"icon\":\"icons\\/product-det-4.png\",\"text\":\"Covid-19 Info: We keep delivering.\"}}}','2024-11-20 02:45:35','2024-11-20 02:45:35');
/*!40000 ALTER TABLE `widgets` ENABLE KEYS */;
UNLOCK TABLES;
/*!40103 SET TIME_ZONE=@OLD_TIME_ZONE */;

/*!40101 SET SQL_MODE=@OLD_SQL_MODE */;
/*!40014 SET FOREIGN_KEY_CHECKS=@OLD_FOREIGN_KEY_CHECKS */;
/*!40014 SET UNIQUE_CHECKS=@OLD_UNIQUE_CHECKS */;
/*!40101 SET CHARACTER_SET_CLIENT=@OLD_CHARACTER_SET_CLIENT */;
/*!40101 SET CHARACTER_SET_RESULTS=@OLD_CHARACTER_SET_RESULTS */;
/*!40101 SET COLLATION_CONNECTION=@OLD_COLLATION_CONNECTION */;
/*!40111 SET SQL_NOTES=@OLD_SQL_NOTES */;

-- Dump completed on 2024-11-20 16:45:55
